rank,word,count,doc_count
1,the,75763,14200
2,and,20053,9399
3,what,9215,8674
4,figure,8621,6933
5,shown,8123,7581
6,point,7345,3368
7,with,5291,3748
8,are,4699,3534
9,that,3320,2718
10,from,2573,1924
11,line,2521,1647
12,length,2240,1949
13,diagram,2220,2079
14,image1,2162,2161
15,this,2119,1731
16,for,2034,1707
17,find,2032,1896
18,which,1992,1895
19,area,1964,1537
20,two,1939,1469
21,image,1810,1212
22,points,1754,1387
23,abc,1634,1288
24,when,1599,1320
25,structure,1514,829
26,has,1476,1284
27,axis,1448,747
28,side,1445,1054
29,state,1445,1053
30,between,1435,1073
31,value,1298,1205
32,intersects,1270,919
33,read,1254,1249
34,square,1226,825
35,respectively,1202,1122
36,each,1185,913
37,abcd,1167,1003
38,answer,1163,1146
39,certain,1147,1035
40,time,1145,828
41,circuit,1127,958
42,then,1121,1083
43,how,1109,1067
44,number,1100,928
45,through,1083,940
46,given,1072,1005
47,transition,1057,725
48,one,1035,889
49,field,1012,449
50,below,1008,988
51,small,977,550
52,its,971,804
53,can,959,786
54,mass,959,654
55,measure,941,932
56,does,940,914
57,all,936,874
58,following,905,833
59,right,903,734
60,voltage,901,569
61,after,895,749
62,region,894,704
63,graph,892,651
64,where,874,811
65,circle,869,593
66,force,863,545
67,according,837,829
68,magnetic,834,292
69,system,822,671
70,direction,820,615
71,segment,812,517
72,magnitude,805,548
73,angle,804,659
74,function,801,544
75,same,797,678
76,along,781,687
77,known,780,759
78,horizontal,775,522
79,triangle,762,569
80,arrows,748,745
81,have,741,708
82,three,739,598
83,velocity,737,473
84,place,713,558
85,plane,710,444
86,radius,708,563
87,rectangle,705,505
88,current,703,507
89,distance,701,553
90,there,690,602
91,speed,682,462
92,expression,675,662
93,total,670,633
94,bonds,666,334
95,water,652,338
96,china,639,510
97,midpoint,629,548
98,shows,629,614
99,ball,623,187
100,resistance,601,428
101,into,597,532
102,four,594,498
103,calculate,590,556
104,uniform,578,443
105,during,576,460
106,connected,572,480
107,perpendicular,571,492
108,placed,571,489
109,not,557,500
110,question,553,549
111,above,552,511
112,power,551,351
113,constant,550,449
114,sides,547,493
115,surface,547,363
116,many,537,519
117,electric,532,242
118,will,532,482
119,coordinate,522,437
120,intersect,514,484
121,acceleration,506,376
122,quadrilateral,504,416
123,consider,498,496
124,population,495,288
125,light,494,270
126,numbers,488,287
127,schematic,485,475
128,block,484,162
129,maximum,484,415
130,smiles,478,478
131,such,478,425
132,moving,477,421
133,output,477,388
134,ground,476,288
135,center,472,380
136,temperature,472,303
137,was,472,332
138,but,470,469
139,located,469,439
140,type,459,412
141,lines,453,370
142,object,453,168
143,connect,450,382
144,determine,449,353
145,rod,449,137
146,table,442,277
147,first,437,366
148,single,437,433
149,change,433,390
150,ratio,433,394
151,different,429,387
152,coordinates,427,369
153,map,426,409
154,equal,425,380
155,long,425,311
156,end,422,287
157,other,422,390
158,friction,420,256
159,squares,419,289
160,height,416,328
161,distribution,409,354
162,coil,408,134
163,ignoring,403,403
164,charge,401,257
165,energy,400,276
166,food,398,369
167,both,395,344
168,motion,392,289
169,parabola,391,195
170,diameter,385,348
171,process,382,318
172,perimeter,378,311
173,drawn,376,327
174,present,376,374
175,most,374,367
176,passes,372,354
177,degree,369,365
178,river,367,214
179,circular,362,220
180,large,360,297
181,those,360,359
182,components,358,356
183,double,358,352
184,including,357,356
185,electron,356,161
186,hydrogen,354,348
187,vertical,353,284
188,rest,352,307
189,left,351,296
190,air,350,242
191,minimum,345,323
192,involving,340,340
193,let,340,302
194,excluding,339,339
195,within,334,325
196,disregard,333,333
197,main,333,322
198,triple,329,329
199,linear,328,262
200,parallel,328,284
201,city,326,228
202,car,325,75
203,positive,325,257
204,rhombus,325,252
205,solution,325,253
206,changes,324,281
207,based,323,317
208,used,323,309
209,paper,318,213
210,shaded,318,290
211,cartesian,316,313
212,particle,315,117
213,their,312,287
214,straight,309,257
215,than,309,272
216,bisects,307,266
217,gas,307,121
218,around,305,281
219,pressure,305,193
220,circles,303,172
221,should,298,280
222,please,297,289
223,being,295,270
224,fixed,292,256
225,ideal,292,261
226,set,291,259
227,position,289,233
228,proportion,288,221
229,moves,287,246
230,sum,287,225
231,unit,285,250
232,coefficient,280,227
233,about,279,257
234,high,278,203
235,inside,277,233
236,average,276,219
237,metal,275,117
238,conditions,273,251
239,part,271,252
240,inclined,270,111
241,day,269,188
242,land,268,189
243,note,266,265
244,areas,265,248
245,relationship,262,248
246,input,261,216
247,kinetic,260,192
248,source,256,210
249,acb,255,247
250,were,255,192
251,earth,253,119
252,gravitational,251,212
253,track,251,66
254,assume,250,218
255,period,250,209
256,spring,250,101
257,top,250,192
258,places,248,213
259,vertices,248,217
260,rate,247,183
261,cylinder,246,71
262,using,246,235
263,wire,246,107
264,bisector,245,207
265,initial,245,213
266,second,245,203
267,base,243,183
268,tangent,242,209
269,country,238,175
270,equilateral,238,205
271,web,238,230
272,represents,234,192
273,triangles,234,167
274,some,232,219
275,use,231,211
276,out,229,208
277,bac,226,213
278,half,226,157
279,only,226,212
280,form,225,212
281,move,225,195
282,these,225,211
283,moment,224,190
284,flow,223,206
285,induction,223,182
286,would,223,214
287,been,222,204
288,under,222,208
289,vertex,222,191
290,values,221,207
291,aob,220,170
292,level,220,187
293,among,219,215
294,range,219,212
295,potential,218,134
296,inverse,216,162
297,midpoints,216,207
298,common,213,212
299,chart,212,172
300,questions,211,210
301,diagonal,210,195
302,negligible,210,198
303,closed,208,182
304,down,208,177
305,likely,208,207
306,they,208,192
307,rectangular,207,167
308,rope,207,89
309,starts,207,183
310,she,206,131
311,edge,205,148
312,over,205,182
313,folded,204,197
314,intersecting,204,187
315,ring,204,66
316,curve,203,154
317,terms,203,189
318,exactly,202,190
319,off,202,169
320,data,199,174
321,arc,198,150
322,equation,198,186
323,made,198,182
324,bottom,197,144
325,development,197,168
326,load,196,141
327,smooth,196,169
328,precipitation,195,151
329,represent,194,180
330,taken,194,188
331,diagonals,193,188
332,directly,193,190
333,cell,192,125
334,may,192,176
335,wooden,192,68
336,just,191,174
337,stage,191,173
338,uniformly,191,156
339,volume,191,130
340,switch,189,131
341,cycle,188,154
342,difference,188,169
343,order,188,173
344,also,187,182
345,cube,187,89
346,reaches,187,167
347,write,187,173
348,belt,186,65
349,gravity,186,167
350,across,185,156
351,before,185,161
352,choose,185,184
353,inequality,185,164
354,any,184,171
355,meters,184,125
356,due,183,168
357,regions,183,151
358,amount,182,152
359,frequency,182,136
360,reason,182,182
361,section,182,154
362,times,182,165
363,array,181,94
364,reaction,181,129
365,resistor,180,138
366,altitude,179,155
367,density,178,146
368,while,178,170
369,extension,177,172
370,per,177,144
371,inscribed,176,161
372,horizontally,175,156
373,factor,174,163
374,supply,173,138
375,applied,172,153
376,degrees,172,169
377,signal,172,127
378,slope,171,90
379,natural,170,153
380,plate,169,79
381,turns,168,130
382,identical,167,160
383,lies,166,149
384,passing,166,155
385,string,166,76
386,zero,166,153
387,phase,165,126
388,capacitor,164,105
389,falls,164,153
390,grid,164,112
391,group,164,84
392,material,164,135
393,rails,164,38
394,board,163,55
395,lengths,163,149
396,information,162,160
397,beijing,161,111
398,loop,161,78
399,arrow,160,150
400,picture,160,142
401,chord,159,144
402,jia,159,126
403,wave,159,83
404,charged,158,103
405,cross,158,143
406,wind,158,85
407,assuming,157,148
408,location,157,133
409,parallelogram,157,137
410,vertically,157,143
411,cells,156,99
412,mainly,156,151
413,another,155,151
414,complete,155,147
415,now,155,150
416,relative,155,129
417,characteristics,154,150
418,plates,154,60
419,width,154,129
420,plant,153,119
421,strength,153,122
422,white,153,103
423,big,152,127
424,box,152,55
425,formed,152,144
426,segments,152,132
427,them,152,146
428,boc,151,127
429,isosceles,151,143
430,latitude,151,122
431,organism,151,147
432,regular,151,119
433,take,151,144
434,growth,150,114
435,origin,150,130
436,world,150,135
437,year,150,128
438,intensity,149,127
439,collision,147,62
440,foot,146,126
441,aoc,145,126
442,body,145,90
443,connecting,145,130
444,acid,144,92
445,shape,144,118
446,thin,144,99
447,black,143,83
448,five,143,127
449,measured,143,128
450,see,143,134
451,experiment,142,112
452,initially,142,135
453,remains,142,126
454,smaller,142,109
455,transfer,142,116
456,nearest,141,141
457,primary,141,95
458,sliding,141,99
459,wall,141,93
460,conveyor,140,25
461,make,140,125
462,more,140,132
463,possible,140,135
464,province,140,99
465,solar,139,108
466,transformer,139,92
467,you,139,105
468,orbit,138,63
469,concentration,137,101
470,depicted,137,137
471,quadrant,137,104
472,released,137,126
473,industrial,136,101
474,local,136,125
475,condition,135,130
476,lower,134,113
477,urban,134,101
478,decimal,133,131
479,draw,133,117
480,ray,133,82
481,agricultural,132,109
482,angled,132,121
483,north,132,115
484,round,132,127
485,steps,132,120
486,together,132,119
487,transistor,132,102
488,gene,131,54
489,island,130,74
490,results,130,122
491,chemical,129,125
492,near,129,119
493,enters,128,96
494,molecules,128,125
495,student,128,92
496,climate,127,99
497,industry,127,98
498,respect,127,124
499,upward,127,109
500,angular,126,101
501,compared,126,126
502,lie,126,118
503,much,126,115
504,sea,126,99
505,chain,125,114
506,frame,125,46
507,new,125,97
508,diode,124,101
509,obtain,124,119
510,opposite,124,118
511,stationary,124,110
512,considered,123,116
513,contour,123,104
514,production,123,98
515,corresponding,122,114
516,hexagon,122,77
517,parts,122,104
518,always,121,113
519,equilibrium,121,95
520,work,121,101
521,letter,120,111
522,ade,119,109
523,cut,119,98
524,pass,119,109
525,seconds,119,99
526,intersection,118,103
527,whose,118,109
528,pushing,117,114
529,rectangles,117,80
530,figures,116,101
531,labeled,116,109
532,satellite,116,47
533,upper,116,94
534,heat,115,80
535,highest,115,104
536,indicate,115,102
537,sequence,115,88
538,electromotive,114,94
539,written,114,91
540,disk,112,28
541,must,112,105
542,relatively,112,105
543,station,112,58
544,tension,112,83
545,wants,112,104
546,adjacent,111,89
547,divided,111,107
548,space,111,87
549,affected,110,106
550,characteristic,110,104
551,open,110,97
552,exerted,109,96
553,inner,109,74
554,motor,109,49
555,increase,108,101
556,marked,108,95
557,until,108,104
558,clockwise,107,98
559,directed,107,92
560,our,107,87
561,represented,107,105
562,zone,107,74
563,every,105,92
564,secondary,105,75
565,semicircle,105,71
566,suppose,105,101
567,weather,105,84
568,displacement,104,81
569,illustrate,104,104
570,induced,104,80
571,mechanistic,104,104
572,negative,104,94
573,path,104,88
574,reading,104,74
575,solid,104,86
576,congruent,103,92
577,interval,103,85
578,original,103,92
579,annual,102,79
580,contact,102,86
581,internal,102,94
582,outside,102,94
583,row,102,69
584,zener,102,48
585,acting,101,82
586,dashed,101,85
587,effect,101,95
588,leaves,101,65
589,particles,101,40
590,profile,101,87
591,reach,101,91
592,relocated,101,101
593,hemisphere,100,91
594,mountain,100,70
595,objects,100,60
596,slides,100,75
597,angles,99,89
598,causing,99,94
599,conductor,99,42
600,extend,99,94
601,kind,99,98
602,makes,99,89
603,ocean,99,72
604,size,99,92
605,sphere,99,53
606,years,99,86
607,external,98,78
608,grey,98,72
609,soil,98,57
610,starting,98,88
611,fold,97,81
612,lowest,96,91
613,electrons,95,39
614,faces,95,69
615,label,95,87
616,probability,95,74
617,product,95,74
618,central,94,89
619,constructed,94,89
620,largest,94,89
621,why,94,94
622,balls,93,52
623,bar,93,60
624,conducting,93,60
625,happen,93,93
626,middle,93,79
627,piece,93,80
628,six,93,81
629,his,92,69
630,rotates,92,81
631,symmetry,92,84
632,content,91,69
633,oabc,91,75
634,plants,91,67
635,tube,91,34
636,column,90,64
637,piston,90,25
638,called,89,85
639,changing,89,84
640,containing,89,83
641,did,89,86
642,life,89,85
643,producer,89,89
644,related,89,85
645,species,89,74
646,without,89,86
647,countries,88,66
648,ends,88,81
649,removed,88,78
650,resources,88,61
651,satisfy,88,88
652,scale,88,79
653,cubes,87,39
654,moon,87,29
655,rotate,87,77
656,rotated,87,82
657,slide,87,65
658,units,87,71
659,abd,86,81
660,action,86,84
661,amplifier,86,77
662,face,86,62
663,model,86,70
664,acd,85,76
665,clock,85,55
666,downward,85,80
667,economic,85,69
668,masses,85,81
669,added,84,73
670,atmospheric,84,75
671,done,84,70
672,increases,84,79
673,pattern,84,73
674,pulley,84,43
675,required,84,81
676,way,84,79
677,again,83,77
678,ammeter,83,56
679,bod,83,77
680,building,83,63
681,cars,83,35
682,express,83,79
683,greater,83,80
684,pieces,83,51
685,start,83,74
686,topographic,83,82
687,xoy,83,81
688,cities,82,67
689,counterclockwise,82,77
690,slider,82,25
691,statistical,82,69
692,suspended,82,76
693,test,82,50
694,variation,82,71
695,contains,81,71
696,distributed,81,76
697,larger,81,67
698,shaped,81,65
699,weight,81,59
700,net,80,60
701,pair,80,73
702,result,80,75
703,sample,80,62
704,show,80,78
705,static,80,77
706,volts,80,72
707,blocks,79,38
708,composed,79,76
709,least,79,76
710,neglected,79,76
711,network,79,65
712,obtained,79,71
713,road,79,56
714,tenth,79,79
715,west,79,73
716,adc,78,75
717,days,78,64
718,had,78,58
719,illustrated,78,77
720,non,78,70
721,red,78,60
722,similar,78,77
723,smallest,78,76
724,step,78,61
725,sun,78,54
726,takes,78,72
727,transmission,78,50
728,index,77,52
729,materials,77,75
730,onto,77,51
731,peak,77,57
732,pole,77,56
733,yellow,77,52
734,your,77,67
735,approximately,76,71
736,device,76,58
737,normal,76,64
738,outer,76,58
739,planet,76,22
740,south,76,69
741,taking,76,72
742,types,76,68
743,bcd,75,70
744,direct,75,74
745,forward,75,69
746,gain,75,70
747,insulating,75,45
748,integers,75,70
749,rotation,75,71
750,terrain,75,70
751,control,74,66
752,might,74,74
753,next,74,68
754,northern,74,72
755,pentagon,74,51
756,phenomenon,74,67
757,problem,74,67
758,accelerated,73,60
759,becomes,73,67
760,directions,73,72
761,elastic,73,63
762,entire,73,67
763,enzyme,73,34
764,fall,73,62
765,front,73,54
766,get,73,63
767,lake,73,40
768,logic,73,60
769,low,73,68
770,thrown,73,51
771,away,72,68
772,charges,72,53
773,color,72,44
774,exists,72,69
775,indicated,72,71
776,produced,72,67
777,third,72,57
778,boundary,71,57
779,cod,71,59
780,flux,71,51
781,formation,71,63
782,generator,71,45
783,higher,71,69
784,increased,71,69
785,real,71,66
786,bad,70,68
787,floor,70,45
788,generated,70,67
789,medium,70,36
790,people,70,52
791,still,70,69
792,thickness,70,58
793,basin,69,58
794,consists,69,66
795,fish,69,49
796,inches,69,37
797,liquid,69,28
798,add,68,45
799,could,68,68
800,def,68,55
801,edges,68,62
802,environment,68,56
803,feet,68,51
804,free,68,53
805,fruit,68,36
806,immediately,68,60
807,month,68,57
808,products,68,56
809,steady,68,64
810,voltmeter,68,51
811,animal,67,60
812,aod,67,62
813,braking,67,34
814,container,67,40
815,corner,67,54
816,dna,67,39
817,functional,67,43
818,layer,67,46
819,median,67,64
820,plank,67,16
821,pulling,67,48
822,radiation,67,37
823,season,67,59
824,slowly,67,57
825,various,67,60
826,channel,66,45
827,combining,66,66
828,construct,66,60
829,indicates,66,58
830,meet,66,61
831,students,66,41
832,triangular,66,58
833,attached,65,59
834,follows,65,62
835,geological,65,57
836,oil,65,28
837,rotating,65,52
838,steel,65,31
839,sufficiently,65,64
840,begins,64,57
841,bulb,64,34
842,denoted,64,52
843,digit,64,45
844,expressed,64,61
845,influence,64,60
846,lunar,64,24
847,positions,64,59
848,regional,64,62
849,suitable,64,59
850,trapezoid,64,57
851,beam,63,37
852,centimeters,63,56
853,curves,63,56
854,equivalent,63,61
855,experimental,63,50
856,filled,63,59
857,important,63,62
858,landscape,63,51
859,star,63,32
860,trajectory,63,50
861,very,63,62
862,wheel,63,20
863,back,62,53
864,correct,62,60
865,east,62,53
866,flip,62,47
867,green,62,49
868,less,62,60
869,making,62,59
870,operating,62,54
871,railway,62,43
872,springs,62,27
873,stable,62,57
874,summer,62,56
875,unchanged,62,58
876,currents,61,50
877,greatest,61,61
878,need,61,60
879,person,61,32
880,refers,61,61
881,axes,60,54
882,coincides,60,58
883,flower,60,38
884,found,60,57
885,major,60,57
886,measures,60,56
887,noon,60,51
888,once,60,57
889,radii,60,57
890,sunrise,60,49
891,tower,60,20
892,travel,60,54
893,turn,60,41
894,undergoes,60,57
895,abe,59,59
896,approximate,59,55
897,become,59,49
898,coast,59,47
899,decrease,59,56
900,frictional,59,45
901,ion,59,31
902,like,59,57
903,necessary,59,59
904,neglect,59,57
905,remain,59,57
906,school,59,46
907,simple,59,47
908,situation,59,57
909,southern,59,58
910,terminals,59,51
911,truck,59,14
912,already,58,58
913,chamber,58,15
914,decreases,58,55
915,drop,58,53
916,graphs,58,56
917,hypotenuse,58,56
918,iron,58,28
919,plot,58,52
920,several,58,50
921,ways,58,58
922,cause,57,57
923,ecological,57,46
924,floating,57,54
925,hole,57,36
926,inclination,57,51
927,occur,57,57
928,route,57,45
929,seen,57,55
930,trend,57,55
931,variable,57,54
932,carrying,56,50
933,disease,56,32
934,knowledge,56,56
935,landing,56,46
936,law,56,52
937,night,56,51
938,occurs,56,54
939,planting,56,47
940,protein,56,27
941,stop,56,44
942,bus,55,26
943,elevation,55,42
944,forces,55,49
945,functions,55,54
946,moved,55,50
947,percentage,55,49
948,perspective,55,55
949,spatial,55,45
950,vegetation,55,47
951,blue,54,43
952,feedback,54,49
953,forms,54,49
954,heavy,54,38
955,human,54,50
956,hyperbola,54,42
957,integer,54,53
958,lands,54,50
959,magnitudes,54,52
960,rad,54,49
961,resulting,54,52
962,silicon,54,46
963,statement,54,54
964,centers,53,52
965,combined,53,50
966,compare,53,53
967,copper,53,24
968,cylindrical,53,40
969,fill,53,53
970,fraction,53,50
971,gate,53,41
972,hand,53,33
973,hits,53,46
974,impedance,53,40
975,orbital,53,42
976,sinusoidal,53,53
977,states,53,50
978,amounts,52,39
979,appear,52,51
980,basketball,52,11
981,bing,52,45
982,capacitance,52,42
983,final,52,50
984,glass,52,30
985,her,52,37
986,july,52,44
987,movement,52,45
988,opening,52,39
989,proportional,52,47
990,response,52,45
991,shanghai,52,40
992,short,52,51
993,cart,51,14
994,circumference,51,46
995,effective,51,44
996,either,51,49
997,equals,51,50
998,great,51,29
999,impact,51,46
1000,instantaneous,51,44
1001,series,51,50
1002,solenoid,51,19
1003,terminal,51,44
1004,because,50,48
1005,child,50,25
1006,coincide,50,50
1007,component,50,43
1008,corresponds,50,47
1009,forest,50,33
1010,instant,50,44
1011,leaf,50,41
1012,rough,50,48
1013,simultaneously,50,48
1014,standard,50,33
1015,stops,50,39
1016,tiles,50,22
1017,arranged,49,49
1018,best,49,49
1019,built,49,46
1020,changed,49,44
1021,coils,49,41
1022,consumption,49,31
1023,electrical,49,36
1024,emitter,49,44
1025,gradually,49,48
1026,letters,49,40
1027,park,49,38
1028,reflected,49,47
1029,semicircles,49,33
1030,strong,49,44
1031,titration,49,36
1032,treated,49,48
1033,twice,49,48
1034,uses,49,47
1035,winter,49,46
1036,zones,49,37
1037,activity,48,34
1038,athlete,48,19
1039,comes,48,46
1040,construction,48,43
1041,delta,48,41
1042,entering,48,42
1043,geographical,48,43
1044,january,48,41
1045,mark,48,44
1046,needed,48,46
1047,neglecting,48,47
1048,room,48,28
1049,seasonal,48,38
1050,thread,48,15
1051,towards,48,38
1052,waveform,48,42
1053,bridge,47,37
1054,carbon,47,32
1055,completely,47,46
1056,daily,47,32
1057,diagrams,47,41
1058,electrostatic,47,31
1059,filter,47,37
1060,genes,47,32
1061,levels,47,41
1062,magnet,47,25
1063,oxygen,47,28
1064,port,47,37
1065,rays,47,36
1066,reaching,47,44
1067,sections,47,36
1068,tree,47,34
1069,urbanization,47,30
1070,who,47,38
1071,belong,46,45
1072,coe,46,41
1073,continent,46,41
1074,cylinders,46,9
1075,duration,46,40
1076,duty,46,30
1077,junction,46,39
1078,last,46,42
1079,longer,46,44
1080,needs,46,46
1081,perpendicularly,46,42
1082,platform,46,22
1083,pulse,46,40
1084,put,46,43
1085,separated,46,45
1086,specific,46,38
1087,touch,46,43
1088,toward,46,43
1089,united,46,40
1090,whether,46,41
1091,whole,46,46
1092,enterprise,45,26
1093,factors,45,42
1094,happens,45,45
1095,having,45,42
1096,ions,45,21
1097,meter,45,39
1098,occurred,45,39
1099,operation,45,41
1100,pipe,45,20
1101,pyramid,45,27
1102,refer,45,45
1103,screen,45,20
1104,strip,45,27
1105,target,45,28
1106,train,45,19
1107,traveling,45,41
1108,agriculture,44,38
1109,battery,44,35
1110,boat,44,11
1111,converter,44,29
1112,corners,44,41
1113,counter,44,31
1114,diameters,44,43
1115,digits,44,35
1116,doe,44,43
1117,individuals,44,29
1118,locations,44,39
1119,pendulum,44,15
1120,remaining,44,41
1121,traveled,44,44
1122,wavelength,44,34
1123,western,44,35
1124,advantage,43,42
1125,aoe,43,37
1126,continues,43,41
1127,eastern,43,41
1128,equally,43,41
1129,explain,43,43
1130,forming,43,42
1131,give,43,43
1132,groups,43,29
1133,incident,43,34
1134,pulled,43,39
1135,rounded,43,43
1136,sectional,43,42
1137,semicircular,43,26
1138,seven,43,39
1139,stone,43,21
1140,weak,43,26
1141,aed,42,38
1142,against,42,40
1143,alternating,42,34
1144,arcs,42,37
1145,atmosphere,42,36
1146,bisectors,42,40
1147,cde,42,40
1148,centered,42,38
1149,controlled,42,36
1150,crop,42,34
1151,example,42,42
1152,flows,42,37
1153,grain,42,21
1154,nine,42,37
1155,old,42,26
1156,outward,42,40
1157,research,42,35
1158,shortest,42,39
1159,well,42,37
1160,ace,41,37
1161,age,41,27
1162,analytical,41,40
1163,bit,41,32
1164,cannot,41,39
1165,carries,41,34
1166,circulation,41,34
1167,coastal,41,39
1168,crease,41,33
1169,fields,41,26
1170,flies,41,27
1171,mol,41,20
1172,observed,41,38
1173,prime,41,35
1174,principle,41,41
1175,produce,41,41
1176,regarded,41,39
1177,resistors,41,38
1178,ship,41,22
1179,suddenly,41,38
1180,walks,41,27
1181,accordingly,40,40
1182,ant,40,23
1183,coal,40,26
1184,combination,40,40
1185,composition,40,36
1186,die,40,32
1187,enclosed,40,31
1188,flat,40,39
1189,flop,40,28
1190,individual,40,30
1191,khz,40,32
1192,learned,40,40
1193,mean,40,35
1194,national,40,38
1195,parameters,40,40
1196,producing,40,34
1197,share,40,36
1198,sheet,40,27
1199,significant,40,38
1200,spacecraft,40,22
1201,tank,40,17
1202,tied,40,37
1203,transportation,40,34
1204,wide,40,34
1205,wires,40,28
1206,ampere,39,33
1207,bottle,39,10
1208,centre,39,36
1209,close,39,38
1210,coinciding,39,39
1211,coloured,39,26
1212,consumer,39,39
1213,curved,39,26
1214,dark,39,31
1215,dce,39,35
1216,ding,39,36
1217,distances,39,37
1218,driver,39,19
1219,ecosystem,39,34
1220,exits,39,34
1221,externally,39,39
1222,fault,39,26
1223,fly,39,16
1224,full,39,31
1225,harmonic,39,32
1226,kilometers,39,34
1227,loss,39,35
1228,name,39,39
1229,numbered,39,28
1230,oab,39,32
1231,polar,39,34
1232,runoff,39,25
1233,sealed,39,34
1234,shadow,39,29
1235,study,39,35
1236,technology,39,38
1237,transport,39,28
1238,velocities,39,37
1239,allowed,38,35
1240,build,38,34
1241,effects,38,36
1242,efgh,38,32
1243,emitted,38,27
1244,far,38,34
1245,flowing,38,35
1246,freely,38,37
1247,frog,38,18
1248,hit,38,29
1249,normally,38,34
1250,overlap,38,32
1251,rods,38,20
1252,sodium,38,22
1253,standing,38,30
1254,tabletop,38,23
1255,throughout,38,37
1256,utilization,38,25
1257,walls,38,25
1258,xinjiang,38,24
1259,bicycle,37,18
1260,chang,37,26
1261,continuous,37,36
1262,developed,37,35
1263,eight,37,33
1264,enterprises,37,28
1265,environmental,37,37
1266,estimate,37,33
1267,family,37,24
1268,genetic,37,33
1269,here,37,36
1270,inductance,37,33
1271,matter,37,25
1272,molecule,37,27
1273,organisms,37,35
1274,polygon,37,27
1275,prism,37,19
1276,rivers,37,37
1277,sediment,37,23
1278,substance,37,29
1279,affecting,36,35
1280,anhui,36,19
1281,causes,36,36
1282,centres,36,30
1283,disaster,36,28
1284,electricity,36,22
1285,finally,36,35
1286,grass,36,30
1287,ice,36,20
1288,interior,36,30
1289,launch,36,30
1290,little,36,31
1291,method,36,31
1292,mon,36,31
1293,muscle,36,10
1294,noise,36,21
1295,perpendiculars,36,34
1296,proton,36,11
1297,rain,36,25
1298,refractive,36,31
1299,reservoir,36,23
1300,rings,36,20
1301,rise,36,29
1302,selected,36,33
1303,shell,36,21
1304,spheres,36,15
1305,symmetric,36,32
1306,thermal,36,33
1307,analyze,35,33
1308,balloon,35,11
1309,beginning,35,34
1310,boolean,35,33
1311,cards,35,18
1312,consumed,35,30
1313,dae,35,32
1314,dots,35,29
1315,enter,35,32
1316,exit,35,27
1317,frozen,35,12
1318,good,35,32
1319,heating,35,24
1320,keep,35,32
1321,launched,35,30
1322,layout,35,34
1323,longitude,35,33
1324,mechanical,35,34
1325,membrane,35,26
1326,planning,35,30
1327,pointing,35,34
1328,quadratic,35,29
1329,rail,35,19
1330,researchers,35,31
1331,resource,35,21
1332,semi,35,26
1333,since,35,34
1334,stations,35,24
1335,unknown,35,29
1336,vials,35,7
1337,bdc,34,33
1338,blank,34,33
1339,case,34,30
1340,colour,34,27
1341,consisting,34,33
1342,core,34,22
1343,divide,34,33
1344,ensure,34,31
1345,fourth,34,33
1346,head,34,25
1347,held,34,34
1348,increasing,34,33
1349,inward,34,34
1350,mice,34,22
1351,multiple,34,28
1352,often,34,33
1353,opened,34,33
1354,overlapping,34,31
1355,pairs,34,33
1356,proportions,34,29
1357,quantity,34,29
1358,rated,34,28
1359,returns,34,30
1360,rises,34,31
1361,solutions,34,22
1362,belts,33,23
1363,carry,33,31
1364,circumcircle,33,32
1365,closest,33,30
1366,cold,33,29
1367,cone,33,15
1368,correspond,33,33
1369,depth,33,26
1370,elements,33,27
1371,extended,33,31
1372,fluid,33,9
1373,holes,33,22
1374,hundredth,33,33
1375,incorrect,33,32
1376,industries,33,31
1377,measuring,33,31
1378,meridian,33,32
1379,numerical,33,30
1380,partial,33,33
1381,perform,33,28
1382,propagation,33,28
1383,proteins,33,15
1384,raw,33,30
1385,reads,33,19
1386,separation,33,29
1387,sled,33,4
1388,surfaces,33,28
1389,term,33,31
1390,threshold,33,28
1391,titrated,33,33
1392,undergo,33,32
1393,vehicle,33,15
1394,via,33,32
1395,atoms,32,17
1396,bde,32,32
1397,cab,32,31
1398,chosen,32,29
1399,cotton,32,11
1400,cultivated,32,24
1401,element,32,26
1402,elevator,32,8
1403,falling,32,27
1404,famous,32,31
1405,goes,32,28
1406,hours,32,29
1407,ignored,32,32
1408,inductor,32,24
1409,judge,32,31
1410,lamp,32,16
1411,naoh,32,22
1412,pond,32,20
1413,predator,32,32
1414,provided,32,30
1415,random,32,30
1416,site,32,28
1417,snow,32,16
1418,spectrum,32,28
1419,ten,32,31
1420,toll,32,5
1421,travels,32,29
1422,vehicles,32,17
1423,waves,32,16
1424,yangtze,32,26
1425,accelerating,31,28
1426,amplitude,31,25
1427,apart,31,31
1428,boe,31,31
1429,capacity,31,24
1430,carried,31,31
1431,collector,31,25
1432,considering,31,31
1433,contained,31,16
1434,cover,31,24
1435,defined,31,30
1436,described,31,31
1437,diodes,31,26
1438,drive,31,19
1439,dry,31,19
1440,exterior,31,28
1441,infinite,31,27
1442,jumps,31,18
1443,leave,31,28
1444,market,31,29
1445,min,31,22
1446,observation,31,21
1447,pedigree,31,27
1448,quality,31,27
1449,quarter,31,26
1450,speeds,31,31
1451,team,31,21
1452,transistors,31,28
1453,active,30,27
1454,banana,30,9
1455,branch,30,22
1456,card,30,13
1457,chinese,30,27
1458,constants,30,28
1459,continuously,30,30
1460,covered,30,25
1461,dice,30,16
1462,experienced,30,28
1463,film,30,12
1464,folding,30,29
1465,generally,30,30
1466,generation,30,23
1467,houses,30,15
1468,monthly,30,22
1469,painted,30,21
1470,pathway,30,23
1471,plateau,30,24
1472,projectile,30,15
1473,recent,30,30
1474,saturation,30,29
1475,sizes,30,29
1476,spherical,30,22
1477,stages,30,27
1478,strips,30,16
1479,synchronous,30,24
1480,town,30,19
1481,trait,30,15
1482,upon,30,25
1483,vibration,30,21
1484,abo,29,27
1485,accelerates,29,26
1486,adb,29,29
1487,adjusted,29,27
1488,assumed,29,27
1489,barrier,29,12
1490,binary,29,26
1491,brakes,29,19
1492,cable,29,12
1493,calculation,29,25
1494,ceiling,29,27
1495,come,29,28
1496,compute,29,27
1497,consumes,29,29
1498,differences,29,29
1499,dominant,29,29
1500,iii,29,24
1501,impulse,29,27
1502,lewis,29,22
1503,limit,29,28
1504,lying,29,28
1505,manufacturing,29,25
1506,populations,29,25
1507,processing,29,17
1508,project,29,20
1509,setup,29,28
1510,sources,29,21
1511,traffic,29,21
1512,tubes,29,13
1513,turntable,29,6
1514,working,29,23
1515,advantageous,28,21
1516,balance,28,15
1517,band,28,16
1518,bases,28,23
1519,bed,28,20
1520,bond,28,14
1521,bulbs,28,16
1522,cbd,28,27
1523,collides,28,23
1524,consecutive,28,28
1525,crops,28,24
1526,crossing,28,22
1527,developing,28,26
1528,digital,28,24
1529,error,28,26
1530,etc,28,19
1531,even,28,25
1532,flood,28,18
1533,hour,28,23
1534,japan,28,14
1535,past,28,24
1536,percent,28,27
1537,perimeters,28,25
1538,photo,28,22
1539,price,28,20
1540,rectifier,28,23
1541,revolution,28,25
1542,rock,28,17
1543,separate,28,22
1544,shapes,28,21
1545,stem,28,25
1546,substances,28,21
1547,subtropical,28,12
1548,suspension,28,20
1549,absorbed,27,25
1550,aircraft,27,6
1551,atom,27,16
1552,belongs,27,27
1553,cad,27,26
1554,caused,27,27
1555,collected,27,20
1556,contain,27,26
1557,corn,27,17
1558,dac,27,27
1559,date,27,22
1560,dimensions,27,27
1561,distinct,27,24
1562,droplet,27,7
1563,efficiency,27,27
1564,eoc,27,19
1565,fully,27,25
1566,game,27,19
1567,illustrates,27,27
1568,mercury,27,7
1569,miles,27,14
1570,mountains,27,23
1571,nutrient,27,14
1572,oriented,27,24
1573,performed,27,27
1574,periods,27,24
1575,plain,27,23
1576,plan,27,24
1577,plasmid,27,14
1578,play,27,27
1579,provide,27,26
1580,race,27,14
1581,release,27,24
1582,rheostat,27,19
1583,role,27,27
1584,sector,27,23
1585,self,27,25
1586,sketch,27,27
1587,spectral,27,22
1588,stands,27,26
1589,touches,27,27
1590,transmitted,27,20
1591,vacuum,27,25
1592,winding,27,15
1593,abcdef,26,23
1594,able,26,26
1595,amplification,26,19
1596,analysis,26,26
1597,apple,26,12
1598,axle,26,16
1599,bacteria,26,14
1600,calculated,26,24
1601,cases,26,14
1602,ch3,26,7
1603,climatic,26,26
1604,containers,26,16
1605,cost,26,21
1606,dbc,26,26
1607,develop,26,24
1608,divides,26,26
1609,electrophoresis,26,17
1610,enough,26,24
1611,enthalpy,26,7
1612,fog,26,14
1613,gray,26,17
1614,heart,26,16
1615,highway,26,16
1616,isotherm,26,22
1617,itself,26,25
1618,labor,26,19
1619,landform,26,21
1620,laser,26,9
1621,later,26,26
1622,male,26,21
1623,meteorological,26,18
1624,overall,26,25
1625,passed,26,25
1626,photograph,26,18
1627,pqrs,26,20
1628,pure,26,23
1629,ramp,26,13
1630,reflect,26,26
1631,restriction,26,16
1632,rice,26,12
1633,safety,26,16
1634,schematically,26,26
1635,successfully,26,22
1636,symbol,26,21
1637,upwards,26,25
1638,usually,26,24
1639,view,26,25
1640,xiao,26,18
1641,abco,25,18
1642,algae,25,25
1643,amino,25,13
1644,ampicillin,25,7
1645,ancient,25,21
1646,august,25,24
1647,automobile,25,16
1648,bce,25,25
1649,blood,25,17
1650,collide,25,21
1651,compounds,25,24
1652,crossed,25,18
1653,delay,25,19
1654,desertification,25,9
1655,designed,25,25
1656,dioxide,25,20
1657,emits,25,23
1658,evaporation,25,15
1659,garden,25,18
1660,inequalities,25,25
1661,injected,25,22
1662,investigation,25,24
1663,islands,25,19
1664,jump,25,17
1665,kinds,25,24
1666,leaving,25,23
1667,legs,25,24
1668,max,25,14
1669,mid,25,25
1670,mutant,25,14
1671,photosynthesis,25,20
1672,poured,25,10
1673,prices,25,21
1674,provinces,25,23
1675,pump,25,10
1676,reflects,25,25
1677,satisfies,25,24
1678,scientific,25,21
1679,shorter,25,24
1680,similarity,25,22
1681,switching,25,24
1682,temperatures,25,22
1683,thick,25,24
1684,transparent,25,17
1685,wound,25,20
1686,abcde,24,20
1687,activities,24,23
1688,actual,24,22
1689,aef,24,23
1690,celestial,24,13
1691,centripetal,24,18
1692,clear,24,23
1693,co2,24,13
1694,completed,24,19
1695,correctly,24,23
1696,demand,24,17
1697,disasters,24,23
1698,draws,24,20
1699,electromagnetic,24,14
1700,elliptical,24,16
1701,equator,24,21
1702,established,24,22
1703,exist,24,23
1704,female,24,16
1705,global,24,22
1706,growing,24,19
1707,haze,24,11
1708,interference,24,15
1709,inverter,24,20
1710,june,24,22
1711,longest,24,24
1712,million,24,20
1713,minutes,24,21
1714,mode,24,23
1715,nerve,24,12
1716,operational,24,22
1717,pacific,24,21
1718,parameter,24,23
1719,paths,24,23
1720,pictured,24,24
1721,positively,24,23
1722,prevailing,24,18
1723,prevent,24,21
1724,provincial,24,20
1725,pull,24,21
1726,readings,24,20
1727,recessive,24,21
1728,residential,24,16
1729,rigid,24,20
1730,rotational,24,18
1731,seawater,24,17
1732,signals,24,16
1733,solstice,24,20
1734,split,24,19
1735,sunlight,24,19
1736,terminator,24,20
1737,tourism,24,18
1738,transferred,24,21
1739,translated,24,21
1740,turned,24,19
1741,volumes,24,22
1742,wild,24,16
1743,animals,23,19
1744,better,23,20
1745,children,23,15
1746,commercial,23,19
1747,comparison,23,23
1748,culture,23,12
1749,dart,23,10
1750,dependency,23,11
1751,drawing,23,22
1752,egg,23,17
1753,evolution,23,22
1754,insulated,23,21
1755,joined,23,22
1756,layers,23,19
1757,maintain,23,23
1758,matrix,23,16
1759,negatively,23,23
1760,orbits,23,19
1761,organic,23,12
1762,passenger,23,12
1763,reached,23,23
1764,regarding,23,23
1765,resultant,23,20
1766,return,23,23
1767,root,23,18
1768,sand,23,16
1769,sites,23,17
1770,strings,23,15
1771,sub,23,20
1772,sunset,23,21
1773,surrounding,23,22
1774,tiangong,23,12
1775,torque,23,22
1776,trends,23,23
1777,true,23,23
1778,unity,23,22
1779,voltages,23,21
1780,wheat,23,16
1781,window,23,12
1782,wing,23,10
1783,ambient,22,9
1784,bias,22,18
1785,boiling,22,17
1786,code,22,17
1787,concentrations,22,20
1788,constraints,22,22
1789,consume,22,22
1790,create,22,22
1791,deceleration,22,17
1792,downwards,22,20
1793,endpoints,22,20
1794,entry,22,9
1795,expressions,22,21
1796,flag,22,14
1797,flagpole,22,10
1798,formula,22,18
1799,gets,22,20
1800,gives,22,22
1801,glucose,22,9
1802,identify,22,22
1803,inputs,22,21
1804,investment,22,14
1805,kangaroo,22,14
1806,kept,22,22
1807,know,22,22
1808,lane,22,9
1809,machine,22,15
1810,minimized,22,22
1811,mixed,22,12
1812,neighbouring,22,16
1813,octagon,22,17
1814,poles,22,19
1815,rainfall,22,15
1816,rapid,22,22
1817,reasonable,22,22
1818,received,22,18
1819,relation,22,19
1820,respiration,22,16
1821,ropes,22,17
1822,scientists,22,18
1823,sound,22,5
1824,stream,22,10
1825,transformation,22,22
1826,valley,22,16
1827,wxyz,22,20
1828,achieve,21,21
1829,adult,21,21
1830,ahead,21,17
1831,aluminum,21,13
1832,apb,21,15
1833,behavior,21,19
1834,bird,21,17
1835,butterfly,21,18
1836,chromosome,21,11
1837,class,21,15
1838,colored,21,17
1839,compound,21,18
1840,concentric,21,16
1841,cookies,21,3
1842,decelerated,21,17
1843,december,21,21
1844,deflection,21,17
1845,determined,21,21
1846,dielectric,21,11
1847,discharge,21,17
1848,driving,21,19
1849,dryer,21,5
1850,empty,21,18
1851,exchange,21,14
1852,eye,21,15
1853,flops,21,19
1854,forecast,21,20
1855,fourier,21,19
1856,frictionless,21,16
1857,general,21,21
1858,graphic,21,21
1859,guangzhou,21,14
1860,guide,21,9
1861,heated,21,16
1862,hitting,21,21
1863,hung,21,14
1864,hydrological,21,14
1865,hydropower,21,12
1866,ignore,21,21
1867,infinitely,21,18
1868,labelled,21,18
1869,logical,21,20
1870,modulation,21,18
1871,photosynthetic,21,14
1872,pqr,21,20
1873,randomly,21,21
1874,runs,21,16
1875,showing,21,21
1876,sided,21,19
1877,support,21,21
1878,textual,21,21
1879,tourist,21,13
1880,towns,21,17
1881,2no,20,11
1882,airplane,20,11
1883,alleles,20,11
1884,amperes,20,20
1885,applies,20,19
1886,appropriate,20,19
1887,bacterial,20,15
1888,bmatrix,20,6
1889,butane,20,6
1890,cdef,20,13
1891,collisions,20,14
1892,conductive,20,14
1893,configuration,20,18
1894,convex,20,18
1895,county,20,16
1896,course,20,20
1897,cubic,20,17
1898,cup,20,9
1899,dates,20,16
1900,decelerate,20,16
1901,defg,20,15
1902,dissipated,20,18
1903,earlier,20,19
1904,europe,20,18
1905,expected,20,17
1906,experiences,20,19
1907,factories,20,18
1908,flowering,20,9
1909,flowers,20,13
1910,fundamental,20,20
1911,gap,20,15
1912,hexagons,20,13
1913,inch,20,16
1914,incline,20,13
1915,isotherms,20,19
1916,joining,20,18
1917,kite,20,12
1918,lattice,20,17
1919,leading,20,17
1920,migration,20,13
1921,ming,20,14
1922,molecular,20,15
1923,multi,20,14
1924,october,20,19
1925,organ,20,20
1926,orientation,20,17
1927,originally,20,20
1928,patterns,20,14
1929,perfectly,20,20
1930,physical,20,20
1931,portion,20,19
1932,rear,20,11
1933,receives,20,18
1934,ripple,20,18
1935,rms,20,19
1936,scores,20,15
1937,seed,20,12
1938,southeast,20,19
1939,stability,20,18
1940,supplied,20,20
1941,took,20,20
1942,transform,20,18
1943,turning,20,13
1944,varies,20,19
1945,viewed,20,19
1946,walk,20,17
1947,wet,20,10
1948,acts,19,19
1949,addition,19,18
1950,amp,19,19
1951,appears,19,17
1952,basic,19,19
1953,birth,19,16
1954,bob,19,10
1955,camera,19,8
1956,cargo,19,6
1957,carrier,19,16
1958,chengdu,19,14
1959,chongqing,19,14
1960,cluster,19,15
1961,coefficients,19,19
1962,coin,19,7
1963,coins,19,8
1964,coli,19,11
1965,colours,19,12
1966,currently,19,18
1967,died,19,19
1968,divisible,19,14
1969,docking,19,9
1970,dominoes,19,6
1971,early,19,16
1972,endpoint,19,18
1973,enzymes,19,11
1974,factory,19,16
1975,fast,19,17
1976,future,19,19
1977,gases,19,16
1978,geographic,19,19
1979,golden,19,11
1980,hcl,19,18
1981,hemoglobin,19,11
1982,illumination,19,18
1983,interaction,19,15
1984,keeping,19,19
1985,laid,19,19
1986,maximized,19,18
1987,molar,19,17
1988,ningxia,19,14
1989,northwest,19,17
1990,octahedron,19,8
1991,particular,19,19
1992,peter,19,13
1993,police,19,3
1994,property,19,19
1995,quadrilaterals,19,16
1996,quiescent,19,16
1997,reduced,19,19
1998,reduction,19,11
1999,relativistic,19,12
2000,seeds,19,12
2001,semiconductor,19,12
2002,september,19,19
2003,sign,19,14
2004,simplified,19,19
2005,solve,19,19
2006,stored,19,17
2007,supporting,19,18
2008,tracks,19,11
2009,village,19,11
2010,volt,19,15
2011,wedge,19,7
2012,wheels,19,15
2013,acids,18,15
2014,additional,18,18
2015,aec,18,18
2016,affect,18,18
2017,agar,18,10
2018,aligned,18,17
2019,anomaly,18,8
2020,available,18,16
2021,baffle,18,8
2022,balanced,18,17
2023,basket,18,8
2024,bounded,18,18
2025,cabin,18,5
2026,carnivore,18,18
2027,centroid,18,18
2028,charts,18,15
2029,chromosomes,18,17
2030,closely,18,18
2031,combine,18,18
2032,concentrated,18,16
2033,creating,18,17
2034,dam,18,12
2035,decreased,18,18
2036,design,18,16
2037,domino,18,4
2038,earthquake,18,7
2039,eats,18,18
2040,electronic,18,14
2041,emergency,18,11
2042,erosion,18,11
2043,ethylene,18,5
2044,exact,18,18
2045,extending,18,17
2046,facing,18,14
2047,feeds,18,18
2048,flesh,18,9
2049,gel,18,9
2050,grade,18,10
2051,house,18,12
2052,humans,18,17
2053,hydroxide,18,13
2054,infer,18,18
2055,interactions,18,18
2056,intersections,18,18
2057,march,18,16
2058,meeting,18,13
2059,minor,18,17
2060,mount,18,8
2061,november,18,18
2062,occurrence,18,18
2063,outputs,18,15
2064,patient,18,9
2065,performance,18,15
2066,pistons,18,4
2067,proposed,18,18
2068,quantities,18,14
2069,quickly,18,18
2070,reduce,18,17
2071,reference,18,17
2072,regression,18,14
2073,regulator,18,17
2074,relevant,18,18
2075,removing,18,12
2076,resistances,18,18
2077,rim,18,13
2078,ripening,18,10
2079,running,18,15
2080,shift,18,14
2081,spacing,18,18
2082,started,18,17
2083,statistic,18,18
2084,stick,18,13
2085,street,18,8
2086,suburbs,18,14
2087,sums,18,14
2088,supplies,18,17
2089,systems,18,17
2090,tangency,18,17
2091,tarim,18,11
2092,transverse,18,17
2093,typical,18,18
2094,workers,18,14
2095,agglomeration,17,14
2096,birds,17,14
2097,breaks,17,10
2098,cloud,17,13
2099,community,17,16
2100,company,17,13
2101,comparing,17,17
2102,compressed,17,13
2103,conduct,17,17
2104,conducted,17,17
2105,dab,17,17
2106,describes,17,16
2107,differential,17,13
2108,dotted,17,15
2109,engine,17,9
2110,eof,17,16
2111,experience,17,16
2112,extract,17,10
2113,favorable,17,17
2114,feed,17,17
2115,fig,17,7
2116,flight,17,15
2117,geometric,17,13
2118,greatly,17,17
2119,herbivore,17,17
2120,hinge,17,8
2121,however,17,17
2122,hyperbolic,17,11
2123,include,17,17
2124,insect,17,15
2125,jiangsu,17,13
2126,latitudes,17,16
2127,look,17,16
2128,lost,17,15
2129,maps,17,14
2130,mechanism,17,14
2131,metres,17,13
2132,monochromatic,17,13
2133,months,17,16
2134,observatory,17,7
2135,obvious,17,17
2136,opamp,17,15
2137,operates,17,17
2138,orange,17,11
2139,pcr,17,12
2140,player,17,11
2141,precisely,17,17
2142,qinghai,17,9
2143,rates,17,15
2144,reactance,17,13
2145,refraction,17,11
2146,sampling,17,15
2147,service,17,14
2148,shandong,17,12
2149,smoothly,17,16
2150,spaced,17,16
2151,stacked,17,17
2152,swing,17,10
2153,symmetrical,17,17
2154,traits,17,12
2155,vector,17,13
2156,went,17,17
2157,10m,16,14
2158,abscissa,16,16
2159,accelerate,16,16
2160,accompanying,16,16
2161,administrative,16,13
2162,advantages,16,15
2163,airflow,16,14
2164,analytic,16,16
2165,april,16,12
2166,autonomous,16,15
2167,behind,16,15
2168,biological,16,12
2169,centimetres,16,16
2170,classified,16,12
2171,colliding,16,16
2172,columns,16,14
2173,computer,16,12
2174,connection,16,14
2175,created,16,16
2176,dec,16,15
2177,depends,16,16
2178,detection,16,14
2179,district,16,5
2180,division,16,10
2181,door,16,5
2182,economy,16,13
2183,equipment,16,14
2184,evacuated,16,16
2185,exceed,16,15
2186,exploration,16,14
2187,extensions,16,16
2188,filament,16,8
2189,fresh,16,10
2190,genotypes,16,14
2191,goods,16,8
2192,gradient,16,10
2193,hemispherical,16,9
2194,hint,16,15
2195,indicator,16,15
2196,inferred,16,16
2197,jumping,16,10
2198,laundry,16,4
2199,means,16,15
2200,mirror,16,12
2201,morning,16,14
2202,movable,16,15
2203,notices,16,15
2204,obc,16,16
2205,observer,16,5
2206,occurring,16,16
2207,oscillation,16,11
2208,oscillator,16,15
2209,outlet,16,10
2210,plans,16,16
2211,positioned,16,15
2212,prepared,16,16
2213,processes,16,16
2214,proportionality,16,14
2215,recorded,16,16
2216,reflective,16,4
2217,resistive,16,16
2218,reverse,16,12
2219,rows,16,14
2220,rubber,16,8
2221,satisfying,16,16
2222,score,16,13
2223,serial,16,13
2224,sets,16,15
2225,shenzhou,16,10
2226,shot,16,10
2227,significance,16,16
2228,spiral,16,7
2229,statistics,16,16
2230,stiffness,16,16
2231,structural,16,16
2232,synthesis,16,15
2233,tangents,16,16
2234,tennis,16,4
2235,throws,16,15
2236,thrust,16,10
2237,touching,16,16
2238,transformed,16,16
2239,trees,16,13
2240,undergoing,16,15
2241,variables,16,16
2242,vegetable,16,11
2243,worker,16,6
2244,yunnan,16,14
2245,zoning,16,16
2246,12v,15,15
2247,accelerations,15,15
2248,acute,15,13
2249,aefg,15,11
2250,anna,15,9
2251,astronaut,15,9
2252,autosomal,15,13
2253,avoid,15,12
2254,backboard,15,4
2255,bank,15,13
2256,beaker,15,7
2257,bec,15,14
2258,begin,15,14
2259,brick,15,11
2260,broken,15,14
2261,bug,15,7
2262,bullet,15,4
2263,cae,15,15
2264,catches,15,12
2265,chords,15,13
2266,closing,15,14
2267,collection,15,8
2268,consumers,15,13
2269,continue,15,15
2270,controlling,15,11
2271,corridor,15,10
2272,critical,15,11
2273,dense,15,12
2274,describe,15,15
2275,detected,15,11
2276,devices,15,12
2277,dimensional,15,15
2278,doing,15,14
2279,downstream,15,11
2280,droplets,15,7
2281,dust,15,9
2282,eac,15,13
2283,easily,15,14
2284,eat,15,14
2285,embankment,15,7
2286,evening,15,15
2287,evidence,15,13
2288,fibers,15,10
2289,fruits,15,6
2290,genotype,15,12
2291,going,15,15
2292,hall,15,6
2293,holds,15,15
2294,implemented,15,15
2295,independent,15,15
2296,independently,15,15
2297,insects,15,11
2298,installed,15,14
2299,led,15,12
2300,lift,15,13
2301,lima,15,7
2302,marks,15,12
2303,massless,15,15
2304,mathematical,15,14
2305,meets,15,14
2306,momentum,15,10
2307,mos,15,12
2308,mouse,15,14
2309,northeast,15,15
2310,nymph,15,13
2311,offspring,15,13
2312,operate,15,15
2313,oxide,15,14
2314,pab,15,15
2315,periodic,15,13
2316,petroleum,15,12
2317,phone,15,6
2318,presence,15,15
2319,probe,15,11
2320,provides,15,15
2321,pulleys,15,9
2322,push,15,13
2323,remove,15,11
2324,replaced,15,15
2325,resistivity,15,15
2326,rolling,15,12
2327,routes,15,15
2328,saw,15,13
2329,settlement,15,10
2330,showed,15,14
2331,sine,15,14
2332,sitting,15,10
2333,ski,15,9
2334,storage,15,12
2335,structures,15,15
2336,studied,15,15
2337,studying,15,15
2338,superconducting,15,6
2339,textile,15,11
2340,thyristor,15,7
2341,timing,15,15
2342,tributary,15,8
2343,trolley,15,5
2344,uncharged,15,15
2345,unshaded,15,15
2346,upstream,15,11
2347,vapor,15,13
2348,visible,15,13
2349,word,15,11
2350,writes,15,14
2351,yes,15,15
2352,allelic,14,8
2353,arrangement,14,13
2354,bands,14,9
2355,bandwidth,14,11
2356,baseband,14,13
2357,bef,14,14
2358,bode,14,13
2359,border,14,11
2360,bright,14,10
2361,brown,14,10
2362,capacitors,14,12
2363,cardiac,14,11
2364,cbe,14,12
2365,chi,14,14
2366,circumscribed,14,14
2367,colors,14,13
2368,competent,14,7
2369,composite,14,12
2370,compression,14,11
2371,converted,14,12
2372,costs,14,12
2373,crosswalk,14,3
2374,cuts,14,13
2375,cutting,14,11
2376,decompose,14,14
2377,drew,14,14
2378,eggs,14,11
2379,electrode,14,9
2380,elongation,14,10
2381,export,14,9
2382,farthest,14,13
2383,few,14,14
2384,fiber,14,12
2385,filling,14,13
2386,fine,14,14
2387,fishing,14,7
2388,folds,14,13
2389,follow,14,14
2390,gates,14,12
2391,gently,14,12
2392,geography,14,14
2393,groundwater,14,11
2394,hairless,14,3
2395,hereditary,14,11
2396,improve,14,14
2397,incidence,14,11
2398,india,14,12
2399,interest,14,14
2400,introduced,14,13
2401,inverting,14,12
2402,investigate,14,14
2403,kangaroos,14,7
2404,keeps,14,14
2405,kilometer,14,12
2406,kingdom,14,11
2407,lighter,14,9
2408,losses,14,13
2409,mainland,14,11
2410,maintains,14,12
2411,matches,14,12
2412,members,14,10
2413,mhz,14,10
2414,minute,14,11
2415,monkey,14,4
2416,mutual,14,14
2417,navigation,14,12
2418,nearly,14,14
2419,neutral,14,14
2420,permafrost,14,7
2421,phenotypes,14,10
2422,planned,14,14
2423,policy,14,10
2424,pollen,14,9
2425,pool,14,5
2426,potentials,14,13
2427,previous,14,13
2428,problems,14,14
2429,realized,14,14
2430,reducing,14,10
2431,referred,14,14
2432,respective,14,14
2433,rocket,14,8
2434,rolled,14,14
2435,rolls,14,14
2436,satellites,14,10
2437,scales,14,10
2438,separately,14,14
2439,sized,14,14
2440,spot,14,11
2441,strategy,14,13
2442,strongest,14,14
2443,subjected,14,13
2444,sunshine,14,9
2445,swings,14,12
2446,taut,14,11
2447,throwing,14,9
2448,tons,14,11
2449,tropical,14,12
2450,vegetables,14,12
2451,week,14,12
2452,weights,14,8
2453,yield,14,11
2454,ability,13,12
2455,absorption,13,7
2456,adding,13,13
2457,affects,13,13
2458,antarctic,13,13
2459,aquatic,13,12
2460,aspect,13,13
2461,associated,13,11
2462,astronomical,13,8
2463,barrel,13,6
2464,becoming,13,11
2465,bigger,13,11
2466,biggest,13,13
2467,brain,13,12
2468,breeding,13,11
2469,bring,13,13
2470,canada,13,9
2471,catch,13,12
2472,cents,13,4
2473,chose,13,7
2474,complex,13,11
2475,conduction,13,11
2476,contents,13,13
2477,daytime,13,13
2478,deep,13,13
2479,deposition,13,12
2480,differentiation,13,12
2481,dining,13,3
2482,dipole,13,7
2483,dissipation,13,10
2484,drought,13,8
2485,emission,13,12
2486,entered,13,12
2487,equations,13,13
2488,eventually,13,13
2489,fan,13,5
2490,flying,13,11
2491,football,13,5
2492,further,13,13
2493,gold,13,8
2494,han,13,8
2495,heights,13,11
2496,hollow,13,12
2497,home,13,11
2498,incenter,13,13
2499,inextensible,13,13
2500,intermolecular,13,13
2501,joule,13,13
2502,lights,13,10
2503,lithosphere,13,11
2504,logo,13,8
2505,mars,13,4
2506,measurements,13,13
2507,medians,13,13
2508,mother,13,8
2509,norway,13,5
2510,npn,13,12
2511,odd,13,12
2512,own,13,12
2513,partially,13,11
2514,permeability,13,11
2515,placing,13,13
2516,png,13,13
2517,projection,13,11
2518,reasons,13,13
2519,remote,13,12
2520,rocks,13,13
2521,rst,13,12
2522,run,13,12
2523,salt,13,9
2524,sampled,13,11
2525,seasons,13,13
2526,sec,13,11
2527,selection,13,12
2528,significantly,13,12
2529,situated,13,13
2530,soft,13,13
2531,southwest,13,13
2532,spokes,13,7
2533,statements,13,12
2534,sulfate,13,11
2535,surrounded,13,11
2536,teacher,13,12
2537,territory,13,13
2538,thereby,13,13
2539,therefore,13,13
2540,tibet,13,10
2541,tile,13,10
2542,trisection,13,12
2543,trunk,13,7
2544,versus,13,13
2545,x0008,13,12
2546,xiaoming,13,11
2547,abf,12,11
2548,actively,12,12
2549,adjoining,12,12
2550,allele,12,8
2551,american,12,11
2552,amusement,12,12
2553,arid,12,10
2554,artificial,12,12
2555,atm,12,11
2556,bae,12,12
2557,baf,12,12
2558,bars,12,5
2559,became,12,10
2560,biased,12,12
2561,billboard,12,3
2562,bits,12,11
2563,bohai,12,8
2564,books,12,5
2565,bounces,12,12
2566,boundaries,12,8
2567,boxes,12,7
2568,branches,12,11
2569,brazil,12,9
2570,bricks,12,7
2571,cdb,12,11
2572,century,12,12
2573,circuited,12,11
2574,conclusion,12,12
2575,confidence,12,12
2576,count,12,11
2577,crane,12,6
2578,crosses,12,7
2579,cultivation,12,12
2580,curvature,12,7
2581,darth,12,3
2582,depict,12,12
2583,desert,12,12
2584,diamond,12,12
2585,differ,12,12
2586,doping,12,7
2587,drainage,12,11
2588,drops,12,11
2589,exert,12,9
2590,explore,12,12
2591,exposed,12,10
2592,fastest,12,12
2593,february,12,12
2594,fed,12,12
2595,finite,12,11
2596,fountain,12,3
2597,fringe,12,9
2598,got,12,4
2599,grape,12,8
2600,grasshopper,12,12
2601,gun,12,10
2602,him,12,9
2603,hold,12,11
2604,hybridization,12,9
2605,income,12,8
2606,inductive,12,12
2607,influencing,12,12
2608,inherited,12,12
2609,instead,12,12
2610,internally,12,8
2611,jilin,12,7
2612,john,12,7
2613,judged,12,12
2614,laboratory,12,10
2615,lander,12,6
2616,larva,12,11
2617,leg,12,11
2618,link,12,11
2619,loess,12,9
2620,lossless,12,12
2621,magic,12,8
2622,measurement,12,12
2623,metabolic,12,10
2624,mouth,12,10
2625,municipality,12,8
2626,nyquist,12,8
2627,observe,12,12
2628,oleic,12,2
2629,paint,12,7
2630,pearl,12,10
2631,performs,12,12
2632,phenotype,12,8
2633,planes,12,11
2634,producers,12,12
2635,prove,12,12
2636,railways,12,9
2637,ranging,12,12
2638,reciprocal,12,10
2639,reflection,12,11
2640,ride,12,7
2641,roads,12,10
2642,rpm,12,8
2643,said,12,11
2644,sandstorms,12,8
2645,seat,12,9
2646,sensor,12,10
2647,shaft,12,9
2648,shooting,12,10
2649,sichuan,12,9
2650,solubility,12,12
2651,stand,12,8
2652,status,12,12
2653,stones,12,6
2654,substrate,12,12
2655,sucrose,12,5
2656,switches,12,12
2657,tail,12,10
2658,trapezoids,12,9
2659,trigger,12,10
2660,triggered,12,11
2661,trophic,12,9
2662,vader,12,3
2663,valves,12,6
2664,walking,12,12
2665,warm,12,11
2666,waveforms,12,11
2667,wings,12,7
2668,2bc,11,11
2669,2nd,11,10
2670,abcdefgh,11,10
2671,abp,11,11
2672,absolute,11,10
2673,aco,11,7
2674,adjusting,11,10
2675,admittance,11,11
2676,aecf,11,9
2677,airbag,11,2
2678,airport,11,5
2679,annulus,11,4
2680,antarctica,11,11
2681,approaches,11,11
2682,ascent,11,9
2683,asia,11,11
2684,assembled,11,11
2685,balloons,11,7
2686,basis,11,11
2687,bca,11,11
2688,began,11,11
2689,bending,11,9
2690,beq,11,11
2691,beside,11,11
2692,bisecting,11,10
2693,bjt,11,8
2694,brake,11,10
2695,break,11,8
2696,bridges,11,7
2697,bubble,11,2
2698,buffer,11,9
2699,cardboard,11,4
2700,cathode,11,9
2701,cdf,11,11
2702,chromatography,11,7
2703,clothing,11,9
2704,cof,11,11
2705,coleoptile,11,3
2706,commodity,11,7
2707,commonly,11,11
2708,competition,11,10
2709,cooling,11,5
2710,correlation,11,10
2711,cosmic,11,9
2712,dcb,11,10
2713,decomposition,11,10
2714,deer,11,11
2715,delivered,11,11
2716,demonstration,11,11
2717,denotes,11,11
2718,derive,11,10
2719,detergent,11,4
2720,dictionary,11,1
2721,disc,11,6
2722,discovered,11,11
2723,discrete,11,11
2724,display,11,8
2725,dropped,11,7
2726,ead,11,11
2727,eastward,11,8
2728,edc,11,9
2729,enamel,11,4
2730,encloses,11,10
2731,equipped,11,11
2732,escape,11,4
2733,eta,11,11
2734,exam,11,9
2735,excited,11,11
2736,exiting,11,9
2737,experiments,11,11
2738,faced,11,11
2739,feature,11,11
2740,fitted,11,11
2741,fluorescent,11,10
2742,foreign,11,10
2743,freight,11,8
2744,frequencies,11,10
2745,fringes,11,5
2746,generating,11,11
2747,goalkeeper,11,5
2748,grassland,11,11
2749,grow,11,10
2750,guizhou,11,10
2751,hot,11,6
2752,includes,11,11
2753,inflow,11,10
2754,international,11,11
2755,isolines,11,11
2756,jiuquan,11,9
2757,judging,11,11
2758,landscapes,11,11
2759,lily,11,5
2760,links,11,9
2761,logistics,11,7
2762,margin,11,10
2763,minimal,11,10
2764,missing,11,11
2765,motorcycle,11,3
2766,mutation,11,11
2767,newly,11,11
2768,nor,11,11
2769,nuclear,11,9
2770,nucleus,11,9
2771,ocd,11,8
2772,ohm,11,10
2773,ones,11,10
2774,ordered,11,9
2775,oscillations,11,9
2776,outline,11,8
2777,page,11,10
2778,peat,11,2
2779,photographer,11,7
2780,phylogenetic,11,8
2781,prey,11,11
2782,promote,11,11
2783,protons,11,9
2784,public,11,10
2785,pumps,11,5
2786,purely,11,10
2787,purpose,11,11
2788,quadrants,11,10
2789,quantum,11,4
2790,rapidly,11,11
2791,regulated,11,9
2792,regulation,11,9
2793,relocation,11,5
2794,rendezvous,11,8
2795,rent,11,11
2796,report,11,9
2797,ridge,11,9
2798,rising,11,11
2799,roll,11,9
2800,rural,11,11
2801,sequential,11,11
2802,shared,11,11
2803,shares,11,9
2804,slightly,11,11
2805,snail,11,7
2806,southeastern,11,11
2807,special,11,11
2808,stars,11,7
2809,stuck,11,11
2810,sugar,11,10
2811,supports,11,7
2812,tensions,11,10
2813,theory,11,8
2814,thus,11,11
2815,tomato,11,5
2816,trade,11,10
2817,traditional,11,10
2818,varieties,11,9
2819,variety,11,8
2820,want,11,8
2821,wine,11,6
2822,withstand,11,9
2823,xyz,11,10
2824,young,11,11
2825,100m,10,9
2826,10v,10,10
2827,314t,10,7
2828,aba,10,3
2829,absorbs,10,10
2830,accident,10,10
2831,achieved,10,10
2832,adam,10,5
2833,aeb,10,10
2834,afb,10,10
2835,afc,10,10
2836,allowing,10,10
2837,allows,10,10
2838,although,10,10
2839,analyzed,10,10
2840,answers,10,9
2841,arctic,10,9
2842,argon,10,5
2843,arms,10,7
2844,asymptotic,10,10
2845,atlantic,10,10
2846,autumn,10,8
2847,bof,10,10
2848,book,10,6
2849,brightness,10,10
2850,brought,10,10
2851,cake,10,5
2852,call,10,10
2853,cat,10,5
2854,cbf,10,9
2855,ch3ch,10,7
2856,chloride,10,6
2857,chopper,10,9
2858,circuits,10,10
2859,coleoptiles,10,3
2860,coming,10,10
2861,communication,10,9
2862,cord,10,10
2863,cubical,10,7
2864,cuno,10,10
2865,darts,10,8
2866,declined,10,10
2867,departments,10,9
2868,dependence,10,10
2869,depicts,10,10
2870,desired,10,8
2871,desorption,10,2
2872,diaoyu,10,6
2873,displaced,10,7
2874,diurnal,10,9
2875,dividing,10,10
2876,diving,10,5
2877,dollars,10,9
2878,dome,10,4
2879,domestic,10,9
2880,drying,10,3
2881,dryness,10,4
2882,eab,10,10
2883,efc,10,8
2884,employees,10,7
2885,eod,10,10
2886,establish,10,10
2887,european,10,8
2888,extremely,10,10
2889,fifth,10,10
2890,fills,10,9
2891,flask,10,3
2892,gdp,10,5
2893,geostationary,10,5
2894,glasses,10,3
2895,glue,10,5
2896,grows,10,8
2897,hands,10,5
2898,helium,10,8
2899,help,10,10
2900,highly,10,10
2901,hpa,10,10
2902,hundred,10,10
2903,hypothesis,10,9
2904,images,10,8
2905,implement,10,10
2906,included,10,10
2907,inheritance,10,8
2908,inserted,10,7
2909,intensities,10,8
2910,interface,10,10
2911,intervals,10,10
2912,isobars,10,10
2913,jklm,10,10
2914,kunming,10,10
2915,laptop,10,5
2916,lateral,10,10
2917,lens,10,5
2918,locks,10,9
2919,males,10,8
2920,manner,10,10
2921,migrant,10,7
2922,mining,10,8
2923,modes,10,10
2924,moisture,10,7
2925,monsoon,10,10
2926,mosfet,10,7
2927,motionless,10,9
2928,nacl,10,6
2929,narrow,10,9
2930,neighbours,10,5
2931,nodes,10,9
2932,obviously,10,10
2933,package,10,2
2934,passage,10,8
2935,paul,10,6
2936,peptide,10,8
2937,permittivity,10,8
2938,phenomena,10,9
2939,pictures,10,8
2940,planks,10,3
2941,pointed,10,10
2942,produces,10,10
2943,propagates,10,9
2944,pushed,10,10
2945,raindrop,10,2
2946,rainy,10,9
2947,raised,10,10
2948,rapeseed,10,3
2949,rather,10,10
2950,receiving,10,9
2951,records,10,10
2952,reflex,10,8
2953,relaxed,10,7
2954,releases,10,9
2955,replace,10,10
2956,residues,10,4
2957,rides,10,6
2958,rightward,10,9
2959,roller,10,4
2960,russia,10,9
2961,safely,10,8
2962,samples,10,9
2963,saturated,10,9
2964,scheme,10,9
2965,select,10,9
2966,separates,10,8
2967,sequentially,10,10
2968,serve,10,10
2969,sex,10,9
2970,shale,10,9
2971,sharks,10,7
2972,shore,10,8
2973,simplicity,10,10
2974,sky,10,10
2975,sleeved,10,9
2976,slow,10,10
2977,snakes,10,10
2978,sofa,10,2
2979,somewhat,10,7
2980,soybean,10,6
2981,spectrometer,10,10
2982,spinning,10,10
2983,squared,10,10
2984,stabilization,10,8
2985,stack,10,6
2986,subsequently,10,10
2987,suburban,10,7
2988,successively,10,8
2989,sufficient,10,10
2990,super,10,3
2991,taiwan,10,9
2992,tertiary,10,10
2993,testing,10,9
2994,theorem,10,10
2995,thevenin,10,10
2996,thousand,10,10
2997,tightly,10,10
2998,tip,10,8
2999,toothpicks,10,4
3000,training,10,8
3001,transformers,10,10
3002,transported,10,10
3003,trapezium,10,7
3004,tray,10,6
3005,trip,10,10
3006,truth,10,8
3007,tungsten,10,4
3008,turbine,10,3
3009,twelve,10,7
3010,unfolded,10,10
3011,universe,10,6
3012,virtual,10,6
3013,volcanic,10,8
3014,wanted,10,8
3015,weigh,10,8
3016,wrapped,10,8
3017,wrote,10,10
3018,wuhan,10,7
3019,yeast,10,4
3020,accounts,9,8
3021,accumulated,9,6
3022,acf,9,9
3023,adithya,9,3
3024,adjust,9,9
3025,afe,9,9
3026,aged,9,5
3027,ants,9,7
3028,approximated,9,9
3029,arch,9,4
3030,arrives,9,9
3031,atomic,9,9
3032,automatic,9,9
3033,ayding,9,3
3034,bamboo,9,5
3035,beetle,9,9
3036,benefit,9,9
3037,bisect,9,9
3038,blowing,9,7
3039,bush,9,5
3040,button,9,7
3041,cancer,9,5
3042,cef,9,9
3043,charging,9,4
3044,chooses,9,7
3045,chute,9,1
3046,cmos,9,9
3047,cob,9,9
3048,combinations,9,8
3049,conductivity,9,9
3050,conductors,9,5
3051,consistent,9,8
3052,constraint,9,9
3053,coulomb,9,9
3054,counted,9,9
3055,covers,9,8
3056,crawls,9,7
3057,crossbeam,9,3
3058,curling,9,2
3059,department,9,8
3060,depend,9,9
3061,derivative,9,9
3062,deviates,9,9
3063,differentiable,9,9
3064,dissolved,9,4
3065,distilled,9,9
3066,drives,9,9
3067,elapsed,9,8
3068,elderly,9,6
3069,electrodes,9,8
3070,emit,9,9
3071,entries,9,6
3072,evaluate,9,8
3073,event,9,8
3074,excellent,9,9
3075,excess,9,8
3076,existing,9,9
3077,extinct,9,9
3078,eyes,9,7
3079,faster,9,9
3080,features,9,9
3081,fence,9,4
3082,flasks,9,7
3083,fleshed,9,2
3084,fragment,9,6
3085,freezing,9,8
3086,friends,9,4
3087,fujian,9,9
3088,gaps,9,6
3089,generations,9,8
3090,glacier,9,5
3091,gland,9,7
3092,goldfish,9,4
3093,government,9,9
3094,gpcr,9,5
3095,grams,9,7
3096,granite,9,6
3097,greenland,9,4
3098,guangdong,9,7
3099,guiding,9,6
3100,holding,9,8
3101,homogeneous,9,9
3102,iaa,9,3
3103,imaginary,9,9
3104,indicating,9,9
3105,inhibition,9,6
3106,insulin,9,4
3107,isobar,9,9
3108,isotope,9,8
3109,karnaugh,9,8
3110,kunlun,9,8
3111,labels,9,8
3112,laplace,9,9
3113,lead,9,9
3114,lhasa,9,5
3115,listed,9,9
3116,locus,9,7
3117,london,9,8
3118,looks,9,9
3119,luminous,9,5
3120,maintaining,9,9
3121,management,9,9
3122,manages,9,9
3123,maria,9,9
3124,match,9,7
3125,mineral,9,9
3126,mostly,9,9
3127,moths,9,3
3128,multinational,9,5
3129,multiplexer,9,9
3130,nearby,9,9
3131,neither,9,9
3132,nominal,9,9
3133,opens,9,6
3134,oscilloscope,9,7
3135,otherwise,9,9
3136,parabolic,9,7
3137,parents,9,9
3138,particulate,9,9
3139,peninsula,9,7
3140,pentagons,9,6
3141,peru,9,6
3142,physics,9,9
3143,pin,9,7
3144,pipes,9,2
3145,pivot,9,9
3146,plains,9,7
3147,planted,9,8
3148,prominent,9,9
3149,protective,9,7
3150,protractor,9,7
3151,pupa,9,9
3152,puts,9,8
3153,rabbit,9,9
3154,radians,9,7
3155,radio,9,7
3156,rare,9,6
3157,rating,9,8
3158,rectilinear,9,9
3159,referring,9,9
3160,reproductive,9,9
3161,rests,9,9
3162,returned,9,8
3163,rightmost,9,5
3164,rna,9,9
3165,roots,9,9
3166,rose,9,8
3167,rule,9,9
3168,ruler,9,8
3169,safe,9,7
3170,sales,9,5
3171,salinity,9,8
3172,scenario,9,8
3173,scr,9,4
3174,seedlings,9,7
3175,selector,9,4
3176,sheets,9,7
3177,shishi,9,3
3178,skateboard,9,2
3179,slip,9,9
3180,slipping,9,8
3181,sochi,9,3
3182,social,9,9
3183,spinal,9,5
3184,stain,9,5
3185,starch,9,4
3186,stay,9,9
3187,storehouse,9,3
3188,stretched,9,7
3189,subsequent,9,9
3190,successful,9,9
3191,successive,9,9
3192,summarized,9,9
3193,surroundings,9,6
3194,sustainable,9,9
3195,tap,9,5
3196,teaching,9,3
3197,technical,9,9
3198,temperate,9,9
3199,tengchong,9,6
3200,text,9,8
3201,thailand,9,6
3202,threaded,9,9
3203,throw,9,7
3204,tiled,9,6
3205,tom,9,6
3206,tourists,9,7
3207,traced,9,9
3208,treat,9,9
3209,treatment,9,8
3210,try,9,9
3211,tunnel,9,5
3212,underground,9,9
3213,underwater,9,6
3214,varying,9,8
3215,volcano,9,7
3216,weighing,9,8
3217,wilderness,9,3
3218,xijiang,9,3
3219,yuan,9,7
3220,zhongshan,9,6
3221,10k,8,8
3222,1st,8,5
3223,20x,8,6
3224,2ad,8,8
3225,abundant,8,8
3226,accurate,8,8
3227,activated,8,7
3228,adjustment,8,8
3229,adopted,8,8
3230,albinism,8,4
3231,alcohol,8,5
3232,algebraic,8,8
3233,allocation,8,6
3234,allow,8,8
3235,alternately,8,8
3236,altitudes,8,8
3237,amn,8,7
3238,apex,8,8
3239,apogee,8,6
3240,appeared,8,8
3241,armature,8,4
3242,arrange,8,7
3243,art,8,3
3244,asian,8,7
3245,athens,8,6
3246,beds,8,4
3247,besides,8,8
3248,biology,8,8
3249,biomass,8,5
3250,birthday,8,6
3251,blades,8,4
3252,boost,8,7
3253,booth,8,3
3254,bow,8,6
3255,boxplots,8,5
3256,breakdown,8,8
3257,buck,8,7
3258,calcium,8,4
3259,cape,8,4
3260,ced,8,8
3261,chips,8,4
3262,cmhg,8,5
3263,collinear,8,7
3264,comprehensive,8,8
3265,condensation,8,8
3266,coniferous,8,6
3267,continents,8,7
3268,continued,8,8
3269,contract,8,4
3270,conversion,8,8
3271,darkness,8,6
3272,dbce,8,8
3273,dbe,8,7
3274,decline,8,7
3275,decreasing,8,8
3276,deflected,8,7
3277,denmark,8,7
3278,denote,8,8
3279,depression,8,6
3280,dob,8,8
3281,dragonfly,8,8
3282,drilled,8,7
3283,driven,8,8
3284,drosophila,8,1
3285,dye,8,2
3286,dynamics,8,8
3287,dynasty,8,8
3288,efg,8,7
3289,electromagnet,8,4
3290,enclosure,8,2
3291,engaged,8,8
3292,eroded,8,6
3293,establishing,8,8
3294,evenly,8,7
3295,exceeds,8,8
3296,except,8,8
3297,excitation,8,8
3298,existence,8,8
3299,explanation,8,8
3300,eyed,8,3
3301,eyeless,8,2
3302,farmer,8,3
3303,farming,8,8
3304,feeding,8,8
3305,fewer,8,8
3306,fire,8,5
3307,firing,8,7
3308,fragments,8,6
3309,furnace,8,3
3310,gains,8,8
3311,garbage,8,3
3312,gev,8,1
3313,glued,8,7
3314,glume,8,2
3315,grounded,8,7
3316,hainan,8,4
3317,harbin,8,7
3318,headquarters,8,7
3319,hectares,8,8
3320,heihe,8,4
3321,hemispheres,8,5
3322,henan,8,6
3323,hexagonal,8,6
3324,hexi,8,5
3325,hidden,8,6
3326,hillside,8,5
3327,historical,8,7
3328,horse,8,7
3329,humidity,8,8
3330,hypothetical,8,8
3331,idea,8,8
3332,illuminated,8,6
3333,image2,8,8
3334,infection,8,6
3335,infinity,8,4
3336,inhalable,8,8
3337,inland,8,8
3338,insert,8,8
3339,integral,8,6
3340,integrated,8,8
3341,intersected,8,8
3342,involves,8,8
3343,isolated,8,8
3344,isoline,8,8
3345,jack,8,2
3346,jkl,8,7
3347,kanga,8,3
3348,lack,8,8
3349,laws,8,8
3350,lifting,8,7
3351,ligase,8,3
3352,lighthouse,8,3
3353,limiting,8,8
3354,list,8,6
3355,live,8,8
3356,living,8,8
3357,locally,8,8
3358,lorentz,8,7
3359,mature,8,8
3360,megacity,8,8
3361,melting,8,6
3362,mnpq,8,7
3363,monitored,8,8
3364,mosquito,8,8
3365,mover,8,1
3366,naturally,8,8
3367,nature,8,8
3368,necessarily,8,8
3369,needle,8,5
3370,never,8,8
3371,nitrogen,8,8
3372,notation,8,7
3373,nozzle,8,5
3374,nutrients,8,7
3375,observing,8,8
3376,occupied,8,8
3377,olympics,8,7
3378,operations,8,7
3379,optical,8,8
3380,ordinate,8,8
3381,organizes,8,8
3382,overcome,8,8
3383,partition,8,2
3384,pedestrian,8,3
3385,perfume,8,2
3386,phases,8,7
3387,physiological,8,8
3388,pigment,8,6
3389,planets,8,3
3390,plasma,8,6
3391,plastic,8,6
3392,plotted,8,8
3393,pointer,8,4
3394,polarity,8,8
3395,pollution,8,6
3396,polygons,8,8
3397,powered,8,8
3398,pressed,8,8
3399,properties,8,8
3400,qatar,8,3
3401,radian,8,6
3402,register,8,5
3403,relay,8,6
3404,repeated,8,8
3405,require,8,7
3406,requirements,8,8
3407,residents,8,7
3408,rhombuses,8,4
3409,ripened,8,8
3410,rodents,8,6
3411,rowing,8,3
3412,rules,8,8
3413,sat,8,8
3414,seal,8,8
3415,secretion,8,5
3416,semester,8,2
3417,sensitive,8,8
3418,severe,8,8
3419,shanxi,8,8
3420,shoots,8,8
3421,shortage,8,8
3422,silk,8,5
3423,sits,8,8
3424,sixth,8,8
3425,skin,8,4
3426,slab,8,5
3427,sliders,8,2
3428,someone,8,8
3429,southward,8,8
3430,spin,8,2
3431,spray,8,4
3432,staircase,8,4
3433,stimulated,8,4
3434,stopcocks,8,6
3435,strain,8,4
3436,strikes,8,7
3437,sulfur,8,8
3438,swinging,8,7
3439,switched,8,8
3440,tables,8,4
3441,tangentially,8,8
3442,tape,8,3
3443,testosterone,8,5
3444,tests,8,5
3445,thicker,8,8
3446,tilted,8,5
3447,timer,8,8
3448,toy,8,7
3449,transconductance,8,8
3450,transgenic,8,4
3451,transpiration,8,7
3452,triggering,8,8
3453,undertaking,8,6
3454,underwent,8,8
3455,union,8,8
3456,unique,8,8
3457,universal,8,6
3458,unstable,8,7
3459,utility,8,1
3460,valid,8,8
3461,venus,8,2
3462,vibrate,8,6
3463,visit,8,8
3464,volcanoes,8,7
3465,warning,8,6
3466,watershed,8,8
3467,weighs,8,6
3468,widely,8,8
3469,zhejiang,8,7
3470,zonal,8,8
3471,zooplankton,8,5
3472,2cd,7,7
3473,3ax,7,7
3474,3rd,7,7
3475,acc,7,3
3476,accelerator,7,6
3477,acetic,7,5
3478,acre,7,7
3479,adder,7,2
3480,additionally,7,7
3481,address,7,6
3482,adds,7,7
3483,adiabatic,7,7
3484,adjustable,7,7
3485,aging,7,3
3486,ago,7,7
3487,alexandria,7,2
3488,america,7,6
3489,ammeters,7,5
3490,analog,7,7
3491,ancestral,7,7
3492,anode,7,7
3493,antibiotic,7,7
3494,aobc,7,5
3495,ape,7,7
3496,apparent,7,6
3497,appliance,7,5
3498,aqueous,7,7
3499,arabidopsis,7,6
3500,arbitrary,7,7
3501,arithmetic,7,4
3502,ask,7,7
3503,association,7,7
3504,australia,7,6
3505,background,7,7
3506,badge,7,3
3507,banks,7,7
3508,bay,7,5
3509,bced,7,7
3510,bcf,7,7
3511,bda,7,7
3512,beams,7,5
3513,bedf,7,5
3514,beidou,7,4
3515,billiard,7,5
3516,blast,7,4
3517,blocked,7,5
3518,bodies,7,6
3519,bounce,7,6
3520,bouncing,7,7
3521,bound,7,7
3522,bowl,7,4
3523,bpc,7,7
3524,brand,7,6
3525,business,7,5
3526,came,7,7
3527,capita,7,7
3528,carbonic,7,7
3529,care,7,7
3530,carriers,7,5
3531,carts,7,3
3532,caught,7,4
3533,causal,7,7
3534,ceq,7,7
3535,cherenkov,7,1
3536,chip,7,5
3537,chocolate,7,4
3538,collapse,7,4
3539,collided,7,6
3540,colonies,7,5
3541,complementary,7,7
3542,connects,7,7
3543,conservancy,7,4
3544,contestant,7,1
3545,continuing,7,7
3546,conventional,7,7
3547,council,7,7
3548,couple,7,5
3549,covering,7,7
3550,daylight,7,7
3551,dca,7,6
3552,decelerates,7,6
3553,decided,7,7
3554,decision,7,5
3555,decomposer,7,7
3556,deflect,7,7
3557,delays,7,6
3558,densities,7,7
3559,descends,7,7
3560,detect,7,7
3561,detector,7,2
3562,diagonally,7,7
3563,difficulty,7,7
3564,dimers,7,5
3565,dish,7,5
3566,disinfection,7,2
3567,disks,7,2
3568,displays,7,6
3569,dissociation,7,7
3570,distant,7,7
3571,doc,7,7
3572,doctors,7,3
3573,dog,7,5
3574,dusk,7,6
3575,eaf,7,7
3576,earthworms,7,3
3577,ecf,7,6
3578,education,7,7
3579,effectively,7,7
3580,eighth,7,5
3581,employment,7,7
3582,energies,7,7
3583,entirely,7,7
3584,eratosthenes,7,2
3585,everywhere,7,7
3586,exceeded,7,7
3587,excessive,7,7
3588,exerts,7,5
3589,expansion,7,5
3590,expedition,7,6
3591,exploring,7,7
3592,extracts,7,7
3593,farther,7,7
3594,finish,7,6
3595,forests,7,7
3596,france,7,4
3597,gaussian,7,7
3598,generate,7,7
3599,generates,7,7
3600,grains,7,5
3601,graphed,7,7
3602,guangxi,7,7
3603,guppies,7,3
3604,hairy,7,3
3605,handle,7,4
3606,hanging,7,7
3607,hangs,7,6
3608,hard,7,5
3609,harvesting,7,7
3610,hawk,7,7
3611,healthy,7,5
3612,hearts,7,4
3613,helicopter,7,5
3614,highways,7,6
3615,homologous,7,6
3616,immediate,7,7
3617,incircle,7,6
3618,indian,7,7
3619,indicators,7,7
3620,indices,7,7
3621,inertia,7,7
3622,intercity,7,3
3623,invest,7,7
3624,joins,7,7
3625,journey,7,7
3626,jupiter,7,2
3627,kick,7,6
3628,lamps,7,4
3629,lightweight,7,7
3630,lives,7,6
3631,locomotion,7,6
3632,lti,7,7
3633,luggage,7,1
3634,lungs,7,6
3635,mat,7,2
3636,matched,7,6
3637,matchsticks,7,4
3638,member,7,6
3639,mentioned,7,5
3640,metamorphosis,7,7
3641,mev,7,3
3642,microsatellite,7,1
3643,mitochondria,7,4
3644,mongolia,7,7
3645,mountainous,7,7
3646,municipalities,7,6
3647,mutually,7,7
3648,nail,7,6
3649,neon,7,5
3650,nmos,7,7
3651,notch,7,4
3652,notches,7,4
3653,noticed,7,6
3654,oasis,7,6
3655,objective,7,7
3656,obliquely,7,7
3657,obstacle,7,5
3658,obstacles,7,5
3659,obtains,7,7
3660,olympic,7,7
3661,orbiting,7,6
3662,ore,7,4
3663,outflow,7,7
3664,overcoming,7,6
3665,pathogenic,7,7
3666,pbcl,7,3
3667,pbi,7,3
3668,perfect,7,6
3669,perigee,7,5
3670,petrochemical,7,5
3671,photos,7,5
3672,phytoplankton,7,7
3673,pilot,7,3
3674,playing,7,7
3675,polarized,7,5
3676,pollutant,7,5
3677,pollutants,7,7
3678,poor,7,7
3679,posture,7,3
3680,presented,7,7
3681,prior,7,7
3682,profiles,7,7
3683,progresses,7,7
3684,pulp,7,7
3685,purify,7,4
3686,purple,7,4
3687,puzzle,7,3
3688,qrst,7,7
3689,radial,7,7
3690,rainstorm,7,4
3691,rainwater,7,5
3692,raise,7,7
3693,reactions,7,7
3694,realize,7,7
3695,rebounds,7,6
3696,recording,7,3
3697,refracted,7,6
3698,repeating,7,7
3699,requires,7,7
3700,restore,7,7
3701,riverbank,7,5
3702,roo,7,3
3703,roundabout,7,2
3704,sailing,7,7
3705,saline,7,7
3706,salinization,7,7
3707,sarah,7,2
3708,satisfied,7,7
3709,scatter,7,7
3710,seasonally,7,5
3711,seats,7,5
3712,sectors,7,6
3713,security,7,7
3714,services,7,7
3715,sewer,7,3
3716,shading,7,5
3717,shorted,7,5
3718,shouguang,7,4
3719,silo,7,2
3720,silver,7,5
3721,similitude,7,6
3722,simplest,7,7
3723,sin,7,7
3724,situations,7,6
3725,slopes,7,6
3726,snake,7,6
3727,soap,7,2
3728,solute,7,2
3729,sowing,7,4
3730,specialized,7,4
3731,spent,7,5
3732,splits,7,5
3733,stamps,7,3
3734,sticks,7,6
3735,stopped,7,7
3736,strata,7,6
3737,streets,7,5
3738,supplying,7,7
3739,supported,7,7
3740,sweet,7,7
3741,tablecloth,7,3
3742,tall,7,6
3743,temple,7,3
3744,tested,7,7
3745,tetrahedron,7,6
3746,thermally,7,7
3747,tianzhou,7,4
3748,ton,7,6
3749,topmost,7,7
3750,transit,7,7
3751,travelling,7,6
3752,tried,7,7
3753,trout,7,7
3754,underlying,7,6
3755,understand,7,7
3756,undistorted,7,7
3757,unequal,7,7
3758,unreasonable,7,7
3759,variability,7,5
3760,vessel,7,5
3761,vial,7,7
3762,vibrating,7,6
3763,viewing,7,5
3764,vigorously,7,7
3765,visual,7,5
3766,washing,7,4
3767,waste,7,7
3768,wetland,7,5
3769,widespread,7,7
3770,xor,7,6
3771,yellowed,7,2
3772,yulin,7,5
3773,18th,6,6
3774,1970s,6,6
3775,20th,6,6
3776,2bd,6,6
3777,4mm,6,4
3778,5cm,6,5
3779,5th,6,5
3780,aabb,6,2
3781,abnormal,6,6
3782,abscisic,6,4
3783,account,6,6
3784,accounted,6,6
3785,act,6,6
3786,actually,6,6
3787,afterward,6,6
3788,ages,6,3
3789,alternator,6,5
3790,ancestor,6,4
3791,antisense,6,2
3792,anywhere,6,6
3793,aof,6,6
3794,apc,6,6
3795,apparatus,6,5
3796,appearance,6,6
3797,applying,6,6
3798,approximation,6,6
3799,aridity,6,2
3800,arrived,6,6
3801,assembly,6,5
3802,attain,6,5
3803,bag,6,3
3804,bags,6,3
3805,bcde,6,5
3806,bearing,6,6
3807,believed,6,6
3808,bell,6,2
3809,benefits,6,5
3810,bfc,6,6
3811,binding,6,6
3812,biprism,6,1
3813,boards,6,3
3814,bpd,6,6
3815,brands,6,2
3816,brighter,6,6
3817,bristle,6,2
3818,buildings,6,6
3819,buoyant,6,4
3820,camp,6,3
3821,cao,6,4
3822,capacitive,6,6
3823,capital,6,6
3824,carla,6,1
3825,caterpillar,6,5
3826,cda,6,6
3827,ces,6,5
3828,cfe,6,6
3829,chambers,6,3
3830,channels,6,4
3831,chloroplasts,6,6
3832,circumcenter,6,6
3833,cleavage,6,5
3834,cliff,6,6
3835,climates,6,6
3836,climbing,6,6
3837,climbs,6,6
3838,coasts,6,5
3839,colouring,6,6
3840,comparator,6,6
3841,cong,6,2
3842,connections,6,5
3843,constructing,6,5
3844,contacts,6,4
3845,converters,6,2
3846,cords,6,6
3847,cosine,6,6
3848,crate,6,2
3849,crest,6,6
3850,crustaceans,6,6
3851,ctp,6,5
3852,cuboid,6,4
3853,cumulative,6,6
3854,cyclic,6,5
3855,dajing,6,1
3856,death,6,6
3857,decade,6,5
3858,deficit,6,3
3859,define,6,6
3860,deformation,6,6
3861,depletion,6,6
3862,des,6,2
3863,detroit,6,6
3864,dies,6,6
3865,diffusion,6,5
3866,digestion,6,5
3867,directional,6,4
3868,disappearance,6,6
3869,disconnected,6,6
3870,diseases,6,6
3871,distinctive,6,6
3872,divider,6,5
3873,docks,6,6
3874,dongfanghong,6,3
3875,donor,6,6
3876,dove,6,2
3877,drain,6,3
3878,draughts,6,2
3879,drift,6,6
3880,ebc,6,6
3881,ecd,6,6
3882,efficient,6,6
3883,emerging,6,6
3884,employed,6,4
3885,encoded,6,5
3886,encoder,6,1
3887,encounter,6,5
3888,ending,6,6
3889,engineering,6,6
3890,entrance,6,5
3891,entropy,6,5
3892,equidistant,6,6
3893,equinox,6,5
3894,estimated,6,6
3895,ethanol,6,4
3896,etiolation,6,2
3897,events,6,6
3898,examine,6,6
3899,exercise,6,6
3900,exhaust,6,5
3901,expects,6,6
3902,expo,6,5
3903,exposure,6,5
3904,extensive,6,6
3905,extracted,6,5
3906,extreme,6,5
3907,false,6,5
3908,fbi,6,3
3909,females,6,5
3910,fit,6,6
3911,flea,6,6
3912,flexible,6,6
3913,focal,6,3
3914,former,6,6
3915,foundation,6,5
3916,fuji,6,3
3917,games,6,6
3918,gathered,6,5
3919,gear,6,5
3920,geopark,6,5
3921,germination,6,2
3922,giving,6,6
3923,graduated,6,3
3924,halves,6,3
3925,histogram,6,6
3926,hotan,6,4
3927,hydrochloric,6,6
3928,identity,6,6
3929,impacts,6,6
3930,injection,6,6
3931,ink,6,6
3932,insulator,6,5
3933,interacting,6,3
3934,internet,6,5
3935,invariant,6,6
3936,inverted,6,6
3937,issued,6,4
3938,item,6,6
3939,jujubes,6,4
3940,junctions,6,3
3941,kepler,6,5
3942,key,6,6
3943,kmol,6,2
3944,kolkata,6,6
3945,lab,6,5
3946,ladder,6,3
3947,ladybird,6,4
3948,landed,6,6
3949,launching,6,5
3950,lawn,6,3
3951,lay,6,4
3952,leakage,6,6
3953,lilly,6,1
3954,limb,6,4
3955,liter,6,2
3956,liters,6,6
3957,lived,6,5
3958,locational,6,6
3959,longitudinal,6,4
3960,looked,6,6
3961,looking,6,6
3962,machines,6,3
3963,maize,6,4
3964,man,6,6
3965,marbles,6,1
3966,maximize,6,6
3967,maximizes,6,4
3968,mayfly,6,6
3969,mcn,6,6
3970,mechanization,6,6
3971,meiosis,6,5
3972,metabolized,6,6
3973,michaelis,6,3
3974,minerals,6,6
3975,mixture,6,6
3976,mmhg,6,4
3977,mobility,6,5
3978,modulo,6,6
3979,moines,6,2
3980,moist,6,6
3981,mole,6,6
3982,moles,6,6
3983,monitor,6,6
3984,motions,6,6
3985,mounted,6,6
3986,multiplication,6,6
3987,munich,6,6
3988,natal,6,3
3989,natb,6,2
3990,nationwide,6,4
3991,neurons,6,5
3992,news,6,6
3993,northeastern,6,6
3994,oars,6,1
3995,obtaining,6,6
3996,oced,6,4
3997,octane,6,2
3998,outstanding,6,4
3999,overtake,6,1
4000,packed,6,4
4001,paints,6,4
4002,pamp,6,6
4003,parallelepiped,6,5
4004,patients,6,5
4005,paying,6,6
4006,performer,6,3
4007,permanent,6,5
4008,permittivities,6,6
4009,phasor,6,4
4010,photons,6,6
4011,pipeline,6,5
4012,plays,6,6
4013,plum,6,4
4014,polarizer,6,3
4015,polymerization,6,2
4016,ports,6,6
4017,potato,6,5
4018,powers,6,6
4019,pqmn,6,4
4020,predetermined,6,4
4021,primle,6,1
4022,pulses,6,6
4023,pumping,6,4
4024,qilin,6,3
4025,quantizer,6,3
4026,queqiao,6,1
4027,raccoon,6,3
4028,racing,6,2
4029,railgun,6,2
4030,ranking,6,3
4031,rational,6,6
4032,ratios,6,6
4033,reasonably,6,6
4034,receiver,6,6
4035,reduces,6,5
4036,rental,6,4
4037,repeats,6,6
4038,representing,6,6
4039,reproduction,6,5
4040,resistant,6,4
4041,responsible,6,6
4042,restoring,6,5
4043,revolutions,6,4
4044,ribbons,6,3
4045,rider,6,3
4046,rocky,6,2
4047,rotor,6,4
4048,sale,6,6
4049,scene,6,6
4050,scenic,6,4
4051,scored,6,2
4052,seals,6,5
4053,seater,6,1
4054,sense,6,6
4055,sensing,6,6
4056,sequences,6,6
4057,serious,6,6
4058,setting,6,3
4059,sexual,6,5
4060,shark,6,5
4061,shop,6,6
4062,shortened,6,6
4063,shrimp,6,6
4064,simulation,6,3
4065,siren,6,3
4066,slit,6,4
4067,soon,6,6
4068,spain,6,3
4069,span,6,6
4070,specimen,6,3
4071,specimens,6,3
4072,stomach,6,6
4073,stopping,6,6
4074,store,6,6
4075,storm,6,4
4076,strategic,6,4
4077,strictly,6,6
4078,stripes,6,6
4079,substitution,6,6
4080,superposition,6,6
4081,surplus,6,2
4082,survey,6,6
4083,suspend,6,6
4084,swims,6,2
4085,tanning,6,2
4086,taxi,6,1
4087,television,6,3
4088,thermistor,6,3
4089,tide,6,1
4090,tilt,6,5
4091,tortoise,6,3
4092,tour,6,2
4093,transcription,6,4
4094,trolleys,6,2
4095,truncated,6,2
4096,tsunami,6,6
4097,twenty,6,5
4098,ultrasonic,6,1
4099,uninhabited,6,6
4100,user,6,4
4101,vary,6,6
4102,vestigial,6,4
4103,views,6,5
4104,washington,6,4
4105,wastelands,6,3
4106,westerlies,6,3
4107,wetted,6,3
4108,windings,6,5
4109,women,6,5
4110,wood,6,5
4111,worst,6,4
4112,wrong,6,6
4113,yet,6,6
4114,yizhuang,6,4
4115,zhangmu,6,5
4116,zoo,6,3
4117,1980s,5,5
4118,1cm,5,5
4119,20k,5,5
4120,220v,5,5
4121,abde,5,4
4122,abef,5,5
4123,absence,5,5
4124,absorb,5,5
4125,acde,5,5
4126,acetyl,5,4
4127,acrobat,5,4
4128,acted,5,5
4129,adapted,5,5
4130,adders,5,5
4131,adef,5,5
4132,adf,5,5
4133,administration,5,3
4134,adults,5,3
4135,advanced,5,4
4136,aeg,5,4
4137,affinity,5,5
4138,aforementioned,5,4
4139,agave,5,2
4140,agb,5,5
4141,agf,5,5
4142,alice,5,3
4143,almost,5,5
4144,ambulance,5,1
4145,amu,5,5
4146,andrew,5,5
4147,appearing,5,5
4148,application,5,5
4149,apply,5,5
4150,arkkkk60491,5,3
4151,arrival,5,5
4152,aspartate,5,5
4153,astronauts,5,4
4154,atp,5,3
4155,attaching,5,5
4156,attained,5,5
4157,attempt,5,4
4158,attention,5,5
4159,attraction,5,4
4160,automatically,5,5
4161,autotransformer,5,3
4162,bao,5,5
4163,barbara,5,4
4164,baskets,5,1
4165,baud,5,4
4166,beak,5,5
4167,beakers,5,5
4168,beryllium,5,1
4169,beverage,5,3
4170,beyond,5,5
4171,bike,5,5
4172,billion,5,4
4173,biocapacity,5,3
4174,biochemical,5,3
4175,blow,5,5
4176,bold,5,5
4177,bon,5,5
4178,breaker,5,2
4179,burned,5,4
4180,buses,5,5
4181,cabbage,5,2
4182,calm,5,5
4183,cannon,5,1
4184,capacitances,5,5
4185,carefully,5,5
4186,carl,5,4
4187,category,5,5
4188,cba,5,5
4189,cdo,5,5
4190,ceb,5,5
4191,censuses,5,5
4192,centerline,5,3
4193,centrally,5,5
4194,chains,5,4
4195,charger,5,1
4196,chess,5,5
4197,chickens,5,3
4198,choice,5,5
4199,classmate,5,5
4200,classmates,5,2
4201,clouds,5,3
4202,coa,5,4
4203,coincident,5,5
4204,college,5,4
4205,combinational,5,5
4206,comparative,5,5
4207,compensator,5,5
4208,concave,5,2
4209,concluded,5,5
4210,conserved,5,5
4211,contractile,5,5
4212,controls,5,5
4213,convert,5,5
4214,cookie,5,2
4215,cooperation,5,5
4216,cores,5,3
4217,correlated,5,5
4218,coupled,5,5
4219,creates,5,5
4220,criminal,5,1
4221,cuboids,5,3
4222,cultured,5,5
4223,cups,5,4
4224,cushion,5,3
4225,cycles,5,5
4226,danger,5,4
4227,danxia,5,3
4228,darlington,5,5
4229,deb,5,5
4230,decades,5,5
4231,decelerating,5,5
4232,decides,5,5
4233,deck,5,2
4234,dedicated,5,4
4235,deeply,5,5
4236,degradation,5,5
4237,descending,5,4
4238,designs,5,5
4239,destinations,5,5
4240,destroyed,5,5
4241,detergents,5,4
4242,develops,5,5
4243,diamonds,5,4
4244,diana,5,5
4245,dianchi,5,4
4246,diluted,5,5
4247,diploid,5,5
4248,diprotic,5,5
4249,discs,5,3
4250,dishes,5,1
4251,disinfectant,5,2
4252,distortion,5,5
4253,dominated,5,4
4254,don,5,5
4255,dough,5,3
4256,downhill,5,3
4257,dried,5,4
4258,duck,5,3
4259,dunhuang,5,3
4260,dwellings,5,3
4261,earliest,5,5
4262,easy,5,5
4263,eaten,5,5
4264,ebd,5,5
4265,ebony,5,2
4266,edf,5,5
4267,eff,5,2
4268,ejected,5,5
4269,elongations,5,5
4270,embryonic,5,4
4271,emerge,5,5
4272,enable,5,5
4273,endophytic,5,1
4274,endosperm,5,2
4275,energized,5,4
4276,equatorial,5,5
4277,eruption,5,5
4278,especially,5,5
4279,estuary,5,5
4280,etalon,5,1
4281,ethnic,5,3
4282,eurasian,5,4
4283,exchanged,5,5
4284,expenditure,5,3
4285,explores,5,5
4286,extends,5,5
4287,extracellular,5,3
4288,extraction,5,3
4289,eyelets,5,1
4290,farm,5,5
4291,farmers,5,5
4292,farms,5,5
4293,fde,5,5
4294,festival,5,5
4295,finds,5,5
4296,finished,5,5
4297,fishes,5,5
4298,fits,5,5
4299,fleas,5,3
4300,fluorine,5,2
4301,format,5,4
4302,forth,5,5
4303,fractions,5,5
4304,freshwater,5,5
4305,frontal,5,5
4306,fronts,5,5
4307,frustum,5,3
4308,geometry,5,5
4309,geomorphological,5,5
4310,germanium,5,1
4311,gfp,5,3
4312,gis,5,3
4313,glider,5,1
4314,goats,5,3
4315,golmud,5,3
4316,grapes,5,4
4317,grasses,5,5
4318,grasshoppers,5,5
4319,grindstone,5,1
4320,h2co3,5,5
4321,habitat,5,4
4322,hatched,5,5
4323,helmet,5,1
4324,hence,5,3
4325,herbivores,5,5
4326,holiday,5,4
4327,homodimer,5,4
4328,homozygotes,5,3
4329,homozygous,5,5
4330,hope,5,4
4331,horizon,5,4
4332,household,5,5
4333,hui,5,5
4334,humid,5,4
4335,hypotenuses,5,5
4336,icing,5,3
4337,illustration,5,5
4338,imagine,5,4
4339,img,5,5
4340,immersed,5,4
4341,impedances,5,5
4342,incompressible,5,5
4343,infiltration,5,5
4344,influences,5,5
4345,inhibitor,5,5
4346,install,5,5
4347,intercepted,5,5
4348,interception,5,4
4349,inversion,5,3
4350,involved,5,5
4351,irregular,5,4
4352,isobaric,5,4
4353,items,5,5
4354,jane,5,3
4355,jeffrey,5,3
4356,jfet,5,4
4357,join,5,4
4358,joules,5,5
4359,juan,5,3
4360,juice,5,4
4361,kicks,5,5
4362,km2,5,5
4363,korea,5,5
4364,kva,5,4
4365,lagging,5,5
4366,latch,5,4
4367,late,5,4
4368,latitudinal,5,5
4369,leftmost,5,5
4370,letting,5,5
4371,lid,5,2
4372,lifted,5,5
4373,lifts,5,5
4374,limestone,5,5
4375,limited,5,5
4376,linked,5,4
4377,lizard,5,4
4378,loaded,5,4
4379,longitudes,5,4
4380,luojia,5,3
4381,lymphocytes,5,3
4382,magnetizing,5,5
4383,maintained,5,5
4384,malfunction,5,3
4385,mallow,5,1
4386,maneuver,5,3
4387,manifested,5,5
4388,marine,5,5
4389,marker,5,2
4390,mathematician,5,5
4391,meaning,5,5
4392,media,5,5
4393,medicine,5,3
4394,metamorphic,5,3
4395,methods,5,4
4396,microscope,5,3
4397,millikan,5,4
4398,models,5,4
4399,modern,5,5
4400,modulated,5,5
4401,moreover,5,5
4402,morphine,5,3
4403,movements,5,3
4404,mutations,5,4
4405,nails,5,2
4406,neighbors,5,5
4407,neuron,5,4
4408,nh3,5,5
4409,nick,5,4
4410,nickel,5,2
4411,northward,5,5
4412,northwestern,5,5
4413,nuclei,5,4
4414,oac,5,5
4415,observations,5,5
4416,occupy,5,5
4417,occurrences,5,4
4418,odc,5,5
4419,officially,5,5
4420,online,5,4
4421,optimal,5,5
4422,origins,5,5
4423,oscillate,5,4
4424,osmotic,5,3
4425,others,5,4
4426,overlaps,5,5
4427,overweight,5,4
4428,pad,5,2
4429,paid,5,5
4430,parked,5,5
4431,parking,5,2
4432,partitioned,5,5
4433,peninsulas,5,5
4434,photoelectric,5,4
4435,photographed,5,4
4436,photographic,5,2
4437,photographing,5,3
4438,pick,5,5
4439,pinhole,5,4
4440,pka,5,3
4441,plots,5,5
4442,pmn,5,4
4443,poet,5,5
4444,polyacrylamide,5,4
4445,popularization,5,2
4446,portray,5,5
4447,positioning,5,5
4448,possibility,5,5
4449,potatoes,5,3
4450,pre,5,5
4451,precipitate,5,4
4452,predatory,5,5
4453,predict,5,5
4454,preparing,5,5
4455,preservation,5,5
4456,printed,5,5
4457,program,5,5
4458,projected,5,5
4459,promotes,5,5
4460,protection,5,5
4461,pulls,5,4
4462,qingdao,5,5
4463,qrs,5,4
4464,quantization,5,4
4465,quanzhou,5,3
4466,rabbits,5,5
4467,radar,5,4
4468,radially,5,5
4469,radiated,5,4
4470,raindrops,5,3
4471,ranges,5,5
4472,react,5,5
4473,reactances,5,5
4474,reagent,5,4
4475,reality,5,5
4476,reception,5,4
4477,receptor,5,3
4478,recombinant,5,3
4479,record,5,4
4480,recovery,5,4
4481,reflections,5,5
4482,reform,5,5
4483,releasing,5,5
4484,remained,5,5
4485,repair,5,3
4486,repeat,5,3
4487,reproduce,5,5
4488,reservoirs,5,4
4489,residual,5,3
4490,residue,5,3
4491,restitution,5,3
4492,restricting,5,5
4493,returning,5,5
4494,revenue,5,5
4495,rich,5,5
4496,rlc,5,5
4497,roger,5,2
4498,roles,5,5
4499,rooms,5,4
4500,roughly,5,5
4501,runway,5,1
4502,sanjiang,5,3
4503,scholars,5,5
4504,science,5,5
4505,sds,5,4
4506,secure,5,3
4507,sees,5,5
4508,sends,5,5
4509,settling,5,5
4510,shades,5,2
4511,shaoxing,5,4
4512,shengze,5,4
4513,ships,5,4
4514,shrew,5,5
4515,sideline,5,3
4516,sit,5,4
4517,skating,5,4
4518,skier,5,2
4519,skiing,5,2
4520,slits,5,3
4521,sold,5,2
4522,solvent,5,5
4523,somewhere,5,5
4524,sown,5,4
4525,spaceship,5,3
4526,sparrow,5,3
4527,spinner,5,3
4528,spots,5,3
4529,sprayed,5,5
4530,squid,5,4
4531,stabilizes,5,4
4532,stalks,5,5
4533,statue,5,4
4534,staying,5,5
4535,stays,5,5
4536,sticking,5,4
4537,stimulating,5,4
4538,stopwatch,5,1
4539,strand,5,4
4540,stretch,5,4
4541,struck,5,4
4542,studies,5,5
4543,submerged,5,5
4544,subway,5,3
4545,sui,5,1
4546,sujay,5,2
4547,suspending,5,4
4548,suspends,5,5
4549,symmetrically,5,5
4550,takeoff,5,3
4551,tang,5,5
4552,tangential,5,5
4553,telescope,5,5
4554,tesla,5,4
4555,themed,5,5
4556,thereafter,5,5
4557,thermodynamic,5,4
4558,thing,5,4
4559,thirds,5,5
4560,threads,5,2
4561,tiny,5,4
4562,tokyo,5,5
4563,told,5,3
4564,tool,5,5
4565,topping,5,2
4566,traction,5,4
4567,trains,5,4
4568,transfers,5,5
4569,transforms,5,5
4570,translation,5,5
4571,trapezoidal,5,5
4572,treating,5,5
4573,treatments,5,5
4574,trial,5,5
4575,tropic,5,5
4576,tss,5,3
4577,ttl,5,5
4578,tumor,5,5
4579,tuning,5,4
4580,twilight,5,4
4581,unfortunately,5,5
4582,unregulated,5,4
4583,ural,5,4
4584,useful,5,5
4585,valve,5,3
4586,van,5,3
4587,ventricle,5,3
4588,ventricular,5,5
4589,vibrations,5,4
4590,vine,5,1
4591,virus,5,4
4592,voltmeters,5,5
4593,vortices,5,1
4594,votes,5,3
4595,vulnerability,5,2
4596,wasteland,5,2
4597,watch,5,5
4598,waterfall,5,3
4599,watts,5,5
4600,weddell,5,4
4601,wenjing,5,1
4602,won,5,5
4603,worth,5,5
4604,wxy,5,4
4605,xining,5,4
4606,xyzw,5,5
4607,yichang,5,4
4608,zhang,5,4
4609,zhengzhou,5,5
4610,00g,4,4
4611,10min,4,4
4612,10th,4,3
4613,10x,4,4
4614,12th,4,4
4615,18v,4,4
4616,1kg,4,4
4617,20m,4,4
4618,20v,4,4
4619,29th,4,4
4620,2ap,4,4
4621,2oa,4,4
4622,30th,4,4
4623,3ccl,4,2
4624,4th,4,4
4625,7th,4,4
4626,9th,4,3
4627,abbreviated,4,4
4628,abce,4,3
4629,abm,4,4
4630,abroad,4,4
4631,academic,4,1
4632,accounting,4,4
4633,accurately,4,4
4634,acidic,4,4
4635,acrobatic,4,4
4636,activates,4,2
4637,additive,4,4
4638,ado,4,4
4639,adopt,4,4
4640,adp,4,4
4641,adrenal,4,4
4642,adventure,4,4
4643,aep,4,4
4644,africa,4,4
4645,agc,4,4
4646,agh,4,2
4647,aimed,4,4
4648,alkali,4,4
4649,alkaptonuria,4,3
4650,allowable,4,4
4651,alpine,4,4
4652,alternate,4,4
4653,altogether,4,4
4654,amc,4,2
4655,ammonia,4,4
4656,amplified,4,3
4657,amps,4,4
4658,analogous,4,4
4659,antenna,4,1
4660,antigen,4,2
4661,aom,4,4
4662,aperture,4,4
4663,appreciating,4,4
4664,approved,4,4
4665,arcsinh,4,2
4666,arranges,4,4
4667,arrested,4,4
4668,assigned,4,4
4669,atcase,4,4
4670,athletes,4,4
4671,atlantis,4,1
4672,attacking,4,2
4673,attempts,4,1
4674,attracted,4,4
4675,attracting,4,4
4676,attractive,4,4
4677,audible,4,4
4678,autoacceleration,4,2
4679,autocorrelation,4,3
4680,auxiliary,4,4
4681,avoidance,4,3
4682,avoided,4,2
4683,b2c,4,2
4684,backward,4,4
4685,bake,4,2
4686,baoji,4,4
4687,barcode,4,2
4688,bass,4,4
4689,batteries,4,3
4690,bcfg,4,4
4691,bcp,4,4
4692,bdec,4,4
4693,beautiful,4,4
4694,bee,4,3
4695,behave,4,4
4696,believe,4,4
4697,bend,4,4
4698,beneficial,4,4
4699,bent,4,4
4700,beta,4,3
4701,bfe,4,4
4702,biasing,4,4
4703,bill,4,2
4704,binds,4,3
4705,blackbody,4,4
4706,blocking,4,2
4707,blossoms,4,4
4708,bmn,4,4
4709,boa,4,4
4710,boats,4,1
4711,bom,4,4
4712,booster,4,1
4713,brenda,4,2
4714,broad,4,4
4715,brushes,4,4
4716,bullets,4,1
4717,bumper,4,2
4718,buoyancy,4,4
4719,burning,4,3
4720,butterflies,4,2
4721,buttons,4,2
4722,cage,4,2
4723,calculations,4,3
4724,calculator,4,3
4725,calendar,4,4
4726,calories,4,2
4727,canal,4,3
4728,candy,4,2
4729,canonical,4,2
4730,capable,4,4
4731,careful,4,4
4732,cash,4,4
4733,catapult,4,2
4734,ccrraa,4,2
4735,cdp,4,4
4736,cefg,4,3
4737,census,4,4
4738,centrifugal,4,2
4739,cereals,4,1
4740,cfb,4,4
4741,ch4,4,4
4742,chaperones,4,2
4743,check,4,4
4744,chronological,4,4
4745,cirf,4,1
4746,clearly,4,4
4747,clk,4,3
4748,clocks,4,2
4749,closer,4,4
4750,clues,4,4
4751,clustered,4,4
4752,clusters,4,4
4753,coding,4,3
4754,commutated,4,4
4755,comparable,4,4
4756,compartment,4,2
4757,compensation,4,3
4758,competitive,4,4
4759,competitors,4,2
4760,completes,4,4
4761,completion,4,4
4762,computed,4,4
4763,concrete,4,2
4764,configurations,4,4
4765,confined,4,3
4766,conforms,4,4
4767,congress,4,4
4768,consecutively,4,4
4769,consist,4,4
4770,constructive,4,4
4771,contraction,4,4
4772,contracts,4,4
4773,controller,4,4
4774,costa,4,2
4775,cougars,4,2
4776,counting,4,4
4777,courses,4,4
4778,coverage,4,3
4779,crabs,4,4
4780,cream,4,2
4781,crime,4,4
4782,crisis,4,4
4783,crustal,4,4
4784,curse,4,3
4785,customer,4,2
4786,customs,4,4
4787,cutoff,4,4
4788,cyan,4,3
4789,cyclopropane,4,2
4790,cytidine,4,4
4791,cytometer,4,2
4792,dangerous,4,3
4793,dataset,4,4
4794,dawn,4,3
4795,dba,4,4
4796,dbef,4,2
4797,dbf,4,4
4798,decibel,4,4
4799,defend,4,4
4800,deleted,4,3
4801,derived,4,3
4802,descent,4,4
4803,description,4,4
4804,designated,4,4
4805,despite,4,4
4806,detecting,4,4
4807,deviation,4,4
4808,dfc,4,4
4809,dfe,4,4
4810,dgf,4,4
4811,disappeared,4,4
4812,discontinuous,4,4
4813,disney,4,2
4814,displacements,4,4
4815,displayed,4,4
4816,dissolve,4,3
4817,distributions,4,4
4818,disturbance,4,3
4819,diversion,4,4
4820,dodecagon,4,2
4821,doha,4,1
4822,dolphin,4,3
4823,dongting,4,3
4824,doped,4,4
4825,doppler,4,2
4826,dpc,4,4
4827,drainpipe,4,3
4828,drink,4,4
4829,drum,4,3
4830,dynamic,4,4
4831,earned,4,2
4832,eating,4,4
4833,eaves,4,4
4834,ebf,4,4
4835,ecb,4,4
4836,ecliptic,4,4
4837,ecologically,4,4
4838,ecology,4,4
4839,eels,4,1
4840,efd,4,4
4841,election,4,3
4842,emanating,4,4
4843,emergence,4,4
4844,endonucleases,4,4
4845,enhancement,4,4
4846,enjoyed,4,4
4847,enthusiast,4,3
4848,eob,4,4
4849,evolutionary,4,4
4850,examined,4,3
4851,excessively,4,4
4852,exclude,4,4
4853,exhibits,4,4
4854,expand,4,4
4855,expanded,4,4
4856,expectations,4,4
4857,explains,4,4
4858,expressway,4,3
4859,extra,4,3
4860,fails,4,4
4861,familial,4,4
4862,families,4,3
4863,fbe,4,4
4864,fcg,4,4
4865,fec,4,4
4866,ferris,4,2
4867,fertility,4,4
4868,filters,4,4
4869,finger,4,1
4870,fired,4,4
4871,fitting,4,4
4872,flowed,4,4
4873,flowerbed,4,2
4874,flowerpot,4,2
4875,foa,4,4
4876,focus,4,4
4877,followed,4,4
4878,founding,4,4
4879,frogs,4,4
4880,fsm,4,2
4881,fuel,4,4
4882,gbe,4,4
4883,geomorphic,4,4
4884,geostrophic,4,4
4885,glowing,4,4
4886,goal,4,4
4887,gon,4,3
4888,gougu,4,3
4889,graphical,4,4
4890,groove,4,2
4891,grounding,4,3
4892,grounds,4,3
4893,grown,4,4
4894,gtp,4,3
4895,guitar,4,2
4896,handan,4,2
4897,harmony,4,1
4898,hefei,4,3
4899,helps,4,4
4900,hemispheric,4,4
4901,heptagon,4,2
4902,heterozygote,4,4
4903,hfcs,4,1
4904,highlighted,4,3
4905,hill,4,2
4906,hilly,4,4
4907,hinged,4,4
4908,histograms,4,4
4909,hno,4,3
4910,honeycomb,4,1
4911,hook,4,3
4912,hormone,4,3
4913,horseback,4,4
4914,host,4,4
4915,hubei,4,4
4916,hurt,4,2
4917,hybrid,4,3
4918,hydroxyl,4,2
4919,hydroxylase,4,4
4920,hypochlorite,4,3
4921,icosahedron,4,2
4922,ignited,4,4
4923,image3,4,4
4924,imaging,4,3
4925,immigration,4,4
4926,immune,4,2
4927,impacted,4,4
4928,impermeable,4,4
4929,implementation,4,4
4930,imports,4,3
4931,improved,4,4
4932,infinitesimally,4,3
4933,influenced,4,4
4934,inhibit,4,4
4935,initialized,4,4
4936,instance,4,4
4937,instrument,4,3
4938,instruments,4,4
4939,intensive,4,2
4940,internationally,4,4
4941,intrinsic,4,4
4942,introduce,4,4
4943,investigated,4,4
4944,iodate,4,2
4945,iodine,4,4
4946,ionic,4,4
4947,ionization,4,4
4948,ionized,4,4
4949,iqr,4,2
4950,iran,4,2
4951,isotopes,4,4
4952,jiangnan,4,4
4953,jujube,4,2
4954,julia,4,3
4955,kennedy,4,2
4956,khingan,4,4
4957,kicked,4,4
4958,kiribati,4,2
4959,klmn,4,3
4960,knee,4,4
4961,knockout,4,1
4962,knot,4,3
4963,krill,4,4
4964,labyrinth,4,4
4965,lace,4,1
4966,lampshade,4,1
4967,lanzhou,4,4
4968,latter,4,4
4969,launcher,4,2
4970,lays,4,4
4971,leads,4,4
4972,leak,4,4
4973,leaning,4,4
4974,ligand,4,4
4975,lightest,4,3
4976,linearly,4,4
4977,lisa,4,3
4978,litres,4,2
4979,liu,4,3
4980,lizards,4,3
4981,lmn,4,4
4982,lookout,4,1
4983,loops,4,3
4984,lush,4,4
4985,lymphocyte,4,2
4986,lysine,4,4
4987,machinery,4,4
4988,magma,4,4
4989,magnets,4,3
4990,mainstream,4,2
4991,manna,4,1
4992,manual,4,2
4993,marble,4,4
4994,markovnikov,4,2
4995,marries,4,4
4996,mast,4,2
4997,maternal,4,3
4998,mathematics,4,4
4999,maya,4,2
5000,medical,4,4
5001,men,4,4
5002,microparticle,4,1
5003,midline,4,4
5004,mileage,4,4
5005,milligrams,4,4
5006,millimeters,4,4
5007,minimize,4,3
5008,minnesota,4,2
5009,minorities,4,2
5010,minterms,4,3
5011,missed,4,3
5012,mitochondrial,4,3
5013,mma,4,2
5014,money,4,2
5015,monika,4,3
5016,monitoring,4,4
5017,morphology,4,4
5018,mrna,4,3
5019,multiplier,4,2
5020,multivibrator,4,4
5021,mutants,4,3
5022,mux,4,4
5023,myanmar,4,3
5024,named,4,3
5025,nanjing,4,4
5026,nantong,4,2
5027,nations,4,4
5028,nautical,4,2
5029,nematodes,4,4
5030,nepal,4,2
5031,networks,4,4
5032,newtons,4,4
5033,nighttime,4,4
5034,nobel,4,4
5035,none,4,4
5036,nonlinear,4,3
5037,nonpolar,4,4
5038,numeral,4,4
5039,obd,4,4
5040,obeys,4,4
5041,obliquity,4,4
5042,obtuse,4,4
5043,ocb,4,4
5044,office,4,4
5045,offset,4,4
5046,ohms,4,4
5047,ontario,4,2
5048,operated,4,4
5049,opponent,4,2
5050,organelle,4,4
5051,organized,4,4
5052,outermost,4,4
5053,overseas,4,2
5054,overtaking,4,1
5055,oxides,4,4
5056,pan,4,2
5057,parachute,4,1
5058,parallelograms,4,4
5059,parasitic,4,2
5060,parent,4,2
5061,parrot,4,2
5062,participated,4,4
5063,party,4,3
5064,passengers,4,4
5065,passive,4,4
5066,pay,4,4
5067,pbc,4,3
5068,pcd,4,4
5069,pedestrians,4,4
5070,pellet,4,1
5071,penalty,4,3
5072,pentagonal,4,2
5073,performing,4,4
5074,periodically,4,4
5075,permanently,4,4
5076,peroxide,4,4
5077,persons,4,2
5078,phenylalanine,4,4
5079,phenylketonuria,4,4
5080,phones,4,4
5081,photogate,4,1
5082,pie,4,3
5083,pions,4,1
5084,pipelines,4,4
5085,pits,4,4
5086,planar,4,4
5087,planck,4,4
5088,plated,4,4
5089,players,4,3
5090,playground,4,4
5091,pleasant,4,4
5092,pmos,4,4
5093,pndb,4,4
5094,pools,4,1
5095,possibly,4,4
5096,post,4,4
5097,potentiometer,4,3
5098,practically,4,4
5099,preference,4,4
5100,preparations,4,4
5101,presents,4,4
5102,prevails,4,4
5103,prize,4,4
5104,probabilities,4,3
5105,procedure,4,4
5106,proceeds,4,4
5107,profit,4,4
5108,programmable,4,4
5109,prone,4,4
5110,propagate,4,4
5111,propagating,4,4
5112,proper,4,3
5113,pumped,4,3
5114,purified,4,4
5115,purposes,4,4
5116,pushes,4,4
5117,pwm,4,4
5118,quanta,4,2
5119,radical,4,4
5120,rank,4,4
5121,realization,4,4
5122,receive,4,3
5123,recruiting,4,4
5124,reflecting,4,4
5125,refracts,4,4
5126,relief,4,4
5127,relying,4,3
5128,remainder,4,4
5129,renewable,4,4
5130,representation,4,4
5131,rescue,4,4
5132,respond,4,4
5133,retained,4,3
5134,retreat,4,4
5135,reurbanization,4,2
5136,reversible,4,4
5137,revolves,4,4
5138,ribbon,4,3
5139,rishabh,4,1
5140,risk,4,4
5141,robot,4,2
5142,roof,4,4
5143,rqs,4,4
5144,ruth,4,1
5145,sac,4,4
5146,sack,4,1
5147,sail,4,4
5148,sails,4,3
5149,sandstorm,4,4
5150,saturday,4,4
5151,say,4,4
5152,scenery,4,4
5153,screened,4,4
5154,sealing,4,1
5155,sec1,4,1
5156,secreted,4,4
5157,sedimentation,4,2
5158,seismic,4,3
5159,selects,4,4
5160,sent,4,4
5161,serving,4,4
5162,session,4,4
5163,sewage,4,4
5164,sharp,4,4
5165,shifting,4,4
5166,shines,4,4
5167,shuang,4,3
5168,sight,4,3
5169,simplify,4,4
5170,singed,4,2
5171,sinks,4,4
5172,sister,4,4
5173,skid,4,2
5174,skip,4,3
5175,skis,4,3
5176,slight,4,4
5177,snowstorms,4,3
5178,soccer,4,3
5179,solely,4,4
5180,solids,4,3
5181,son,4,4
5182,spaces,4,3
5183,sparrows,4,1
5184,spends,4,4
5185,spinners,4,3
5186,spins,4,4
5187,squatting,4,2
5188,stabilizing,4,4
5189,stake,4,3
5190,stepped,4,4
5191,stickers,4,2
5192,stores,4,4
5193,stra,4,1
5194,strange,4,4
5195,streams,4,4
5196,stripe,4,2
5197,stroke,4,3
5198,stub,4,2
5199,subarctic,4,2
5200,subintervals,4,4
5201,subject,4,4
5202,subsidence,4,3
5203,suggest,4,4
5204,sunday,4,4
5205,superior,4,4
5206,surround,4,4
5207,swallowing,4,4
5208,swim,4,2
5209,swimming,4,3
5210,sydney,4,4
5211,syene,4,2
5212,symbols,4,3
5213,synchronized,4,4
5214,synthetic,4,4
5215,taihu,4,3
5216,taiji,4,1
5217,taiyuan,4,2
5218,taxa,4,2
5219,taxiing,4,1
5220,tech,4,4
5221,technological,4,4
5222,template,4,4
5223,terminus,4,1
5224,terraces,4,2
5225,thawing,4,4
5226,themselves,4,4
5227,therapy,4,3
5228,tin,4,3
5229,tissue,4,4
5230,today,4,4
5231,tonomura,4,1
5232,topped,4,4
5233,tortoises,4,2
5234,totals,4,4
5235,towel,4,1
5236,towels,4,2
5237,township,4,2
5238,trans,4,4
5239,transcarbamylase,4,4
5240,transduction,4,3
5241,translating,4,4
5242,transporting,4,4
5243,traveler,4,2
5244,travelled,4,3
5245,triphosphate,4,4
5246,trisha,4,2
5247,trough,4,3
5248,tunnels,4,3
5249,twelfth,4,4
5250,typically,4,4
5251,unlikely,4,4
5252,unusual,4,4
5253,uphill,4,2
5254,upright,4,4
5255,upside,4,4
5256,urgently,4,4
5257,users,4,2
5258,usual,4,4
5259,utilize,4,4
5260,utilizes,4,4
5261,vacuole,4,4
5262,varied,4,4
5263,vein,4,4
5264,verses,4,2
5265,vicinity,4,4
5266,viscosity,4,4
5267,visibility,4,4
5268,wagon,4,1
5269,walked,4,4
5270,wang,4,4
5271,warmer,4,4
5272,warming,4,4
5273,wash,4,2
5274,wavelengths,4,2
5275,wax,4,1
5276,weeks,4,4
5277,weifang,4,4
5278,whirlpools,4,1
5279,widths,4,4
5280,wildlife,4,2
5281,winds,4,4
5282,windward,4,4
5283,wrapping,4,1
5284,wyz,4,4
5285,wzx,4,4
5286,xichang,4,4
5287,xzy,4,4
5288,yang,4,2
5289,yiwan,4,3
5290,yonaguni,4,1
5291,zebra,4,3
5292,zhao,4,3
5293,zhuzhou,4,4
5294,zinc,4,2
5295,1000t,3,3
5296,120v,3,3
5297,12k,3,2
5298,16a,3,3
5299,16v,3,3
5300,1950s,3,3
5301,1990s,3,3
5302,200v,3,2
5303,296g,3,3
5304,2ab,3,3
5305,2ae,3,3
5306,2ce,3,3
5307,2cm,3,3
5308,2h2o,3,3
5309,2kp,3,3
5310,2so,3,3
5311,300v,3,3
5312,30m,3,3
5313,432g,3,3
5314,50m,3,3
5315,60m,3,3
5316,6ax,3,3
5317,70s,3,3
5318,8th,3,1
5319,aat120,3,1
5320,abdc,3,3
5321,abdominal,3,3
5322,abscissas,3,3
5323,absorbance,3,2
5324,absorbing,3,3
5325,abstracted,3,3
5326,accidentally,3,3
5327,accidents,3,3
5328,accumulating,3,3
5329,accumulation,3,3
5330,acetylcholine,3,3
5331,actinomycetes,3,1
5332,activation,3,3
5333,adce,3,2
5334,adec,3,2
5335,adenylyl,3,2
5336,adopts,3,3
5337,advance,3,3
5338,advancement,3,3
5339,adverse,3,3
5340,advocate,3,3
5341,afflicted,3,3
5342,afg,3,2
5343,afternoon,3,3
5344,agno,3,2
5345,ahmed,3,1
5346,aids,3,2
5347,albin,3,1
5348,aligns,3,3
5349,alkalization,3,3
5350,ana,3,2
5351,analyzing,3,3
5352,ankara,3,2
5353,anti,3,3
5354,anticathode,3,1
5355,anyone,3,3
5356,aocd,3,3
5357,aode,3,2
5358,aop,3,3
5359,apd,3,3
5360,apoptosis,3,1
5361,appliances,3,3
5362,approach,3,3
5363,arabia,3,2
5364,arbitrarily,3,3
5365,architectural,3,3
5366,arise,3,3
5367,arranging,3,3
5368,arrive,3,3
5369,ascend,3,3
5370,ascends,3,3
5371,ash,3,2
5372,ashima,3,3
5373,asked,3,3
5374,asymmetrically,3,3
5375,atlanta,3,2
5376,atrium,3,2
5377,attaches,3,3
5378,attract,3,3
5379,automobiles,3,3
5380,autotroph,3,3
5381,auxin,3,3
5382,aviation,3,3
5383,avoiding,3,3
5384,awarded,3,2
5385,axisymmetric,3,3
5386,backs,3,2
5387,bangladesh,3,2
5388,barcodes,3,2
5389,barely,3,3
5390,basking,3,1
5391,batch,3,3
5392,bcfd,3,3
5393,bchg,3,1
5394,bco,3,3
5395,beach,3,2
5396,befg,3,3
5397,beforehand,3,3
5398,behavioral,3,3
5399,beirut,3,2
5400,belinda,3,2
5401,ber,3,2
5402,bfd,3,3
5403,bind,3,3
5404,bisulfite,3,2
5405,bite,3,1
5406,bladder,3,1
5407,blindness,3,2
5408,bloom,3,3
5409,bomi,3,3
5410,bonded,3,3
5411,bootstrap,3,3
5412,bop,3,3
5413,bowls,3,1
5414,boxplot,3,2
5415,bpsk,3,2
5416,bracket,3,3
5417,breaking,3,3
5418,broadcast,3,3
5419,broke,3,2
5420,brownish,3,2
5421,brush,3,2
5422,bunchkins,3,1
5423,burden,3,3
5424,bursaria,3,2
5425,campus,3,3
5426,candace,3,1
5427,candidates,3,2
5428,cannonballs,3,1
5429,captured,3,3
5430,carlos,3,2
5431,carnivores,3,3
5432,caroline,3,3
5433,carpenter,3,3
5434,carriage,3,2
5435,carrot,3,3
5436,cascaded,3,3
5437,cast,3,3
5438,caudatum,3,2
5439,cavity,3,3
5440,cbp,3,3
5441,cdg,3,3
5442,cellular,3,3
5443,centimeter,3,2
5444,ceratophyllum,3,2
5445,cfd,3,3
5446,cfg,3,3
5447,cftr,3,2
5448,ch2cooh,3,2
5449,ch3ch2ch,3,3
5450,character,3,3
5451,characterized,3,3
5452,chasing,3,2
5453,chch2oh,3,2
5454,chch3,3,2
5455,chemistry,3,3
5456,chemotaxis,3,3
5457,chessboard,3,2
5458,chicken,3,3
5459,chlorophyll,3,2
5460,chromosomal,3,3
5461,circumlunar,3,3
5462,cis,3,3
5463,civil,3,3
5464,classes,3,3
5465,classical,3,2
5466,clean,3,3
5467,clo,3,3
5468,cloned,3,3
5469,clothes,3,1
5470,club,3,3
5471,cnd,3,3
5472,coat,3,3
5473,cobalt,3,1
5474,cockroach,3,3
5475,codes,3,2
5476,coffee,3,1
5477,colleagues,3,3
5478,collectors,3,2
5479,colorings,3,3
5480,combustion,3,3
5481,commercially,3,3
5482,committee,3,3
5483,compass,3,3
5484,compensated,3,3
5485,competitiveness,3,3
5486,compiling,3,3
5487,completing,3,3
5488,complexity,3,2
5489,compresses,3,3
5490,conductance,3,3
5491,conducts,3,3
5492,conform,3,3
5493,confusing,3,1
5494,conservation,3,3
5495,contactor,3,2
5496,continental,3,3
5497,contracted,3,2
5498,contracting,3,3
5499,convenient,3,3
5500,converts,3,3
5501,cool,3,3
5502,cooled,3,3
5503,copies,3,3
5504,coral,3,1
5505,corolla,3,1
5506,corporation,3,3
5507,cougar,3,3
5508,coulombs,3,3
5509,countermeasures,3,3
5510,counterweight,3,1
5511,counts,3,3
5512,court,3,3
5513,courtesy,3,3
5514,cows,3,1
5515,cpd,3,3
5516,crash,3,3
5517,crawl,3,3
5518,crawled,3,2
5519,crc,3,3
5520,credible,3,3
5521,crew,3,2
5522,crickets,3,2
5523,crossbar,3,2
5524,crown,3,1
5525,cruise,3,1
5526,ctk,3,1
5527,cultivate,3,3
5528,cultural,3,2
5529,cuso,3,3
5530,cw7805,3,2
5531,cyclase,3,2
5532,cynthia,3,2
5533,dalian,3,3
5534,darker,3,2
5535,dartboard,3,3
5536,datasets,3,3
5537,debris,3,1
5538,decagon,3,3
5539,decide,3,3
5540,decimeters,3,2
5541,decisive,3,3
5542,decoder,3,3
5543,decomposing,3,3
5544,deeper,3,3
5545,defense,3,2
5546,defghi,3,2
5547,definitely,3,3
5548,definition,3,3
5549,deflects,3,2
5550,delayed,3,3
5551,delivering,3,3
5552,delivers,3,3
5553,demodulator,3,2
5554,demonstrate,3,3
5555,demonstrations,3,3
5556,dengfeng,3,3
5557,denoting,3,3
5558,departing,3,3
5559,departs,3,3
5560,depending,3,3
5561,depleted,3,3
5562,depolarization,3,3
5563,descend,3,3
5564,desk,3,2
5565,destined,3,3
5566,detaches,3,3
5567,deterioration,3,3
5568,determination,3,3
5569,diabetes,3,2
5570,dial,3,3
5571,dialysis,3,3
5572,dielectrics,3,3
5573,differently,3,3
5574,diffusive,3,3
5575,dilation,3,3
5576,dimension,3,2
5577,discharged,3,3
5578,disconnecting,3,2
5579,discrepancy,3,3
5580,distress,3,2
5581,ditches,3,3
5582,diverted,3,3
5583,dmn,3,3
5584,dodecahedron,3,2
5585,doesn,3,3
5586,dogs,3,1
5587,domain,3,3
5588,dormancy,3,1
5589,dot,3,3
5590,downslope,3,3
5591,drastically,3,3
5592,dribbling,3,2
5593,drizzling,3,3
5594,drone,3,1
5595,dropper,3,2
5596,drug,3,3
5597,ducks,3,2
5598,durations,3,3
5599,eagle,3,3
5600,earths,3,1
5601,edb,3,3
5602,elastically,3,3
5603,electrochemical,3,2
5604,electronegativity,3,3
5605,electronics,3,3
5606,elementary,3,3
5607,elevations,3,3
5608,eliminate,3,3
5609,elisabeth,3,2
5610,emerges,3,3
5611,emily,3,3
5612,emissions,3,3
5613,emissivity,3,3
5614,emitting,3,3
5615,employs,3,3
5616,enclose,3,3
5617,enlarging,3,3
5618,ensuring,3,3
5619,envelope,3,3
5620,enzymatic,3,3
5621,equipotential,3,3
5622,equiprobable,3,3
5623,era,3,3
5624,errors,3,3
5625,erupted,3,3
5626,ethene,3,3
5627,eukaryotic,3,3
5628,euros,3,1
5629,eva,3,2
5630,excerpted,3,3
5631,experiencing,3,3
5632,exploitation,3,3
5633,exponential,3,3
5634,facility,3,3
5635,fact,3,3
5636,fallen,3,2
5637,faraday,3,3
5638,farmland,3,2
5639,father,3,2
5640,favorite,3,1
5641,feasible,3,3
5642,feb,3,2
5643,feces,3,1
5644,feel,3,3
5645,feeling,3,3
5646,fehling,3,3
5647,fetal,3,2
5648,filtering,3,3
5649,fin,3,2
5650,finance,3,3
5651,financial,3,3
5652,fires,3,3
5653,fishery,3,1
5654,fishpond,3,3
5655,flagpoles,3,3
5656,flavor,3,2
5657,floats,3,3
5658,fluctuations,3,3
5659,fluoresce,3,3
5660,fluorescence,3,3
5661,fluoride,3,2
5662,focusing,3,2
5663,foods,3,3
5664,fork,3,2
5665,formal,3,3
5666,formulas,3,3
5667,fractional,3,3
5668,fragrant,3,1
5669,frederick,3,3
5670,frequent,3,3
5671,frequently,3,3
5672,friend,3,3
5673,fulcrum,3,3
5674,fulfilled,3,3
5675,functioning,3,3
5676,fungal,3,3
5677,fungus,3,3
5678,fuse,3,3
5679,galvanometer,3,2
5680,gansu,3,3
5681,gardener,3,3
5682,genome,3,2
5683,gentle,3,3
5684,george,3,2
5685,geosynchronous,3,3
5686,getting,3,3
5687,gibbs,3,3
5688,gills,3,3
5689,glacial,3,3
5690,glues,3,3
5691,gpm,3,3
5692,gps,3,3
5693,grades,3,2
5694,gram,3,2
5695,graticule,3,3
5696,grew,3,3
5697,griffith,3,3
5698,h2o2,3,1
5699,halved,3,2
5700,hamburgers,3,1
5701,handbook,3,3
5702,hanger,3,1
5703,hangzhou,3,3
5704,harbor,3,2
5705,hardy,3,3
5706,hat,3,2
5707,hcd46,3,1
5708,heading,3,3
5709,heads,3,3
5710,heard,3,3
5711,hearing,3,3
5712,helan,3,3
5713,hemophilia,3,1
5714,heterozygotes,3,3
5715,hills,3,3
5716,hind,3,2
5717,historically,3,3
5718,history,3,3
5719,hma3,3,1
5720,hollowed,3,3
5721,homozygote,3,3
5722,honey,3,1
5723,horn,3,2
5724,households,3,3
5725,housing,3,3
5726,huai,3,2
5727,huanyong,3,3
5728,huge,3,3
5729,hunan,3,3
5730,husbandry,3,3
5731,hvdc,3,1
5732,hydrograph,3,3
5733,hypothesizes,3,3
5734,iceland,3,2
5735,idealized,3,3
5736,identified,3,2
5737,illuminating,3,3
5738,implements,3,3
5739,impossible,3,3
5740,improvement,3,3
5741,inappropriate,3,3
5742,inconsistent,3,3
5743,increasingly,3,3
5744,independence,3,3
5745,induce,3,3
5746,inelastic,3,3
5747,inert,3,3
5748,inextendable,3,3
5749,inference,3,3
5750,inflection,3,3
5751,inflexible,3,3
5752,infrared,3,1
5753,infrastructure,3,3
5754,inhabitants,3,1
5755,injections,3,3
5756,innervation,3,3
5757,inserting,3,3
5758,installation,3,3
5759,instantaneously,3,3
5760,instantly,3,3
5761,inter,3,3
5762,interannual,3,3
5763,interchanged,3,3
5764,interspecific,3,3
5765,intersymbol,3,3
5766,intra,3,3
5767,invented,3,3
5768,investigates,3,3
5769,invisible,3,3
5770,inwards,3,3
5771,irrigation,3,3
5772,irrotational,3,3
5773,isothermal,3,3
5774,jade,3,2
5775,jadeite,3,2
5776,jakarta,3,3
5777,jakob,3,2
5778,jan,3,1
5779,jaw,3,2
5780,jenny,3,3
5781,jiangmen,3,2
5782,jiangxi,3,3
5783,jing,3,3
5784,jmn,3,3
5785,joint,3,3
5786,jointly,3,3
5787,kai,3,2
5788,kaons,3,1
5789,kcl,3,3
5790,keihin,3,2
5791,kengu,3,2
5792,kgm,3,1
5793,killer,3,3
5794,kilograms,3,3
5795,kilowatt,3,3
5796,kimchi,3,2
5797,knight,3,1
5798,knowing,3,3
5799,knows,3,3
5800,lanes,3,3
5801,lantern,3,1
5802,lapse,3,3
5803,lasted,3,3
5804,latching,3,3
5805,leftward,3,3
5806,liangzhou,3,3
5807,lightbulb,3,3
5808,lightning,3,2
5809,lion,3,3
5810,lkmj,3,3
5811,lmnp,3,3
5812,lobe,3,2
5813,lobes,3,3
5814,logarithmic,3,3
5815,longjing,3,3
5816,loses,3,2
5817,lowers,3,3
5818,lunan,3,3
5819,lune,3,2
5820,maglev,3,3
5821,maja,3,2
5822,managing,3,3
5823,manb,3,1
5824,manned,3,3
5825,marking,3,2
5826,mary,3,2
5827,matching,3,2
5828,maturity,3,3
5829,mayflies,3,3
5830,mdn,3,3
5831,measles,3,1
5832,mechanisms,3,3
5833,mef,3,2
5834,melons,3,3
5835,memory,3,3
5836,meridians,3,2
5837,mesh,3,1
5838,messenger,3,3
5839,metabolism,3,3
5840,metallic,3,3
5841,methane,3,2
5842,methionine,3,3
5843,mia,3,2
5844,micrometers,3,3
5845,micromolar,3,3
5846,microorganisms,3,3
5847,midsegments,3,3
5848,mile,3,1
5849,military,3,2
5850,millions,3,2
5851,millisecond,3,3
5852,minnow,3,3
5853,minority,3,2
5854,miscible,3,3
5855,misses,3,3
5856,mitochondrion,3,3
5857,mitosis,3,3
5858,mnn,3,3
5859,mno,3,2
5860,mnpp,3,3
5861,mnq,3,3
5862,mod,3,3
5863,modelled,3,3
5864,modified,3,3
5865,modulator,3,2
5866,moistened,3,3
5867,monoprotic,3,3
5868,moose,3,3
5869,mosfets,3,2
5870,moth,3,2
5871,motors,3,2
5872,mozi,3,1
5873,msb,3,3
5874,multiplying,3,3
5875,mushroom,3,1
5876,mva,3,1
5877,nailed,3,3
5878,names,3,2
5879,nand,3,3
5880,nanning,3,3
5881,naomi,3,1
5882,nasa,3,2
5883,nationality,3,2
5884,neg,3,2
5885,neighboring,3,3
5886,nets,3,3
5887,neural,3,3
5888,neurotransmitters,3,2
5889,neutrons,3,3
5890,newton,3,2
5891,niches,3,3
5892,nitric,3,2
5893,nmosfet,3,3
5894,node,3,3
5895,normalized,3,3
5896,northernmost,3,3
5897,norton,3,3
5898,notice,3,3
5899,npp,3,3
5900,ntpip,3,1
5901,nucleotide,3,3
5902,numerals,3,3
5903,obcd,3,3
5904,obec,3,2
5905,oca,3,3
5906,official,3,3
5907,oldest,3,3
5908,omitted,3,3
5909,onion,3,3
5910,opaque,3,2
5911,opho,3,3
5912,optimum,3,3
5913,option,3,2
5914,organs,3,3
5915,orinoco,3,3
5916,oscillating,3,3
5917,outlined,3,3
5918,oval,3,3
5919,ovary,3,3
5920,overhead,3,3
5921,overlaid,3,3
5922,overload,3,2
5923,owl,3,3
5924,oxy,3,3
5925,packaging,3,2
5926,painting,3,2
5927,pale,3,3
5928,pam,3,3
5929,parrots,3,2
5930,participate,3,3
5931,partly,3,2
5932,paula,3,1
5933,paulo,3,1
5934,payment,3,1
5935,pbq,3,3
5936,peel,3,3
5937,pepper,3,1
5938,permeable,3,3
5939,pes,3,3
5940,petal,3,2
5941,petals,3,2
5942,pharaoh,3,1
5943,phoenix,3,2
5944,phosphate,3,2
5945,photoelectrons,3,3
5946,photogates,3,1
5947,photon,3,2
5948,physicist,3,3
5949,phytoplanktons,3,3
5950,picking,3,3
5951,picks,3,3
5952,piezoresistor,3,1
5953,pigments,3,3
5954,pigs,3,2
5955,pillar,3,2
5956,pillars,3,3
5957,ping,3,1
5958,pinned,3,3
5959,pipa,3,3
5960,pizza,3,2
5961,pla,3,3
5962,plankton,3,2
5963,platypus,3,3
5964,pm2,3,1
5965,pocket,3,3
5966,poll,3,3
5967,polychromatic,3,1
5968,polyhedron,3,2
5969,polymer,3,3
5970,polynomial,3,1
5971,pondweed,3,3
5972,pong,3,1
5973,poplar,3,1
5974,positional,3,3
5975,possess,3,3
5976,potometer,3,1
5977,poyang,3,3
5978,pprox,3,3
5979,pqs,3,3
5980,preceding,3,3
5981,precession,3,1
5982,precision,3,3
5983,predators,3,3
5984,predicted,3,3
5985,preferences,3,3
5986,preferred,3,2
5987,preheated,3,3
5988,pressures,3,3
5989,pressurized,3,3
5990,previously,3,3
5991,preys,3,3
5992,primacy,3,2
5993,principal,3,3
5994,priority,3,3
5995,probably,3,3
5996,progression,3,2
5997,projections,3,3
5998,projects,3,3
5999,promoted,3,3
6000,promoting,3,3
6001,prompt,3,3
6002,propagated,3,3
6003,propane,3,3
6004,propel,3,3
6005,protrude,3,3
6006,proved,3,3
6007,providing,3,3
6008,published,3,2
6009,putuo,3,3
6010,pyrimidine,3,3
6011,pythagorean,3,3
6012,quantized,3,1
6013,quarantine,3,3
6014,quarters,3,3
6015,quasiholes,3,1
6016,r1r1r2r2r3r3,3,1
6017,radiance,3,3
6018,radicals,3,3
6019,radioactive,3,2
6020,railroad,3,1
6021,ramesses,3,2
6022,ramses,3,1
6023,rarely,3,3
6024,reactants,3,3
6025,reactive,3,3
6026,reactor,3,1
6027,realizes,3,3
6028,recently,3,3
6029,recharge,3,3
6030,reclamation,3,3
6031,recombination,3,3
6032,reconstruction,3,3
6033,recovers,3,3
6034,reentry,3,2
6035,refines,3,3
6036,reflectance,3,3
6037,regardless,3,3
6038,regulates,3,3
6039,relates,3,3
6040,relays,3,2
6041,removes,3,3
6042,renate,3,2
6043,renewal,3,3
6044,replication,3,3
6045,reported,3,3
6046,representations,3,3
6047,reputation,3,3
6048,requiring,3,3
6049,resembling,3,3
6050,reserve,3,3
6051,reset,3,3
6052,resident,3,3
6053,resolving,3,1
6054,resorts,3,2
6055,respiratory,3,3
6056,responds,3,3
6057,resting,3,3
6058,retain,3,3
6059,rewinding,3,1
6060,ria,3,2
6061,rift,3,2
6062,robert,3,3
6063,rodent,3,3
6064,rush,3,3
6065,sandbar,3,2
6066,sandcastle,3,1
6067,sara,3,1
6068,saudi,3,2
6069,scaled,3,2
6070,scarce,3,3
6071,scattered,3,3
6072,schmitt,3,2
6073,scope,3,3
6074,scrap,3,2
6075,scratch,3,3
6076,screening,3,3
6077,seabed,3,3
6078,searches,3,3
6079,semicylinder,3,1
6080,semicylindrical,3,1
6081,semipermeable,3,3
6082,sentence,3,3
6083,separator,3,2
6084,sepideh,3,2
6085,seriously,3,3
6086,seventh,3,2
6087,severely,3,3
6088,shade,3,3
6089,shaking,3,3
6090,shallow,3,3
6091,shelf,3,3
6092,shine,3,3
6093,shipping,3,3
6094,siemens,3,3
6095,similarly,3,3
6096,simon,3,1
6097,sin37,3,3
6098,sio,3,3
6099,sixteen,3,2
6100,skewed,3,3
6101,skipping,3,1
6102,skips,3,1
6103,slack,3,3
6104,slant,3,3
6105,sleds,3,1
6106,sleeping,3,2
6107,slid,3,3
6108,slippery,3,1
6109,slowed,3,2
6110,slugs,3,1
6111,snails,3,3
6112,snowboarder,3,1
6113,so2,3,3
6114,society,3,3
6115,solstices,3,3
6116,solved,3,3
6117,somatic,3,3
6118,sometimes,3,3
6119,sounding,3,1
6120,sounds,3,3
6121,spaceflight,3,3
6122,sparse,3,3
6123,specially,3,3
6124,specifications,3,3
6125,spectra,3,3
6126,spectrophotometer,3,3
6127,spermatids,3,1
6128,spews,3,3
6129,spills,3,3
6130,spitting,3,3
6131,splitting,3,1
6132,spraying,3,3
6133,sprinkler,3,3
6134,spun,3,3
6135,squarefree,3,3
6136,stamp,3,3
6137,starry,3,3
6138,starter,3,1
6139,startled,3,3
6140,stated,3,3
6141,statically,3,3
6142,stationed,3,1
6143,stator,3,2
6144,stern,3,1
6145,stimulation,3,2
6146,storehouses,3,3
6147,straightedge,3,3
6148,strait,3,3
6149,stratum,3,2
6150,strengthened,3,3
6151,strengths,3,3
6152,striped,3,3
6153,stroboscope,3,1
6154,stylish,3,3
6155,submit,3,3
6156,subsets,3,2
6157,subsolar,3,2
6158,substituted,3,3
6159,subtended,3,3
6160,subunit,3,3
6161,suburb,3,3
6162,succession,3,3
6163,suction,3,3
6164,sudoku,3,1
6165,suffer,3,3
6166,sugarcane,3,2
6167,suggested,3,3
6168,summarizes,3,3
6169,summary,3,3
6170,summit,3,2
6171,sunny,3,3
6172,superimposed,3,3
6173,supermarket,3,3
6174,supplementary,3,3
6175,supplementing,3,1
6176,surrounds,3,3
6177,survival,3,3
6178,susi,3,2
6179,suspect,3,3
6180,suspicious,3,3
6181,swamp,3,1
6182,sweeter,3,3
6183,symptoms,3,2
6184,synaptic,3,3
6185,syndrome,3,2
6186,t4dna,3,2
6187,tablet,3,3
6188,tadpole,3,3
6189,taikang,3,2
6190,tailed,3,3
6191,taipei,3,3
6192,tatiana,3,2
6193,teams,3,3
6194,teddy,3,1
6195,teeth,3,3
6196,terminated,3,3
6197,terrestrial,3,3
6198,territorial,3,3
6199,tesseract,3,3
6200,textiles,3,3
6201,texture,3,3
6202,theoretically,3,3
6203,thousands,3,2
6204,tilim,3,1
6205,timescale,3,3
6206,tins,3,1
6207,tips,3,3
6208,tires,3,2
6209,toad,3,3
6210,tolerance,3,3
6211,tooth,3,1
6212,topography,3,3
6213,topple,3,1
6214,trace,3,2
6215,traces,3,3
6216,trajectories,3,3
6217,transient,3,3
6218,translate,3,3
6219,translates,3,2
6220,traversed,3,3
6221,triggers,3,3
6222,triode,3,2
6223,tubing,3,3
6224,turpan,3,3
6225,typhoon,3,2
6226,ultimate,3,3
6227,unable,3,3
6228,underneath,3,3
6229,unfavorable,3,3
6230,unfold,3,3
6231,unfolds,3,3
6232,uniquely,3,3
6233,university,3,3
6234,unlike,3,3
6235,unloading,3,2
6236,unstretched,3,3
6237,unwound,3,3
6238,upgrading,3,3
6239,upwelling,3,3
6240,urbanized,3,3
6241,urges,3,3
6242,ush,3,1
6243,uygur,3,3
6244,uzy,3,3
6245,valence,3,2
6246,variance,3,3
6247,vectors,3,3
6248,venous,3,3
6249,villages,3,3
6250,vinegar,3,2
6251,viral,3,3
6252,visited,3,3
6253,visits,3,2
6254,vitro,3,3
6255,von,3,1
6256,vote,3,2
6257,voters,3,3
6258,vsi,3,3
6259,vt1,3,2
6260,vzu,3,3
6261,waist,3,2
6262,waiting,3,3
6263,wanjiang,3,2
6264,warp,3,3
6265,washed,3,3
6266,watering,3,3
6267,waterlogged,3,3
6268,wear,3,3
6269,weighed,3,3
6270,weinberg,3,3
6271,wetlands,3,3
6272,whale,3,3
6273,whales,3,3
6274,whirlpool,3,1
6275,widest,3,3
6276,wien,3,3
6277,willi,3,1
6278,winning,3,3
6279,wiper,3,1
6280,wired,3,3
6281,woman,3,2
6282,works,3,3
6283,workshop,3,3
6284,wzy,3,3
6285,x0007,3,3
6286,yan,3,3
6287,yard,3,1
6288,yards,3,2
6289,yehliu,3,3
6290,yibin,3,2
6291,yin,3,1
6292,youngest,3,3
6293,zhangye,3,3
6294,zhuhai,3,1
6295,006q,2,2
6296,100k,2,2
6297,108mm,2,2
6298,10s,2,2
6299,11v,2,2
6300,13x,2,1
6301,1424m,2,2
6302,14m,2,1
6303,14th,2,2
6304,15k,2,2
6305,15m,2,2
6306,15v,2,2
6307,15x,2,2
6308,16th,2,2
6309,17th,2,2
6310,18j,2,2
6311,19th,2,2
6312,200t,2,2
6313,2021st,2,2
6314,21st,2,2
6315,24m,2,2
6316,25k,2,2
6317,25m,2,1
6318,25t,2,2
6319,26th,2,2
6320,2am,2,2
6321,2aq,2,2
6322,2ax,2,2
6323,2be,2,2
6324,2bf,2,2
6325,2ch,2,2
6326,2chch2cooh,2,1
6327,2co,2,2
6328,2de,2,2
6329,2gd,2,2
6330,2hcl,2,2
6331,2kg,2,2
6332,2mg,2,2
6333,2ob,2,2
6334,300k,2,2
6335,300n,2,1
6336,30x,2,2
6337,310k,2,2
6338,310km2,2,2
6339,31st,2,2
6340,3be,2,2
6341,3kg,2,2
6342,3ob,2,2
6343,4000kg,2,2
6344,400t,2,1
6345,4ab,2,2
6346,4be,2,2
6347,4cd,2,2
6348,4cm,2,2
6349,4de,2,2
6350,500m,2,2
6351,50k,2,2
6352,50v,2,2
6353,51g,2,2
6354,52m,2,2
6355,598m,2,2
6356,5ml,2,1
6357,6000m,2,2
6358,6th,2,2
6359,747g,2,2
6360,80m,2,2
6361,98kg,2,2
6362,aardvark,2,1
6363,aat100,2,1
6364,abbreviation,2,2
6365,abcda,2,2
6366,abcf,2,2
6367,abch,2,2
6368,abed,2,2
6369,abfe,2,2
6370,abgf,2,2
6371,abnormality,2,2
6372,aboc,2,2
6373,abom,2,2
6374,abrupt,2,2
6375,absent,2,2
6376,absorbent,2,2
6377,abu,2,2
6378,abundance,2,2
6379,accumulates,2,2
6380,aceb,2,1
6381,acetylation,2,2
6382,acetyltransferase,2,2
6383,achieves,2,2
6384,achieving,2,2
6385,acidity,2,2
6386,acm,2,2
6387,acmdb,2,2
6388,acmn,2,2
6389,acp,2,2
6390,acquires,2,2
6391,acronym,2,1
6392,actinomycete,2,1
6393,actions,2,2
6394,activate,2,2
6395,adapt,2,2
6396,adhere,2,2
6397,adjusts,2,2
6398,adm,2,2
6399,adopting,2,2
6400,adulthood,2,2
6401,aedf,2,2
6402,aefd,2,2
6403,aefh,2,1
6404,aeo,2,2
6405,aerobic,2,2
6406,aesthetic,2,2
6407,afde,2,2
6408,affairs,2,2
6409,afgd,2,2
6410,afpe,2,1
6411,afterwards,2,2
6412,agd,2,2
6413,agency,2,2
6414,aires,2,2
6415,aksu,2,2
6416,alberto,2,1
6417,albino,2,1
6418,alert,2,2
6419,alfonso,2,1
6420,algal,2,1
6421,aliasing,2,2
6422,align,2,1
6423,alkene,2,2
6424,alleviate,2,2
6425,alone,2,2
6426,alphabetical,2,2
6427,alternative,2,2
6428,amb,2,2
6429,amplitudes,2,2
6430,andes,2,2
6431,anm,2,2
6432,ann,2,2
6433,annie,2,2
6434,anolis,2,1
6435,antennae,2,1
6436,anticancer,2,2
6437,anticlockwise,2,2
6438,anus,2,2
6439,anymore,2,2
6440,aobd,2,2
6441,apothem,2,2
6442,approached,2,2
6443,approaching,2,2
6444,aqrd,2,1
6445,aqua,2,1
6446,aquarium,2,2
6447,arab,2,2
6448,arched,2,2
6449,arches,2,1
6450,archipelago,2,2
6451,arizona,2,2
6452,arjun,2,1
6453,arm,2,2
6454,arrangements,2,2
6455,arterial,2,2
6456,artery,2,2
6457,arthropods,2,2
6458,arthur,2,2
6459,ascending,2,2
6460,ascorbic,2,2
6461,ash3,2,2
6462,asha,2,1
6463,ashley,2,1
6464,assist,2,2
6465,assistance,2,2
6466,assisted,2,2
6467,astable,2,2
6468,asymmetrical,2,2
6469,asymptote,2,1
6470,atop,2,2
6471,attains,2,2
6472,attempting,2,2
6473,auto,2,2
6474,autosomes,2,2
6475,awgn,2,1
6476,bacillus,2,1
6477,backflow,2,2
6478,backpacker,2,2
6479,backwards,2,2
6480,bap,2,2
6481,barriers,2,2
6482,bart,2,2
6483,barter,2,1
6484,basically,2,2
6485,bat,2,2
6486,bathroom,2,1
6487,bats,2,2
6488,bcef,2,2
6489,bdf,2,2
6490,bdp,2,2
6491,beaks,2,2
6492,bear,2,2
6493,bears,2,2
6494,beatriz,2,1
6495,beauty,2,2
6496,bedroom,2,1
6497,beetles,2,2
6498,beige,2,1
6499,bends,2,2
6500,beneath,2,2
6501,benefiting,2,2
6502,benny,2,1
6503,bernd,2,1
6504,berries,2,2
6505,beth,2,1
6506,bfco,2,1
6507,bfde,2,1
6508,bicycles,2,2
6509,billions,2,2
6510,bin,2,2
6511,bipolar,2,2
6512,bjorn,2,1
6513,bjts,2,2
6514,blackfly,2,2
6515,bluegill,2,2
6516,bluetooth,2,1
6517,bmc,2,2
6518,boils,2,2
6519,bolded,2,1
6520,boltzmann,2,2
6521,bombard,2,2
6522,bone,2,2
6523,bookshelf,2,1
6524,bookstore,2,2
6525,booths,2,2
6526,bordeaux,2,1
6527,bordered,2,2
6528,borders,2,1
6529,boris,2,2
6530,bottles,2,2
6531,bpf,2,1
6532,brazilian,2,2
6533,breeze,2,2
6534,british,2,2
6535,bromine,2,2
6536,bromosuccinimide,2,2
6537,brother,2,2
6538,bubbled,2,2
6539,bud,2,2
6540,budding,2,2
6541,buds,2,2
6542,buenos,2,2
6543,bugle,2,1
6544,builds,2,2
6545,bulge,2,2
6546,bulk,2,2
6547,bump,2,1
6548,bunchkin,2,1
6549,bundle,2,2
6550,cables,2,2
6551,cableway,2,1
6552,cactus,2,2
6553,caec,2,1
6554,caf,2,2
6555,california,2,2
6556,calorimeter,2,2
6557,cameras,2,2
6558,cannonball,2,1
6559,canton,2,1
6560,caofeidian,2,2
6561,cap,2,2
6562,capsule,2,1
6563,capture,2,2
6564,captures,2,2
6565,carbonate,2,2
6566,carbonyl,2,2
6567,carboxyl,2,1
6568,carmen,2,1
6569,carnot,2,1
6570,carpet,2,1
6571,carrots,2,1
6572,carved,2,2
6573,cascade,2,2
6574,caso,2,2
6575,catalysis,2,2
6576,catalyst,2,2
6577,catalyzed,2,2
6578,catalyzes,2,2
6579,catching,2,2
6580,categories,2,2
6581,categorized,2,2
6582,caterpillars,2,2
6583,cation,2,1
6584,cauliflower,2,1
6585,cave,2,1
6586,cbh,2,1
6587,cdfe,2,2
6588,cdfg,2,2
6589,cdgh,2,1
6590,cdm,2,2
6591,ceg,2,2
6592,celebrated,2,1
6593,cellulase,2,1
6594,cellulose,2,1
6595,cement,2,1
6596,centred,2,1
6597,centroids,2,2
6598,cfa,2,2
6599,ch3c,2,1
6600,ch3ch2ch2br,2,2
6601,ch3ch2ch2ch,2,2
6602,ch3ch2oh,2,2
6603,ch3co2h,2,2
6604,ch3cooh,2,2
6605,championship,2,2
6606,championships,2,2
6607,chance,2,2
6608,changchun,2,1
6609,changzhi,2,1
6610,characters,2,2
6611,charlotte,2,1
6612,cheap,2,2
6613,checkerboard,2,2
6614,chen,2,2
6615,cherries,2,2
6616,chestnut,2,1
6617,chewing,2,2
6618,chirality,2,2
6619,chlorine,2,2
6620,choices,2,2
6621,choke,2,2
6622,chomp,2,1
6623,choosing,2,2
6624,chromatin,2,2
6625,circ,2,2
6626,circumferences,2,2
6627,circumscribe,2,1
6628,citric,2,2
6629,civilized,2,2
6630,clamped,2,2
6631,classroom,2,2
6632,cleaning,2,2
6633,cleared,2,2
6634,clearing,2,1
6635,cleo,2,1
6636,climb,2,2
6637,clk1,2,1
6638,clocked,2,2
6639,cloth,2,1
6640,clover,2,2
6641,cmn,2,1
6642,coated,2,2
6643,coaxial,2,2
6644,cocoon,2,2
6645,codons,2,2
6646,collapses,2,2
6647,collecting,2,1
6648,colorful,2,2
6649,colorless,2,2
6650,commerce,2,2
6651,commission,2,2
6652,commissioning,2,2
6653,commodities,2,2
6654,commutation,2,1
6655,companies,2,2
6656,comparators,2,1
6657,compete,2,2
6658,compress,2,2
6659,concerns,2,2
6660,conditional,2,2
6661,conductivities,2,1
6662,conference,2,1
6663,configured,2,2
6664,confirmed,2,2
6665,confluence,2,2
6666,conformation,2,2
6667,conical,2,2
6668,consideration,2,2
6669,considers,2,2
6670,consisted,2,2
6671,constantly,2,2
6672,constituent,2,2
6673,constitutes,2,2
6674,constructions,2,2
6675,contacting,2,2
6676,contaminant,2,1
6677,contemporary,2,2
6678,contingency,2,2
6679,contribute,2,2
6680,contributes,2,2
6681,convenience,2,2
6682,converting,2,2
6683,conveying,2,2
6684,cooh,2,1
6685,coordination,2,2
6686,coplanar,2,2
6687,corrected,2,1
6688,cos37,2,2
6689,cosme,2,1
6690,cottontails,2,2
6691,couples,2,2
6692,coyotes,2,2
6693,cpe,2,2
6694,creams,2,2
6695,creeping,2,1
6696,crewed,2,2
6697,cricket,2,2
6698,crossover,2,2
6699,crosswise,2,2
6700,crude,2,2
6701,crumpled,2,2
6702,cultures,2,2
6703,cushing,2,1
6704,cyclin,2,1
6705,cyclone,2,1
6706,cytoplasm,2,2
6707,cytoplasmic,2,2
6708,daf,2,2
6709,dairy,2,2
6710,damaged,2,2
6711,damper,2,2
6712,damping,2,2
6713,daniel,2,1
6714,darya,2,2
6715,datapoints,2,2
6716,dcf,2,2
6717,dea,2,2
6718,decf,2,2
6719,decoding,2,2
6720,decomposed,2,2
6721,decomposes,2,2
6722,decorative,2,2
6723,deepest,2,2
6724,deformations,2,2
6725,deg,2,2
6726,degrade,2,1
6727,deletions,2,2
6728,delia,2,1
6729,deliver,2,2
6730,delivery,2,2
6731,dem,2,1
6732,demersum,2,1
6733,demonstrates,2,2
6734,densest,2,2
6735,dependent,2,2
6736,deposited,2,2
6737,deposits,2,2
6738,depot,2,2
6739,describing,2,2
6740,destination,2,2
6741,detects,2,2
6742,determining,2,2
6743,detour,2,1
6744,detoured,2,2
6745,dew,2,2
6746,dfb,2,2
6747,dfge,2,2
6748,dho,2,2
6749,dialogue,2,2
6750,diaphragm,2,1
6751,dichloroethene,2,1
6752,differs,2,2
6753,difficult,2,2
6754,dimethyl,2,2
6755,dino,2,1
6756,disappears,2,2
6757,discharges,2,2
6758,disclosure,2,2
6759,discontinuity,2,2
6760,discover,2,2
6761,discovery,2,2
6762,disjoint,2,2
6763,dispatched,2,2
6764,dispersed,2,2
6765,dissociates,2,2
6766,dissolution,2,2
6767,dissolves,2,2
6768,distantly,2,2
6769,distinguish,2,2
6770,distinguishable,2,1
6771,disturbed,2,2
6772,dive,2,2
6773,divergence,2,1
6774,dmb,2,2
6775,dock,2,2
6776,domestically,2,2
6777,dong,2,1
6778,dorsal,2,2
6779,doubled,2,2
6780,dpip,2,2
6781,drag,2,2
6782,dragonflies,2,1
6783,draught,2,2
6784,dream,2,2
6785,drifting,2,1
6786,drifts,2,2
6787,drilling,2,2
6788,drivers,2,2
6789,drizzle,2,2
6790,drkfr,2,1
6791,drunkard,2,1
6792,dual,2,2
6793,dune,2,1
6794,dung,2,2
6795,dusty,2,2
6796,dynamically,2,2
6797,earthquakes,2,2
6798,earthworm,2,2
6799,earwig,2,2
6800,ecologists,2,2
6801,economically,2,2
6802,economics,2,2
6803,ecori,2,1
6804,ecosystems,2,2
6805,eda,2,2
6806,edm,2,2
6807,eel,2,1
6808,efb,2,2
6809,efcd,2,2
6810,efcg,2,2
6811,effector,2,2
6812,efferent,2,2
6813,eggshell,2,1
6814,ehj,2,2
6815,ejection,2,2
6816,elasticity,2,2
6817,electrically,2,2
6818,electrified,2,2
6819,electrometer,2,1
6820,elephant,2,2
6821,eleven,2,2
6822,ella,2,1
6823,elmer,2,1
6824,elmira,2,1
6825,elongates,2,2
6826,else,2,1
6827,eluted,2,2
6828,embedded,2,2
6829,emblem,2,2
6830,embryo,2,2
6831,embryology,2,2
6832,empirical,2,2
6833,enables,2,2
6834,enameled,2,1
6835,enclosing,2,2
6836,encoding,2,1
6837,encountered,2,2
6838,encouraging,2,2
6839,endocrinologist,2,2
6840,endogenous,2,2
6841,engage,2,2
6842,english,2,2
6843,enhance,2,2
6844,enjoy,2,2
6845,enlarged,2,2
6846,ensures,2,1
6847,entertainment,2,1
6848,enthusiasts,2,2
6849,environments,2,2
6850,epc,2,2
6851,epithelial,2,1
6852,equality,2,2
6853,equivalence,2,2
6854,eras,2,2
6855,erroneous,2,2
6856,escaping,2,2
6857,escherichia,2,2
6858,ethanal,2,2
6859,ethanoic,2,2
6860,ethephon,2,1
6861,ethyl,2,2
6862,evaluation,2,2
6863,eve,2,1
6864,ever,2,2
6865,examples,2,2
6866,excavated,2,1
6867,exchanges,2,1
6868,exhausted,2,2
6869,exogenous,2,2
6870,expect,2,2
6871,expectation,2,2
6872,expels,2,1
6873,expensive,2,2
6874,experts,2,2
6875,explained,2,2
6876,exploitable,2,2
6877,exporting,2,2
6878,expresses,2,2
6879,extent,2,2
6880,extinguishing,2,1
6881,extracting,2,2
6882,extracurricular,2,2
6883,extravehicular,2,1
6884,fabricated,2,2
6885,facts,2,2
6886,fail,2,2
6887,failure,2,2
6888,falcata,2,1
6889,fare,2,1
6890,fashion,2,2
6891,fastened,2,1
6892,faults,2,2
6893,fba,2,2
6894,feedforward,2,1
6895,feg,2,2
6896,felt,2,2
6897,fen,2,2
6898,fermentation,2,2
6899,ferns,2,2
6900,fertilizer,2,2
6901,festive,2,2
6902,fgb,2,2
6903,fgh,2,2
6904,fghi,2,2
6905,fghmn,2,1
6906,fibrous,2,1
6907,filial,2,1
6908,filming,2,1
6909,finches,2,1
6910,finishes,2,2
6911,fir,2,2
6912,fix,2,2
6913,fixing,2,2
6914,flavonoid,2,2
6915,fled,2,1
6916,flee,2,2
6917,flips,2,2
6918,flooding,2,2
6919,floods,2,2
6920,florian,2,2
6921,flowchart,2,2
6922,flowerbeds,2,1
6923,flu,2,2
6924,fluctuation,2,2
6925,flue,2,1
6926,focuses,2,2
6927,foe,2,2
6928,foetus,2,2
6929,foggy,2,2
6930,footbridge,2,1
6931,forced,2,2
6932,forget,2,1
6933,fort,2,1
6934,forwards,2,2
6935,fox,2,2
6936,fractionally,2,1
6937,frankie,2,1
6938,freda,2,2
6939,freezes,2,1
6940,frictionlessly,2,2
6941,friendships,2,1
6942,frsl,2,1
6943,furthermore,2,2
6944,fusicoccin,2,1
6945,fusion,2,2
6946,gable,2,2
6947,gagac,2,1
6948,gained,2,2
6949,gaining,2,2
6950,gaofen,2,1
6951,garage,2,1
6952,garcia,2,1
6953,gaseous,2,2
6954,gather,2,2
6955,gauss,2,2
6956,gave,2,2
6957,gec,2,2
6958,gef,2,2
6959,gender,2,2
6960,generators,2,2
6961,genevieve,2,1
6962,geometrical,2,2
6963,geometrically,2,1
6964,gerda,2,1
6965,germinating,2,2
6966,gina,2,1
6967,girls,2,1
6968,gliding,2,2
6969,glitch,2,1
6970,globalization,2,2
6971,globin,2,1
6972,gluconeogenesis,2,2
6973,glumes,2,2
6974,glutamate,2,2
6975,glutamic,2,2
6976,glycine,2,2
6977,glycinium,2,1
6978,glycolytic,2,1
6979,gmr,2,2
6980,god,2,2
6981,gonads,2,2
6982,gopt,2,2
6983,governance,2,2
6984,graaff,2,2
6985,grabs,2,2
6986,grasslands,2,2
6987,gravitation,2,2
6988,greek,2,2
6989,greenhouse,2,2
6990,greenwich,2,2
6991,grids,2,2
6992,gridtown,2,1
6993,guess,2,1
6994,guilin,2,1
6995,guilty,2,2
6996,guiyang,2,2
6997,gum,2,2
6998,guppy,2,2
6999,h2c2o4,2,1
7000,haikui,2,2
7001,hair,2,2
7002,halo,2,1
7003,haloalkanes,2,2
7004,happened,2,2
7005,happy,2,2
7006,hardened,2,2
7007,hardly,2,2
7008,harness,2,1
7009,harry,2,2
7010,haruna,2,2
7011,harvest,2,2
7012,hatching,2,2
7013,hawaiian,2,2
7014,hazards,2,2
7015,hc2h3o2,2,2
7016,hcd,2,2
7017,health,2,2
7018,heater,2,2
7019,heaven,2,2
7020,heavily,2,2
7021,hebei,2,2
7022,hemiacetal,2,2
7023,hemiketal,2,2
7024,heritage,2,2
7025,heroes,2,2
7026,hexigten,2,2
7027,hip,2,1
7028,hippocampal,2,1
7029,hippocampus,2,1
7030,hometowns,2,2
7031,hong,2,2
7032,hoops,2,1
7033,hospital,2,2
7034,hourly,2,2
7035,hovers,2,2
7036,hso,2,2
7037,huaihe,2,1
7038,huangshan,2,2
7039,hubble,2,1
7040,huinantian,2,1
7041,hwp,2,2
7042,hydraulic,2,1
7043,hydroelectric,2,1
7044,hysteresis,2,2
7045,identically,2,2
7046,identification,2,2
7047,identifies,2,2
7048,identifying,2,1
7049,ignites,2,1
7050,imagined,2,2
7051,impinging,2,2
7052,implementing,2,2
7053,import,2,2
7054,imported,2,2
7055,improving,2,2
7056,impulses,2,2
7057,impulsive,2,2
7058,incomplete,2,2
7059,indirect,2,2
7060,indoor,2,2
7061,induces,2,2
7062,inducing,2,1
7063,inductors,2,2
7064,inertial,2,1
7065,infants,2,1
7066,inferring,2,2
7067,inflate,2,2
7068,inflates,2,2
7069,inflation,2,1
7070,initiates,2,1
7071,innermost,2,2
7072,innervates,2,2
7073,inoculate,2,2
7074,insertions,2,2
7075,insist,2,2
7076,inspired,2,2
7077,instar,2,2
7078,intact,2,2
7079,intellectual,2,2
7080,intended,2,2
7081,intends,2,2
7082,interact,2,2
7083,intercept,2,2
7084,interconnected,2,2
7085,intercropping,2,1
7086,intercross,2,2
7087,interfacing,2,2
7088,interiors,2,2
7089,interquartile,2,2
7090,intestine,2,2
7091,introduction,2,2
7092,intrusion,2,2
7093,iridum,2,2
7094,irregularly,2,2
7095,irrigated,2,2
7096,islet,2,2
7097,isochoric,2,1
7098,isochrone,2,2
7099,isohyets,2,2
7100,isolation,2,2
7101,isoleucine,2,1
7102,isomers,2,2
7103,issues,2,2
7104,italy,2,2
7105,itemize,2,1
7106,iupac,2,2
7107,j100,2,1
7108,jam,2,2
7109,jet,2,2
7110,jette,2,1
7111,jettison,2,1
7112,jianglang,2,2
7113,jin,2,2
7114,jkn,2,2
7115,jlp,2,1
7116,jockey,2,2
7117,jog,2,1
7118,journeys,2,2
7119,kabul,2,1
7120,kan,2,2
7121,karin,2,2
7122,karst,2,2
7123,kathi,2,2
7124,katrin,2,2
7125,kbaud,2,2
7126,kde,2,2
7127,keshiketeng,2,2
7128,kilogram,2,2
7129,kim,2,1
7130,kinase,2,2
7131,klm,2,2
7132,kln,2,2
7133,knots,2,1
7134,kpa,2,2
7135,krills,2,2
7136,kubuqi,2,2
7137,lagrange,2,2
7138,lakes,2,2
7139,landforms,2,2
7140,landslides,2,1
7141,language,2,2
7142,lanthanum,2,2
7143,lap,2,1
7144,latest,2,2
7145,latex,2,1
7146,launches,2,2
7147,leaks,2,2
7148,learn,2,2
7149,learning,2,2
7150,leaved,2,2
7151,legend,2,2
7152,leisurely,2,2
7153,lemon,2,2
7154,lena,2,1
7155,lenz,2,2
7156,leopard,2,2
7157,lesson,2,1
7158,lets,2,2
7159,lettered,2,2
7160,levitate,2,2
7161,levitates,2,2
7162,liepa,2,1
7163,lifetimes,2,2
7164,ligases,2,2
7165,ligated,2,2
7166,lighting,2,2
7167,likes,2,2
7168,limbless,2,2
7169,limitation,2,2
7170,linking,2,2
7171,literature,2,2
7172,lithium,2,1
7173,livestock,2,1
7174,loads,2,2
7175,log,2,2
7176,longtail,2,1
7177,longwave,2,2
7178,lot,2,2
7179,loved,2,2
7180,lovers,2,2
7181,lowered,2,2
7182,lowpass,2,2
7183,lucy,2,1
7184,luis,2,1
7185,lukas,2,1
7186,lung,2,2
7187,mab,2,2
7188,macdonald,2,1
7189,magmatic,2,2
7190,magnesium,2,1
7191,magnetically,2,2
7192,mahi,2,1
7193,mahogany,2,1
7194,maia,2,1
7195,maker,2,1
7196,mandarins,2,1
7197,manganese,2,2
7198,mango,2,2
7199,manicotti,2,1
7200,manifestation,2,2
7201,mantissa,2,2
7202,mantle,2,2
7203,manually,2,1
7204,manufactured,2,2
7205,manufactures,2,2
7206,manure,2,2
7207,marginal,2,2
7208,margot,2,1
7209,markers,2,2
7210,marketed,2,2
7211,marry,2,2
7212,martin,2,2
7213,mats,2,1
7214,maturation,2,2
7215,maximally,2,2
7216,mbcn,2,2
7217,mcdonald,2,2
7218,meat,2,1
7219,medal,2,2
7220,mediated,2,2
7221,mediterranean,2,2
7222,membranous,2,2
7223,menhaden,2,2
7224,mesophyll,2,2
7225,metals,2,2
7226,meteorite,2,1
7227,meteorology,2,2
7228,methacrylate,2,2
7229,methanol,2,2
7230,methyl,2,2
7231,methylamine,2,1
7232,methylbutanoic,2,2
7233,metre,2,1
7234,michael,2,2
7235,micromoles,2,2
7236,microprocessor,2,2
7237,microscopes,2,2
7238,microscopic,2,2
7239,microscopy,2,2
7240,microseconds,2,2
7241,midband,2,2
7242,midfield,2,1
7243,midriff,2,2
7244,midsegment,2,2
7245,midway,2,2
7246,midwestern,2,2
7247,migrate,2,2
7248,migrating,2,1
7249,mike,2,2
7250,miller,2,2
7251,milliseconds,2,2
7252,minnows,2,2
7253,minus,2,2
7254,mission,2,1
7255,mistake,2,2
7256,mnop,2,2
7257,mnp,2,1
7258,mnpr,2,2
7259,mob,2,2
7260,mobile,2,2
7261,moc,2,1
7262,modeled,2,2
7263,modify,2,1
7264,modular,2,2
7265,monatomic,2,2
7266,monogenic,2,2
7267,monster,2,1
7268,morafka,2,2
7269,moritz,2,2
7270,mortality,2,2
7271,mos1,2,1
7272,mos2,2,1
7273,mosif,2,1
7274,mothers,2,1
7275,motivations,2,2
7276,mound,2,2
7277,mouthparts,2,2
7278,mpn,2,2
7279,mpx,2,2
7280,mrs,2,2
7281,mudslide,2,1
7282,mulberry,2,2
7283,multimeter,2,1
7284,multiplexers,2,2
7285,multiplexor,2,1
7286,mutagen,2,2
7287,mutates,2,1
7288,muzzle,2,1
7289,namely,2,2
7290,nameplate,2,2
7291,ncl,2,2
7292,ncl3,2,2
7293,neb,2,2
7294,neighbour,2,2
7295,neurotransmitter,2,2
7296,neutralize,2,2
7297,neutralized,2,2
7298,nevada,2,2
7299,nights,2,2
7300,nile,2,2
7301,ninth,2,1
7302,nitration,2,2
7303,nitrite,2,2
7304,nitrous,2,2
7305,no3,2,2
7306,nonagon,2,2
7307,nonfeeding,2,2
7308,nonoverlapping,2,1
7309,nonzero,2,2
7310,nose,2,1
7311,noticeably,2,2
7312,noticing,2,2
7313,npy,2,2
7314,nucleotides,2,1
7315,null,2,2
7316,numerous,2,2
7317,nurse,2,2
7318,nutritionists,2,2
7319,oacb,2,2
7320,oad,2,2
7321,oap,2,2
7322,oba,2,2
7323,obe,2,2
7324,observes,2,2
7325,oceanic,2,2
7326,ocl,2,2
7327,octet,2,2
7328,odce,2,2
7329,ode,2,2
7330,oef,2,1
7331,olivia,2,1
7332,onward,2,2
7333,operator,2,2
7334,optimizing,2,2
7335,ordering,2,2
7336,ordinary,2,2
7337,ordinates,2,2
7338,orleans,2,1
7339,otl,2,2
7340,ottawa,2,1
7341,outdoor,2,1
7342,outlets,2,2
7343,outspread,2,1
7344,ovaries,2,2
7345,overcast,2,2
7346,overexpression,2,1
7347,overlapped,2,2
7348,overshoot,2,2
7349,overtakes,2,2
7350,ovule,2,2
7351,owls,2,2
7352,owners,2,2
7353,oxalate,2,2
7354,oxidase,2,2
7355,pack,2,2
7356,packages,2,2
7357,pads,2,1
7358,paintings,2,1
7359,paleontology,2,2
7360,panel,2,2
7361,panels,2,1
7362,pao,2,2
7363,parallels,2,2
7364,parasol,2,2
7365,paris,2,2
7366,participants,2,2
7367,participates,2,2
7368,patrolling,2,2
7369,pave,2,1
7370,paved,2,2
7371,pavilion,2,2
7372,paving,2,1
7373,pba,2,2
7374,pbqd,2,1
7375,pca,2,2
7376,pcb,2,2
7377,pcm,2,1
7378,pea,2,1
7379,peach,2,1
7380,peaks,2,2
7381,pear,2,2
7382,pearls,2,1
7383,pebf,2,2
7384,pegs,2,1
7385,pencil,2,2
7386,pendulums,2,1
7387,penultimate,2,2
7388,peppered,2,1
7389,perennial,2,2
7390,peripheral,2,2
7391,personal,2,2
7392,personnel,2,2
7393,perspectives,2,2
7394,pesticides,2,2
7395,pete,2,1
7396,ph3,2,2
7397,pheasant,2,1
7398,photocell,2,1
7399,photodiode,2,1
7400,photography,2,2
7401,phototropism,2,2
7402,photovoltaic,2,2
7403,phreatic,2,2
7404,physoly,2,2
7405,picked,2,1
7406,pickup,2,2
7407,pile,2,2
7408,pilots,2,2
7409,pinch,2,2
7410,pink,2,2
7411,pipette,2,1
7412,pit,2,1
7413,pitch,2,2
7414,pituitary,2,2
7415,plenary,2,2
7416,plug,2,1
7417,plus,2,2
7418,pm10,2,2
7419,pmon,2,2
7420,poe,2,2
7421,poem,2,2
7422,pointers,2,2
7423,policies,2,2
7424,polish,2,2
7425,pollinate,2,2
7426,polluted,2,2
7427,polyline,2,2
7428,polyprotic,2,2
7429,popular,2,2
7430,poq,2,2
7431,pores,2,1
7432,portions,2,2
7433,possibilities,2,2
7434,posterior,2,2
7435,posts,2,1
7436,postsynaptic,2,2
7437,potassium,2,2
7438,pouch,2,1
7439,pounds,2,1
7440,pouring,2,2
7441,pqt,2,2
7442,practice,2,2
7443,practicing,2,2
7444,precedence,2,2
7445,precise,2,2
7446,precursor,2,2
7447,predicting,2,2
7448,predictor,2,2
7449,prefix,2,2
7450,preliminary,2,2
7451,preparation,2,2
7452,prepares,2,2
7453,pres2,2,1
7454,president,2,2
7455,presses,2,2
7456,pressing,2,2
7457,presynaptic,2,2
7458,preventing,2,2
7459,prevention,2,2
7460,priced,2,2
7461,primer,2,2
7462,printing,2,2
7463,proceed,2,2
7464,processed,2,2
7465,profitability,2,2
7466,progeny,2,2
7467,proliferation,2,1
7468,promoter,2,2
7469,prompted,2,2
7470,propanol,2,1
7471,propelled,2,2
7472,propene,2,2
7473,propose,2,2
7474,protected,2,2
7475,psq,2,1
7476,psr,2,2
7477,pudong,2,2
7478,pulmonary,2,1
7479,punch,2,1
7480,punches,2,2
7481,purity,2,1
7482,q3q2q1,2,1
7483,qabo,2,1
7484,qilian,2,2
7485,qingming,2,2
7486,qingzhen,2,2
7487,qps,2,2
7488,qrp,2,2
7489,qrtu,2,2
7490,qualified,2,1
7491,quantitative,2,2
7492,quarantined,2,2
7493,quasi,2,2
7494,quasiparticles,2,1
7495,queen,2,2
7496,rabi,2,1
7497,radiates,2,1
7498,raffinate,2,2
7499,raising,2,2
7500,rammed,2,1
7501,ramming,2,1
7502,ramos,2,1
7503,ranked,2,2
7504,reactant,2,2
7505,reacted,2,2
7506,reacting,2,2
7507,reacts,2,2
7508,rearrangement,2,2
7509,reasoning,2,2
7510,rebound,2,1
7511,receptacle,2,1
7512,recognition,2,2
7513,recombinants,2,1
7514,recurrence,2,2
7515,ref,2,2
7516,reflectivity,2,1
7517,regeneration,2,2
7518,regularly,2,2
7519,regulate,2,2
7520,regulations,2,2
7521,regulatory,2,2
7522,reheated,2,2
7523,relate,2,2
7524,relating,2,2
7525,relations,2,2
7526,relaxation,2,2
7527,reliably,2,2
7528,relies,2,2
7529,remelting,2,2
7530,remember,2,2
7531,removal,2,1
7532,renovation,2,2
7533,replicate,2,2
7534,reserves,2,1
7535,residuals,2,2
7536,resistivities,2,2
7537,resolution,2,2
7538,resonance,2,2
7539,resort,2,1
7540,respects,2,2
7541,restoration,2,2
7542,resulted,2,2
7543,retaining,2,1
7544,retractable,2,1
7545,reversed,2,2
7546,reverses,2,2
7547,reversing,2,1
7548,reviewed,2,2
7549,revitalization,2,2
7550,revolve,2,2
7551,revolving,2,2
7552,ribosomal,2,2
7553,ribosomes,2,2
7554,richter,2,2
7555,ridden,2,2
7556,riemann,2,2
7557,rifle,2,1
7558,riki,2,1
7559,rinderpest,2,2
7560,risen,2,2
7561,rita,2,2
7562,riverbanks,2,2
7563,riverbed,2,2
7564,rom,2,1
7565,roman,2,2
7566,roses,2,2
7567,rotifer,2,2
7568,rounds,2,2
7569,routine,2,2
7570,roving,2,2
7571,rsp,2,2
7572,rstu,2,2
7573,rstv,2,2
7574,rsu,2,2
7575,rsv,2,2
7576,rutherford,2,2
7577,sabc,2,1
7578,sacha,2,1
7579,sailboat,2,1
7580,sal,2,1
7581,salamander,2,2
7582,salmon,2,2
7583,sam,2,1
7584,sandbags,2,2
7585,sandwich,2,1
7586,sandy,2,2
7587,sangluo,2,2
7588,sanya,2,2
7589,sap,2,2
7590,sarcolemma,2,2
7591,sasha,2,1
7592,saturn,2,2
7593,sau3ai,2,1
7594,says,2,2
7595,sb2,2,1
7596,sbh3,2,2
7597,schemes,2,2
7598,schools,2,1
7599,scientist,2,2
7600,screens,2,2
7601,screw,2,1
7602,seamlessly,2,2
7603,search,2,2
7604,seashore,2,2
7605,seated,2,1
7606,secretes,2,2
7607,sedan,2,1
7608,sedimentary,2,2
7609,sediments,2,1
7610,seedling,2,2
7611,seeing,2,2
7612,selfed,2,1
7613,sending,2,2
7614,senescence,2,1
7615,sensitivity,2,2
7616,serine,2,2
7617,serves,2,2
7618,settle,2,2
7619,shaanxi,2,2
7620,shadows,2,2
7621,shafts,2,1
7622,shaken,2,1
7623,shall,2,2
7624,sharing,2,2
7625,sharply,2,2
7626,sheath,2,2
7627,sheep,2,2
7628,sheila,2,1
7629,shellfish,2,2
7630,shelves,2,1
7631,shielding,2,2
7632,shifted,2,2
7633,shilin,2,2
7634,shining,2,2
7635,shipped,2,2
7636,shirt,2,1
7637,shoe,2,2
7638,shone,2,2
7639,shortwave,2,2
7640,shots,2,2
7641,shrank,2,2
7642,shrink,2,2
7643,shunt,2,2
7644,shut,2,2
7645,siblings,2,2
7646,sidelength,2,2
7647,siderophores,2,1
7648,sierra,2,2
7649,silt,2,1
7650,silted,2,2
7651,silting,2,2
7652,silvered,2,2
7653,simbel,2,2
7654,simone,2,1
7655,simplifying,2,2
7656,sink,2,2
7657,sinus,2,2
7658,sio2,2,1
7659,sisters,2,2
7660,sixty,2,2
7661,skateboards,2,1
7662,skeletal,2,2
7663,skeleton,2,2
7664,skills,2,2
7665,slanted,2,1
7666,slippage,2,2
7667,sloped,2,2
7668,slot,2,1
7669,slows,2,2
7670,smelt,2,2
7671,smelter,2,2
7672,smelting,2,2
7673,snap,2,1
7674,soaking,2,1
7675,soared,2,2
7676,socioeconomic,2,2
7677,software,2,2
7678,sol,2,1
7679,solenoids,2,2
7680,southwesternmost,2,1
7681,soybeans,2,1
7682,spacer,2,1
7683,spacewalking,2,1
7684,spaghetti,2,1
7685,speaker,2,2
7686,speaking,2,2
7687,specializes,2,2
7688,speeding,2,2
7689,spend,2,2
7690,sperm,2,2
7691,spermatocytes,2,1
7692,spilling,2,2
7693,sport,2,2
7694,sports,2,2
7695,sportswear,2,2
7696,spotted,2,2
7697,spread,2,2
7698,spreads,2,2
7699,squirrel,2,2
7700,squirrels,2,2
7701,src,2,2
7702,stabilize,2,2
7703,stabilized,2,2
7704,stably,2,2
7705,stacks,2,1
7706,stained,2,2
7707,stairs,2,2
7708,stalagmites,2,2
7709,stalk,2,2
7710,stamping,2,2
7711,standardized,2,2
7712,startup,2,2
7713,starve,2,2
7714,stems,2,2
7715,steph,2,1
7716,steppe,2,1
7717,stereoisomers,2,2
7718,sterile,2,1
7719,stokes,2,1
7720,stomata,2,1
7721,stomatal,2,2
7722,stood,2,2
7723,stormer,2,1
7724,strawberries,2,2
7725,streetlight,2,2
7726,streetlights,2,2
7727,strike,2,2
7728,striking,2,2
7729,strokes,2,1
7730,stronger,2,2
7731,strontium,2,1
7732,style,2,2
7733,subjects,2,2
7734,substitutions,2,2
7735,subsystems,2,1
7736,subtending,2,2
7737,subtilis,2,1
7738,subtraction,2,2
7739,sudden,2,2
7740,suffered,2,2
7741,suffering,2,2
7742,suit,2,2
7743,suitcase,2,1
7744,sulfite,2,1
7745,sulfoxide,2,2
7746,sunflowers,2,1
7747,sunshade,2,1
7748,sunspot,2,1
7749,suppression,2,2
7750,surveyed,2,2
7751,survive,2,2
7752,sustained,2,2
7753,swap,2,2
7754,swapped,2,1
7755,symbiotic,2,1
7756,syncronous,2,2
7757,synthesize,2,1
7758,synthesizes,2,2
7759,syringe,2,2
7760,tablets,2,2
7761,tabular,2,1
7762,tabulated,2,2
7763,taihang,2,2
7764,taitung,2,2
7765,tanks,2,2
7766,tapes,2,1
7767,targets,2,2
7768,task,2,2
7769,taste,2,2
7770,tax,2,1
7771,taxes,2,2
7772,taylor,2,1
7773,tea,2,2
7774,tectonic,2,1
7775,tectonics,2,2
7776,tem,2,2
7777,temporary,2,2
7778,termite,2,2
7779,thaliana,2,2
7780,theme,2,2
7781,thicknesses,2,2
7782,think,2,2
7783,thirty,2,2
7784,thomas,2,2
7785,thorax,2,2
7786,thrusters,2,1
7787,tianjin,2,2
7788,tighten,2,1
7789,tightrope,2,1
7790,tikzpicture,2,1
7791,tiling,2,1
7792,tire,2,1
7793,tissues,2,2
7794,tomatoes,2,2
7795,too,2,2
7796,toppings,2,2
7797,toss,2,2
7798,totipotent,2,2
7799,tournament,2,2
7800,tracked,2,2
7801,trained,2,2
7802,trainees,2,1
7803,trainer,2,1
7804,tranquil,2,2
7805,transconductances,2,2
7806,transitioned,2,2
7807,transitions,2,2
7808,transmit,2,2
7809,transmittance,2,1
7810,transmitting,2,2
7811,transparencies,2,1
7812,transports,2,2
7813,trapeziums,2,2
7814,trefoil,2,1
7815,trials,2,2
7816,triangulated,2,1
7817,tries,2,2
7818,triomino,2,1
7819,trioxide,2,2
7820,trisect,2,2
7821,trolleybuses,2,2
7822,tromino,2,1
7823,trominos,2,1
7824,troops,2,1
7825,trucks,2,2
7826,tsui,2,1
7827,tualang,2,2
7828,tulip,2,2
7829,tunable,2,1
7830,turbulent,2,2
7831,turtle,2,1
7832,tuv,2,2
7833,tuvr,2,1
7834,twin,2,2
7835,twyz,2,2
7836,ultimately,2,2
7837,umbrella,2,2
7838,umbrellas,2,2
7839,uncoloured,2,1
7840,understanding,2,2
7841,undissolved,2,2
7842,unfolding,2,2
7843,unicycle,2,1
7844,unless,2,2
7845,unlimited,2,2
7846,unmanned,2,2
7847,unpainted,2,1
7848,unpowered,2,2
7849,unprecedented,2,2
7850,unrelated,2,2
7851,unsaturated,2,2
7852,unshorted,2,2
7853,unsymmetrical,2,2
7854,unusually,2,2
7855,uppermost,2,2
7856,uptake,2,2
7857,uracil,2,2
7858,urey,2,2
7859,urumqi,2,2
7860,usage,2,2
7861,usher,2,2
7862,ushuaia,2,2
7863,utilized,2,2
7864,valleys,2,2
7865,vanilla,2,2
7866,vaporization,2,2
7867,var,2,2
7868,variant,2,2
7869,veins,2,2
7870,venezuela,2,1
7871,verge,2,2
7872,version,2,2
7873,vietnam,2,2
7874,vietnamese,2,2
7875,violated,2,2
7876,violet,2,1
7877,visualized,2,2
7878,vowel,2,2
7879,voyage,2,2
7880,vt2,2,2
7881,wafers,2,2
7882,wait,2,2
7883,walkways,2,1
7884,walled,2,2
7885,wanda,2,1
7886,wands,2,1
7887,wangjiazhai,2,2
7888,wanzhou,2,2
7889,waterbird,2,1
7890,waterlogging,2,1
7891,watt,2,2
7892,weaken,2,2
7893,weaker,2,2
7894,weakest,2,2
7895,wears,2,2
7896,weasels,2,1
7897,weathered,2,2
7898,weathertong,2,2
7899,wedges,2,1
7900,weekly,2,2
7901,weightlessness,2,1
7902,welcomed,2,2
7903,westward,2,1
7904,wharf,2,2
7905,whenever,2,2
7906,whichever,2,2
7907,whistle,2,1
7908,whistles,2,1
7909,wholesale,2,2
7910,whom,2,2
7911,winged,2,1
7912,wingless,2,2
7913,winner,2,2
7914,wiring,2,1
7915,wisconsin,2,1
7916,wished,2,2
7917,wolves,2,2
7918,words,2,2
7919,worked,2,2
7920,workflow,2,2
7921,worm,2,2
7922,xiaofang,2,1
7923,yanshan,2,2
7924,yarkand,2,2
7925,yesterday,2,2
7926,younger,2,2
7927,zag,2,2
7928,zaozhuang,2,2
7929,zeeman,2,1
7930,zeros,2,2
7931,zhangjiakou,2,1
7932,zhou,2,2
7933,ziel,2,2
7934,zig,2,2
7935,zigzag,2,2
7936,zigzagging,2,1
7937,zirconium,2,2
7938,zonation,2,2
7939,zpf,2,1
7940,zwx,2,2
7941,zygotic,2,1
7942,zyw,2,1
7943,zyx,2,2
7944,01c,1,1
7945,01s,1,1
7946,03a9,1,1
7947,04kg,1,1
7948,09x,1,1
7949,0cm,1,1
7950,10000t,1,1
7951,1000m,1,1
7952,100km,1,1
7953,100v,1,1
7954,10a,1,1
7955,10cm,1,1
7956,10h,1,1
7957,10l,1,1
7958,10mv,1,1
7959,10n,1,1
7960,10r,1,1
7961,10u,1,1
7962,10w,1,1
7963,11a,1,1
7964,11kv,1,1
7965,11kw,1,1
7966,11r0,1,1
7967,127g,1,1
7968,12cm,1,1
7969,12f,1,1
7970,12l,1,1
7971,12m,1,1
7972,13cm,1,1
7973,13g,1,1
7974,13m,1,1
7975,13th,1,1
7976,140n,1,1
7977,14h,1,1
7978,14h30min,1,1
7979,14n,1,1
7980,14x,1,1
7981,150v,1,1
7982,15cm,1,1
7983,15km,1,1
7984,15min,1,1
7985,15s,1,1
7986,15th,1,1
7987,1600m,1,1
7988,16b,1,1
7989,16n,1,1
7990,16p,1,1
7991,16qam,1,1
7992,16r,1,1
7993,1780s,1,1
7994,180v,1,1
7995,18x,1,1
7996,1ab,1,1
7997,1ao,1,1
7998,1atm,1,1
7999,1cdo,1,1
8000,1ma,1,1
8001,2000m,1,1
8002,2000t,1,1
8003,200k,1,1
8004,200mm,1,1
8005,2011th,1,1
8006,2012th,1,1
8007,2019a,1,1
8008,2019b,1,1
8009,2019c,1,1
8010,2019d,1,1
8011,2022nd,1,1
8012,2023rd,1,1
8013,20b,1,1
8014,20c,1,1
8015,20l,1,1
8016,20min,1,1
8017,20mm,1,1
8018,20n,1,1
8019,20t,1,1
8020,2200v,1,1
8021,220sin,1,1
8022,22nd,1,1
8023,24h,1,1
8024,24v,1,1
8025,250k,1,1
8026,250n,1,1
8027,25cm,1,1
8028,25mv,1,1
8029,25r,1,1
8030,25th,1,1
8031,273k,1,1
8032,27th,1,1
8033,280k,1,1
8034,28th,1,1
8035,298k,1,1
8036,2aa,1,1
8037,2ac,1,1
8038,2ao,1,1
8039,2cf,1,1
8040,2cn,1,1
8041,2co2,1,1
8042,2cq,1,1
8043,2db,1,1
8044,2dc,1,1
8045,2ec,1,1
8046,2ed,1,1
8047,2em,1,1
8048,2eo,1,1
8049,2fe,1,1
8050,2hd,1,1
8051,2hno,1,1
8052,2kl,1,1
8053,2lm,1,1
8054,2mc,1,1
8055,2mn,1,1
8056,2ms,1,1
8057,2mx,1,1
8058,2na,1,1
8059,2nacl,1,1
8060,2nc,1,1
8061,2nch,1,1
8062,2nh,1,1
8063,2nh3,1,1
8064,2no2,1,1
8065,2nt,1,1
8066,2o2,1,1
8067,2of,1,1
8068,2pq,1,1
8069,2qd,1,1
8070,2xy,1,1
8071,300m,1,1
8072,3099m,1,1
8073,30h,1,1
8074,30kv,1,1
8075,30min,1,1
8076,30v,1,1
8077,311sin,1,1
8078,311sin100,1,1
8079,32mg,1,1
8080,342mm,1,1
8081,3500m,1,1
8082,36j,1,1
8083,36k,1,1
8084,3776m,1,1
8085,37th,1,1
8086,3ac,1,1
8087,3bc,1,1
8088,3cd,1,1
8089,3ce,1,1
8090,3cf,1,1
8091,3cm,1,1
8092,3coh,1,1
8093,3db,1,1
8094,3df,1,1
8095,3dg8,1,1
8096,3dn,1,1
8097,3ec,1,1
8098,3fc,1,1
8099,3h2o,1,1
8100,3mb,1,1
8101,3mg,1,1
8102,3mn,1,1
8103,3nad,1,1
8104,3nadh,1,1
8105,3no,1,1
8106,3no2,1,1
8107,3oa,1,1
8108,3od,1,1
8109,3om,1,1
8110,400v,1,1
8111,40m,1,1
8112,40min,1,1
8113,40n,1,1
8114,40rad,1,1
8115,40v,1,1
8116,40w,1,1
8117,44w,1,1
8118,452b,1,1
8119,46s,1,1
8120,46th,1,1
8121,4ax,1,1
8122,4hno3,1,1
8123,4kg,1,1
8124,4km,1,1
8125,4ktr,1,1
8126,4mg,1,1
8127,4ms,1,1
8128,4n2,1,1
8129,4no,1,1
8130,4om,1,1
8131,4pb,1,1
8132,4qb,1,1
8133,500g,1,1
8134,500k,1,1
8135,500t,1,1
8136,50hz,1,1
8137,50min,1,1
8138,50s,1,1
8139,52v,1,1
8140,53rd,1,1
8141,54th,1,1
8142,573g,1,1
8143,5atm,1,1
8144,5kg,1,1
8145,5pc,1,1
8146,5r0,1,1
8147,60ev,1,1
8148,60s,1,1
8149,60v,1,1
8150,60w,1,1
8151,628t,1,1
8152,66w,1,1
8153,6bp,1,1
8154,74ls161,1,1
8155,74v,1,1
8156,8000kg,1,1
8157,800k,1,1
8158,800m,1,1
8159,800mm,1,1
8160,8085a,1,1
8161,80n,1,1
8162,80s,1,1
8163,8gl,1,1
8164,8mg,1,1
8165,90s,1,1
8166,93k,1,1
8167,96m,1,1
8168,abandoned,1,1
8169,abbas,1,1
8170,abcdefg,1,1
8171,abcp,1,1
8172,abcq,1,1
8173,abdf,1,1
8174,abdomen,1,1
8175,abec,1,1
8176,abfc,1,1
8177,abg,1,1
8178,abgd,1,1
8179,abh,1,1
8180,abih,1,1
8181,ablate,1,1
8182,abmn,1,1
8183,abnmd,1,1
8184,aboard,1,1
8185,abpc,1,1
8186,abq,1,1
8187,abscissae,1,1
8188,absolutely,1,1
8189,absr,1,1
8190,abutting,1,1
8191,aca,1,1
8192,acbd,1,1
8193,accelerators,1,1
8194,accept,1,1
8195,acceptance,1,1
8196,acceptor,1,1
8197,accessibility,1,1
8198,accessory,1,1
8199,acclaimed,1,1
8200,accomplish,1,1
8201,accomplished,1,1
8202,accumulator,1,1
8203,aced,1,1
8204,acetabularia,1,1
8205,acfg,1,1
8206,acgd,1,1
8207,achi,1,1
8208,achievable,1,1
8209,achromaticity,1,1
8210,acq,1,1
8211,acquire,1,1
8212,acquired,1,1
8213,acquisition,1,1
8214,acth,1,1
8215,adaptability,1,1
8216,adaptation,1,1
8217,adaptations,1,1
8218,adcb,1,1
8219,addresses,1,1
8220,adeg,1,1
8221,adg,1,1
8222,adhg,1,1
8223,adiabatically,1,1
8224,adjustments,1,1
8225,adn,1,1
8226,adoe,1,1
8227,adorned,1,1
8228,adrenocorticotropic,1,1
8229,adriana,1,1
8230,adsorbing,1,1
8231,advances,1,1
8232,advocated,1,1
8233,ady,1,1
8234,aecd,1,1
8235,aedb,1,1
8236,aee,1,1
8237,aegh,1,1
8238,aeh,1,1
8239,aeks,1,1
8240,aem,1,1
8241,aeod,1,1
8242,aeph,1,1
8243,aeration,1,1
8244,aerial,1,1
8245,aeronautics,1,1
8246,aerosols,1,1
8247,aerospace,1,1
8248,afd,1,1
8249,afferent,1,1
8250,affiliated,1,1
8251,afh,1,1
8252,afr,1,1
8253,african,1,1
8254,agch,1,1
8255,agcl,1,1
8256,agfb,1,1
8257,aggravate,1,1
8258,aggravation,1,1
8259,aggregation,1,1
8260,aghi,1,1
8261,agi,1,1
8262,agq,1,1
8263,agro,1,1
8264,ahc,1,1
8265,ahf,1,1
8266,ahg,1,1
8267,aib,1,1
8268,aic,1,1
8269,aid,1,1
8270,aiming,1,1
8271,aims,1,1
8272,airborne,1,1
8273,airports,1,1
8274,ajabchchija,1,1
8275,aje,1,1
8276,ajicb,1,1
8277,akash,1,1
8278,akb,1,1
8279,akin,1,1
8280,aladdin,1,1
8281,alarm,1,1
8282,algael,1,1
8283,algebra,1,1
8284,alicia,1,1
8285,alignment,1,1
8286,alive,1,1
8287,alkaline,1,1
8288,alligator,1,1
8289,aloft,1,1
8290,alongside,1,1
8291,alpha,1,1
8292,alphabet,1,1
8293,alphabetic,1,1
8294,alps,1,1
8295,alternatively,1,1
8296,altimeter,1,1
8297,alumnus,1,1
8298,ambiguously,1,1
8299,amc8,1,1
8300,amd,1,1
8301,amde,1,1
8302,amery,1,1
8303,aminotransferase,1,1
8304,amongst,1,1
8305,amphibious,1,1
8306,amplifiers,1,1
8307,ampn,1,1
8308,amy,1,1
8309,anaerobic,1,1
8310,analogy,1,1
8311,analyzes,1,1
8312,anaphase,1,1
8313,anastasia,1,1
8314,anchor,1,1
8315,anchored,1,1
8316,ancients,1,1
8317,andrea,1,1
8318,andy,1,1
8319,angeles,1,1
8320,aniline,1,1
8321,animolympiad,1,1
8322,anion,1,1
8323,anita,1,1
8324,ankle,1,1
8325,anmd,1,1
8326,anne,1,1
8327,annotated,1,1
8328,annotating,1,1
8329,announced,1,1
8330,annular,1,1
8331,anomalous,1,1
8332,ansatz,1,1
8333,antennas,1,1
8334,anterior,1,1
8335,anther,1,1
8336,antimicrobial,1,1
8337,aoa,1,1
8338,aobcpd,1,1
8339,aobp,1,1
8340,aoi,1,1
8341,aon,1,1
8342,aorta,1,1
8343,apartment,1,1
8344,apcd,1,1
8345,apg,1,1
8346,apice,1,1
8347,apn,1,1
8348,appendix,1,1
8349,apples,1,1
8350,applicable,1,1
8351,appreciated,1,1
8352,appropriately,1,1
8353,approve,1,1
8354,approximates,1,1
8355,approximating,1,1
8356,approximations,1,1
8357,apqm,1,1
8358,apqrs,1,1
8359,aqb,1,1
8360,aqc,1,1
8361,aqcp,1,1
8362,aquaporin,1,1
8363,arable,1,1
8364,arachnids,1,1
8365,arcade,1,1
8366,archaeological,1,1
8367,archery,1,1
8368,argument,1,1
8369,armrest,1,1
8370,armrests,1,1
8371,arno,1,1
8372,arose,1,1
8373,aroused,1,1
8374,arriving,1,1
8375,articles,1,1
8376,artificially,1,1
8377,artistic,1,1
8378,arts,1,1
8379,ashy,1,1
8380,asking,1,1
8381,aspen,1,1
8382,assemble,1,1
8383,assembles,1,1
8384,assembling,1,1
8385,assess,1,1
8386,assumes,1,1
8387,asterisk,1,1
8388,asteroid,1,1
8389,asters,1,1
8390,aswan,1,1
8391,asymmetric,1,1
8392,asynchronous,1,1
8393,ate,1,1
8394,atown,1,1
8395,atrophy,1,1
8396,attach,1,1
8397,attachment,1,1
8398,attack,1,1
8399,attended,1,1
8400,attenuation,1,1
8401,attenuator,1,1
8402,attitude,1,1
8403,attributed,1,1
8404,authorities,1,1
8405,autumnal,1,1
8406,averages,1,1
8407,averaging,1,1
8408,averculus,1,1
8409,avogadro,1,1
8410,avoids,1,1
8411,awarding,1,1
8412,awards,1,1
8413,aware,1,1
8414,axles,1,1
8415,axon,1,1
8416,axonal,1,1
8417,axyz,1,1
8418,ayrshire,1,1
8419,azaleas,1,1
8420,azc,1,1
8421,azra,1,1
8422,b8s,1,1
8423,bacb,1,1
8424,bacl,1,1
8425,bacteriophage,1,1
8426,bacterium,1,1
8427,baffles,1,1
8428,bait,1,1
8429,bak,1,1
8430,balcony,1,1
8431,bald,1,1
8432,bamh,1,1
8433,bamhi,1,1
8434,bananas,1,1
8435,bandar,1,1
8436,bandgap,1,1
8437,bandpass,1,1
8438,bang,1,1
8439,baosteel,1,1
8440,baotai,1,1
8441,barb,1,1
8442,barbs,1,1
8443,baris,1,1
8444,barn,1,1
8445,barney,1,1
8446,baroreceptors,1,1
8447,barry,1,1
8448,bask,1,1
8449,bath,1,1
8450,baton,1,1
8451,battle,1,1
8452,battleships,1,1
8453,bax,1,1
8454,bayonets,1,1
8455,bcb,1,1
8456,bcgf,1,1
8457,bche,1,1
8458,bchi,1,1
8459,bcm,1,1
8460,bcme,1,1
8461,bcn,1,1
8462,bcos,1,1
8463,bdce,1,1
8464,bdef,1,1
8465,bdeo,1,1
8466,bdfe,1,1
8467,bdm,1,1
8468,bdo,1,1
8469,bdoe,1,1
8470,bea,1,1
8471,bean,1,1
8472,beattie,1,1
8473,beautification,1,1
8474,beaver,1,1
8475,becf,1,1
8476,beech,1,1
8477,beef,1,1
8478,beginners,1,1
8479,begonias,1,1
8480,begun,1,1
8481,beh,1,1
8482,behaves,1,1
8483,beih,1,1
8484,beings,1,1
8485,believes,1,1
8486,bella,1,1
8487,beloit,1,1
8488,belonging,1,1
8489,benefited,1,1
8490,bengal,1,1
8491,benjamin,1,1
8492,benzene,1,1
8493,benzoic,1,1
8494,beof,1,1
8495,bernoulli,1,1
8496,betown,1,1
8497,betsy,1,1
8498,betty,1,1
8499,bfg,1,1
8500,bfge,1,1
8501,bfpe,1,1
8502,bhd,1,1
8503,bia,1,1
8504,biases,1,1
8505,bicolor,1,1
8506,bid,1,1
8507,bidirectional,1,1
8508,bijk,1,1
8509,biked,1,1
8510,bikers,1,1
8511,billiards,1,1
8512,billowing,1,1
8513,biodiversity,1,1
8514,biofilter,1,1
8515,biologist,1,1
8516,bioremediation,1,1
8517,bisexual,1,1
8518,bistable,1,1
8519,bites,1,1
8520,bjf,1,1
8521,blackboard,1,1
8522,blackbodies,1,1
8523,blade,1,1
8524,blanks,1,1
8525,blc,1,1
8526,blob,1,1
8527,blobs,1,1
8528,blockage,1,1
8529,bloodstream,1,1
8530,blooming,1,1
8531,blooms,1,1
8532,blows,1,1
8533,bluejays,1,1
8534,blurred,1,1
8535,bmd,1,1
8536,bmt,1,1
8537,bodily,1,1
8538,bohr,1,1
8539,boil,1,1
8540,bologna,1,1
8541,bolted,1,1
8542,bolts,1,1
8543,bomb,1,1
8544,bones,1,1
8545,bony,1,1
8546,boosters,1,1
8547,boq,1,1
8548,born,1,1
8549,borne,1,1
8550,botanical,1,1
8551,bottlenose,1,1
8552,bottomed,1,1
8553,bottomless,1,1
8554,bottommost,1,1
8555,bought,1,1
8556,bowlike,1,1
8557,bows,1,1
8558,boys,1,1
8559,bpa,1,1
8560,bpq,1,1
8561,branched,1,1
8562,branching,1,1
8563,brave,1,1
8564,bravely,1,1
8565,breakers,1,1
8566,brewing,1,1
8567,bridget,1,1
8568,bridging,1,1
8569,briefly,1,1
8570,brightly,1,1
8571,britain,1,1
8572,broadening,1,1
8573,brocade,1,1
8574,bronchioles,1,1
8575,brothers,1,1
8576,brushed,1,1
8577,brushing,1,1
8578,brushstrokes,1,1
8579,bsc,1,1
8580,buffalo,1,1
8581,buffered,1,1
8582,builder,1,1
8583,bulletin,1,1
8584,bungee,1,1
8585,bunnies,1,1
8586,bunny,1,1
8587,buoys,1,1
8588,buried,1,1
8589,burnout,1,1
8590,burns,1,1
8591,burst,1,1
8592,bursts,1,1
8593,bury,1,1
8594,businesses,1,1
8595,buttoned,1,1
8596,buy,1,1
8597,bwl,1,1
8598,byline,1,1
8599,bza,1,1
8600,c4h10,1,1
8601,c5h12,1,1
8602,c6h5cl,1,1
8603,c6h5cooh,1,1
8604,c6h5nh2,1,1
8605,c6h5no2,1,1
8606,ca6140,1,1
8607,caco3,1,1
8608,cafg,1,1
8609,cai,1,1
8610,calculable,1,1
8611,calculating,1,1
8612,calf,1,1
8613,calibrated,1,1
8614,calibration,1,1
8615,calligraphy,1,1
8616,calls,1,1
8617,calyx,1,1
8618,cam,1,1
8619,camel,1,1
8620,campbell,1,1
8621,camped,1,1
8622,candidate,1,1
8623,cang,1,1
8624,cannas,1,1
8625,canyon,1,1
8626,capability,1,1
8627,capacitation,1,1
8628,capacities,1,1
8629,caps,1,1
8630,capturing,1,1
8631,caravan,1,1
8632,carbohydrate,1,1
8633,carbohydrates,1,1
8634,cardiovascular,1,1
8635,caribou,1,1
8636,carlin,1,1
8637,carolina,1,1
8638,carotenoids,1,1
8639,carp,1,1
8640,carpel,1,1
8641,carriages,1,1
8642,cassette,1,1
8643,casting,1,1
8644,casts,1,1
8645,catalase,1,1
8646,catalytic,1,1
8647,catalyzing,1,1
8648,catapults,1,1
8649,cathedrals,1,1
8650,cathie,1,1
8651,cats,1,1
8652,cattle,1,1
8653,cava,1,1
8654,cbg,1,1
8655,cbo,1,1
8656,ccp,1,1
8657,cd4060,1,1
8658,cd555,1,1
8659,cdab,1,1
8660,cdbp,1,1
8661,cdc,1,1
8662,cdco,1,1
8663,cdgb,1,1
8664,cdnm,1,1
8665,cdpq,1,1
8666,cea,1,1
8667,ceases,1,1
8668,cedf,1,1
8669,cefh,1,1
8670,celebratory,1,1
8671,centremost,1,1
8672,centrifugation,1,1
8673,centromere,1,1
8674,centrosome,1,1
8675,ceo,1,1
8676,ceremony,1,1
8677,cetown,1,1
8678,cfh,1,1
8679,cgd,1,1
8680,cgp,1,1
8681,cgpf,1,1
8682,ch2,1,1
8683,ch2oh,1,1
8684,ch3ch2ch2cho,1,1
8685,ch3ch2ch2oh,1,1
8686,ch3co,1,1
8687,chairman,1,1
8688,changzhen,1,1
8689,changzheng,1,1
8690,chantal,1,1
8691,charles,1,1
8692,charm,1,1
8693,chase,1,1
8694,cheaply,1,1
8695,checked,1,1
8696,chelicerates,1,1
8697,chemicals,1,1
8698,chenggong,1,1
8699,chenille,1,1
8700,cherry,1,1
8701,chest,1,1
8702,chile,1,1
8703,chipmunk,1,1
8704,chipmunks,1,1
8705,chiral,1,1
8706,chive,1,1
8707,chlorobenzene,1,1
8708,chlorophylls,1,1
8709,choh,1,1
8710,cholera,1,1
8711,cholerae,1,1
8712,cholesterol,1,1
8713,chongming,1,1
8714,christina,1,1
8715,chromatids,1,1
8716,chronically,1,1
8717,chrysalis,1,1
8718,chuan,1,1
8719,chuck,1,1
8720,chungus,1,1
8721,church,1,1
8722,chutes,1,1
8723,cicada,1,1
8724,cichlids,1,1
8725,circuitry,1,1
8726,circularly,1,1
8727,circulate,1,1
8728,circulating,1,1
8729,circumbinary,1,1
8730,circumcentre,1,1
8731,citizen,1,1
8732,citizens,1,1
8733,citrus,1,1
8734,cjg,1,1
8735,clad,1,1
8736,cladding,1,1
8737,cladophora,1,1
8738,claimed,1,1
8739,clam,1,1
8740,clamp,1,1
8741,clamping,1,1
8742,clams,1,1
8743,clara,1,1
8744,classic,1,1
8745,classify,1,1
8746,classrooms,1,1
8747,claudette,1,1
8748,clay,1,1
8749,clayey,1,1
8750,cleaned,1,1
8751,clearance,1,1
8752,cleft,1,1
8753,cleuza,1,1
8754,clever,1,1
8755,clf,1,1
8756,climbed,1,1
8757,climber,1,1
8758,clinging,1,1
8759,clk2,1,1
8760,clone,1,1
8761,cloning,1,1
8762,clotting,1,1
8763,cloudy,1,1
8764,clubs,1,1
8765,cmd,1,1
8766,cmjkn,1,1
8767,cms,1,1
8768,cntv,1,1
8769,coastline,1,1
8770,coaxially,1,1
8771,cobweb,1,1
8772,cocked,1,1
8773,coconut,1,1
8774,coiled,1,1
8775,colby,1,1
8776,collapsed,1,1
8777,collect,1,1
8778,colonize,1,1
8779,colony,1,1
8780,coloration,1,1
8781,colossal,1,1
8782,colourings,1,1
8783,columnar,1,1
8784,combat,1,1
8785,comfort,1,1
8786,command,1,1
8787,commence,1,1
8788,commissions,1,1
8789,committed,1,1
8790,compact,1,1
8791,companding,1,1
8792,compensate,1,1
8793,competitor,1,1
8794,complement,1,1
8795,complements,1,1
8796,compliance,1,1
8797,compose,1,1
8798,composing,1,1
8799,comprised,1,1
8800,computing,1,1
8801,con,1,1
8802,concavo,1,1
8803,concern,1,1
8804,concerning,1,1
8805,conclude,1,1
8806,concluding,1,1
8807,condensers,1,1
8808,conducive,1,1
8809,condyle,1,1
8810,cones,1,1
8811,confirm,1,1
8812,conformational,1,1
8813,conforming,1,1
8814,confucius,1,1
8815,conidia,1,1
8816,conifers,1,1
8817,conjugate,1,1
8818,conoesucidae,1,1
8819,consanguineous,1,1
8820,consequence,1,1
8821,consequences,1,1
8822,consequently,1,1
8823,conserves,1,1
8824,considerable,1,1
8825,considerably,1,1
8826,considerations,1,1
8827,constitute,1,1
8828,constructs,1,1
8829,consulted,1,1
8830,consuming,1,1
8831,containment,1,1
8832,contaminated,1,1
8833,contamination,1,1
8834,context,1,1
8835,continuity,1,1
8836,continuum,1,1
8837,contours,1,1
8838,contradiction,1,1
8839,contrast,1,1
8840,contributions,1,1
8841,controllability,1,1
8842,convective,1,1
8843,converges,1,1
8844,conversely,1,1
8845,conveyed,1,1
8846,convolution,1,1
8847,convolutional,1,1
8848,coolant,1,1
8849,cooperative,1,1
8850,coordinated,1,1
8851,cope,1,1
8852,corms,1,1
8853,cornwall,1,1
8854,coronavirus,1,1
8855,corps,1,1
8856,correlations,1,1
8857,correlator,1,1
8858,corroded,1,1
8859,corrosion,1,1
8860,cos,1,1
8861,cosb,1,1
8862,cosmonaut,1,1
8863,counterattack,1,1
8864,countermeasure,1,1
8865,counterurbanization,1,1
8866,covid,1,1
8867,coyote,1,1
8868,cpa,1,1
8869,cpnq,1,1
8870,crab,1,1
8871,crafts,1,1
8872,cranked,1,1
8873,crassa,1,1
8874,craters,1,1
8875,crawling,1,1
8876,creases,1,1
8877,creation,1,1
8878,creative,1,1
8879,creature,1,1
8880,creatures,1,1
8881,crept,1,1
8882,crescent,1,1
8883,crisscross,1,1
8884,crocodiles,1,1
8885,cropland,1,1
8886,cropping,1,1
8887,crossbars,1,1
8888,crossings,1,1
8889,crouching,1,1
8890,crowns,1,1
8891,crucial,1,1
8892,crust,1,1
8893,crystal,1,1
8894,crystals,1,1
8895,cuk,1,1
8896,curious,1,1
8897,curtain,1,1
8898,curve1,1,1
8899,curve2,1,1
8900,cushions,1,1
8901,cuthbert,1,1
8902,cutlery,1,1
8903,cuttlefish,1,1
8904,cw337,1,1
8905,cw7812,1,1
8906,cybotes,1,1
8907,cycads,1,1
8908,cyclically,1,1
8909,cycling,1,1
8910,cysteine,1,1
8911,cytokinin,1,1
8912,cytoskeleton,1,1
8913,czr,1,1
8914,d4h,1,1
8915,d7h,1,1
8916,daba,1,1
8917,dacheng,1,1
8918,dah,1,1
8919,dahlias,1,1
8920,damage,1,1
8921,dampness,1,1
8922,dancing,1,1
8923,daniela,1,1
8924,dap,1,1
8925,daphne,1,1
8926,dar,1,1
8927,dbcm,1,1
8928,dbfe,1,1
8929,dc0,1,1
8930,dcfe,1,1
8931,dcji,1,1
8932,dco,1,1
8933,dead,1,1
8934,debf,1,1
8935,decaying,1,1
8936,decays,1,1
8937,declining,1,1
8938,decolorization,1,1
8939,decorate,1,1
8940,decoration,1,1
8941,deduce,1,1
8942,deduced,1,1
8943,deers,1,1
8944,defa,1,1
8945,defc,1,1
8946,defeating,1,1
8947,deficiency,1,1
8948,deficient,1,1
8949,deforestation,1,1
8950,degenerate,1,1
8951,degenerately,1,1
8952,degf,1,1
8953,degh,1,1
8954,deh,1,1
8955,dehydration,1,1
8956,deletes,1,1
8957,deletion,1,1
8958,deliveryman,1,1
8959,demands,1,1
8960,democratic,1,1
8961,demultiplexer,1,1
8962,demux,1,1
8963,dendritic,1,1
8964,densely,1,1
8965,denser,1,1
8966,dental,1,1
8967,departed,1,1
8968,departure,1,1
8969,depicting,1,1
8970,deplete,1,1
8971,deposit,1,1
8972,depositional,1,1
8973,depressing,1,1
8974,depressions,1,1
8975,depths,1,1
8976,derivation,1,1
8977,derivatives,1,1
8978,derives,1,1
8979,descended,1,1
8980,descriptions,1,1
8981,desertified,1,1
8982,desire,1,1
8983,desktop,1,1
8984,destructive,1,1
8985,detach,1,1
8986,detached,1,1
8987,detectors,1,1
8988,determines,1,1
8989,detritus,1,1
8990,developers,1,1
8991,deviate,1,1
8992,deviations,1,1
8993,devoid,1,1
8994,dexamethasone,1,1
8995,dfm,1,1
8996,dge,1,1
8997,dgme,1,1
8998,dhg,1,1
8999,dhpg,1,1
9000,di0,1,1
9001,di7,1,1
9002,diatomic,1,1
9003,diatoms,1,1
9004,dicebar,1,1
9005,differentiates,1,1
9006,diffuses,1,1
9007,digested,1,1
9008,digestive,1,1
9009,dimensionless,1,1
9010,dimer,1,1
9011,dimethylpropane,1,1
9012,diminished,1,1
9013,dimmer,1,1
9014,dimming,1,1
9015,dinitrogen,1,1
9016,dinner,1,1
9017,dipoles,1,1
9018,dipped,1,1
9019,directionally,1,1
9020,dirty,1,1
9021,disappear,1,1
9022,discarded,1,1
9023,discharging,1,1
9024,disconnect,1,1
9025,discovers,1,1
9026,discreteness,1,1
9027,discussed,1,1
9028,dispatch,1,1
9029,dispenser,1,1
9030,dispersion,1,1
9031,dissect,1,1
9032,dissected,1,1
9033,dissecting,1,1
9034,dissects,1,1
9035,distillate,1,1
9036,distillation,1,1
9037,distinguished,1,1
9038,distinguishing,1,1
9039,distressed,1,1
9040,diver,1,1
9041,divers,1,1
9042,divert,1,1
9043,divisions,1,1
9044,divisor,1,1
9045,divisors,1,1
9046,djh,1,1
9047,dmbn,1,1
9048,dnas,1,1
9049,doa,1,1
9050,docked,1,1
9051,doctor,1,1
9052,dof,1,1
9053,dogwood,1,1
9054,dolphins,1,1
9055,dominance,1,1
9056,donghai,1,1
9057,dongxing,1,1
9058,dongying,1,1
9059,donors,1,1
9060,dopant,1,1
9061,dormant,1,1
9062,doubles,1,1
9063,douglas,1,1
9064,downs,1,1
9065,dozens,1,1
9066,dpb,1,1
9067,dpe,1,1
9068,dpqb,1,1
9069,dragged,1,1
9070,dribbles,1,1
9071,driest,1,1
9072,drifted,1,1
9073,drill,1,1
9074,drinking,1,1
9075,dripped,1,1
9076,dripping,1,1
9077,drips,1,1
9078,drones,1,1
9079,dropping,1,1
9080,drosomycin,1,1
9081,drummers,1,1
9082,drumming,1,1
9083,dumas,1,1
9084,duodenum,1,1
9085,durban,1,1
9086,dvd,1,1
9087,dyes,1,1
9088,e2f,1,1
9089,eagles,1,1
9090,eao,1,1
9091,ear,1,1
9092,eared,1,1
9093,earn,1,1
9094,earns,1,1
9095,ears,1,1
9096,earthen,1,1
9097,ease,1,1
9098,eased,1,1
9099,easier,1,1
9100,easter,1,1
9101,eaters,1,1
9102,ebp,1,1
9103,eca,1,1
9104,eco,1,1
9105,economical,1,1
9106,ecotone,1,1
9107,edfg,1,1
9108,editing,1,1
9109,efa,1,1
9110,efdc,1,1
9111,effectors,1,1
9112,efficiently,1,1
9113,efgb,1,1
9114,efgd,1,1
9115,efgp,1,1
9116,efhg,1,1
9117,efo,1,1
9118,efog,1,1
9119,egb,1,1
9120,egf,1,1
9121,egfh,1,1
9122,eggplant,1,1
9123,eggshells,1,1
9124,egn,1,1
9125,ego,1,1
9126,egypt,1,1
9127,einstein,1,1
9128,ejci,1,1
9129,elapses,1,1
9130,eldest,1,1
9131,electrophilic,1,1
9132,electrophoretic,1,1
9133,electroscope,1,1
9134,electrostatics,1,1
9135,elegant,1,1
9136,elena,1,1
9137,elevated,1,1
9138,eleventh,1,1
9139,eliminated,1,1
9140,elimination,1,1
9141,elisa,1,1
9142,elk,1,1
9143,elks,1,1
9144,ellen,1,1
9145,ellie,1,1
9146,elliott,1,1
9147,ellipse,1,1
9148,ellis,1,1
9149,elsa,1,1
9150,ema,1,1
9151,embeds,1,1
9152,embodied,1,1
9153,embracing,1,1
9154,embryogenesis,1,1
9155,emerald,1,1
9156,emergent,1,1
9157,emf,1,1
9158,emfp,1,1
9159,emirates,1,1
9160,emperor,1,1
9161,empf,1,1
9162,emphatically,1,1
9163,emporium,1,1
9164,emu,1,1
9165,enabling,1,1
9166,enantiomer,1,1
9167,enc,1,1
9168,encirclements,1,1
9169,encode,1,1
9170,encodes,1,1
9171,endangers,1,1
9172,ended,1,1
9173,endocrinologists,1,1
9174,endonuclease,1,1
9175,endosymbiotic,1,1
9176,endothermic,1,1
9177,endotherms,1,1
9178,endow,1,1
9179,energizes,1,1
9180,enfm,1,1
9181,engineered,1,1
9182,enhanced,1,1
9183,enhancing,1,1
9184,enlightenment,1,1
9185,enol,1,1
9186,enolization,1,1
9187,ensured,1,1
9188,enthronement,1,1
9189,entirety,1,1
9190,entities,1,1
9191,entity,1,1
9192,entrances,1,1
9193,entrepreneur,1,1
9194,environmentally,1,1
9195,envisioned,1,1
9196,enyzyme,1,1
9197,eoa,1,1
9198,eofd,1,1
9199,epd,1,1
9200,epf,1,1
9201,epicenter,1,1
9202,epidemic,1,1
9203,epinephrine,1,1
9204,equalities,1,1
9205,equiangular,1,1
9206,equilaterial,1,1
9207,equivalently,1,1
9208,erasure,1,1
9209,erie,1,1
9210,eruptions,1,1
9211,escaped,1,1
9212,escarpment,1,1
9213,essential,1,1
9214,essentially,1,1
9215,establishment,1,1
9216,estimates,1,1
9217,estimating,1,1
9218,estrogen,1,1
9219,eukaryotes,1,1
9220,eum,1,1
9221,euro,1,1
9222,europa,1,1
9223,evacuating,1,1
9224,evaporated,1,1
9225,evergreen,1,1
9226,everyday,1,1
9227,evita,1,1
9228,evolves,1,1
9229,evolving,1,1
9230,examination,1,1
9231,excavating,1,1
9232,exception,1,1
9233,excitatory,1,1
9234,excite,1,1
9235,exclusion,1,1
9236,exclusive,1,1
9237,exclusively,1,1
9238,execution,1,1
9239,exemption,1,1
9240,exercised,1,1
9241,exergonic,1,1
9242,exhibit,1,1
9243,exon,1,1
9244,exothermic,1,1
9245,expanding,1,1
9246,expands,1,1
9247,expecting,1,1
9248,expeditions,1,1
9249,expel,1,1
9250,experimentally,1,1
9251,explaining,1,1
9252,explicit,1,1
9253,exponent,1,1
9254,exported,1,1
9255,exports,1,1
9256,expressing,1,1
9257,ext,1,1
9258,exterminated,1,1
9259,extinction,1,1
9260,extinguished,1,1
9261,extracellularly,1,1
9262,extremities,1,1
9263,eyelet,1,1
9264,fabrics,1,1
9265,fabry,1,1
9266,fac,1,1
9267,facet,1,1
9268,facilitate,1,1
9269,fae,1,1
9270,failed,1,1
9271,fainting,1,1
9272,fairy,1,1
9273,fans,1,1
9274,fantasy,1,1
9275,farad,1,1
9276,farads,1,1
9277,farthing,1,1
9278,fatal,1,1
9279,fatalities,1,1
9280,fatty,1,1
9281,faulted,1,1
9282,fbc,1,1
9283,fbcg,1,1
9284,fbd,1,1
9285,fcd,1,1
9286,fcde,1,1
9287,fce,1,1
9288,fctu,1,1
9289,fda,1,1
9290,fdc,1,1
9291,fdce,1,1
9292,feasts,1,1
9293,feathers,1,1
9294,featuring,1,1
9295,feeder,1,1
9296,feeders,1,1
9297,fees,1,1
9298,feh,1,1
9299,felix,1,1
9300,fell,1,1
9301,fenghuang,1,1
9302,fenhe,1,1
9303,fermi,1,1
9304,fertile,1,1
9305,fertilization,1,1
9306,fertilizes,1,1
9307,fetlock,1,1
9308,fewest,1,1
9309,fghj,1,1
9310,fgjk,1,1
9311,fhb,1,1
9312,fifa,1,1
9313,fifteen,1,1
9314,fifty,1,1
9315,fighter,1,1
9316,figs,1,1
9317,figuref,1,1
9318,filtered,1,1
9319,finch,1,1
9320,finding,1,1
9321,finishing,1,1
9322,finland,1,1
9323,firmly,1,1
9324,firmness,1,1
9325,firstly,1,1
9326,fisher,1,1
9327,fixation,1,1
9328,fjh,1,1
9329,flanks,1,1
9330,flaps,1,1
9331,flashes,1,1
9332,flashing,1,1
9333,flatbed,1,1
9334,flatness,1,1
9335,flattened,1,1
9336,flattening,1,1
9337,flattest,1,1
9338,fleet,1,1
9339,flew,1,1
9340,flexibly,1,1
9341,flicking,1,1
9342,float,1,1
9343,floors,1,1
9344,fluctuates,1,1
9345,fluoresces,1,1
9346,flutter,1,1
9347,fluxes,1,1
9348,fmn,1,1
9349,fmo,1,1
9350,foc,1,1
9351,foldable,1,1
9352,folk,1,1
9353,follower,1,1
9354,footage,1,1
9355,footpoints,1,1
9356,footprints,1,1
9357,forearm,1,1
9358,forks,1,1
9359,formic,1,1
9360,formulation,1,1
9361,fossil,1,1
9362,fossils,1,1
9363,founded,1,1
9364,fourteen,1,1
9365,fourteenth,1,1
9366,fowls,1,1
9367,foxes,1,1
9368,fpd,1,1
9369,fqhe,1,1
9370,fragmental,1,1
9371,francisco,1,1
9372,frank,1,1
9373,freeze,1,1
9374,freshly,1,1
9375,freshmen,1,1
9376,frictions,1,1
9377,friendly,1,1
9378,fringing,1,1
9379,froglet,1,1
9380,fry,1,1
9381,fulfill,1,1
9382,fumigation,1,1
9383,fun,1,1
9384,functionality,1,1
9385,functionally,1,1
9386,fundamentally,1,1
9387,funded,1,1
9388,funnels,1,1
9389,furniture,1,1
9390,fursilla,1,1
9391,furthest,1,1
9392,fused,1,1
9393,fusing,1,1
9394,futsal,1,1
9395,fuzhou,1,1
9396,gae,1,1
9397,galapagos,1,1
9398,galileo,1,1
9399,gall,1,1
9400,gallons,1,1
9401,gameboard,1,1
9402,gar,1,1
9403,gardner,1,1
9404,garter,1,1
9405,gasoline,1,1
9406,gaspar,1,1
9407,gastrointestinal,1,1
9408,gated,1,1
9409,gateway,1,1
9410,gathering,1,1
9411,gating,1,1
9412,gauge,1,1
9413,gca,1,1
9414,gcb,1,1
9415,gcd,1,1
9416,gce,1,1
9417,gcf,1,1
9418,gdc,1,1
9419,gdx,1,1
9420,gearboxes,1,1
9421,geetha,1,1
9422,geh,1,1
9423,gemstone,1,1
9424,genomic,1,1
9425,geocenter,1,1
9426,geodetic,1,1
9427,geomagnetic,1,1
9428,geranium,1,1
9429,gerberas,1,1
9430,gerdellen,1,1
9431,gerhard,1,1
9432,germinate,1,1
9433,gertimtonase,1,1
9434,gfd,1,1
9435,gfih,1,1
9436,ggg,1,1
9437,gggcccaagctgagatga,1,1
9438,ghij,1,1
9439,ghk,1,1
9440,ghz,1,1
9441,giant,1,1
9442,giants,1,1
9443,glaciers,1,1
9444,glands,1,1
9445,glh,1,1
9446,glide,1,1
9447,glob,1,1
9448,globally,1,1
9449,gloves,1,1
9450,glows,1,1
9451,glucagon,1,1
9452,glucocorticoid,1,1
9453,glucocorticoids,1,1
9454,glycolysis,1,1
9455,glycoproteins,1,1
9456,gme,1,1
9457,gmin,1,1
9458,gnm,1,1
9459,goals,1,1
9460,goldsmith,1,1
9461,gone,1,1
9462,goose,1,1
9463,gothic,1,1
9464,grackles,1,1
9465,graded,1,1
9466,gradients,1,1
9467,graduations,1,1
9468,graft,1,1
9469,grana,1,1
9470,granary,1,1
9471,grant,1,1
9472,grants,1,1
9473,granules,1,1
9474,graphically,1,1
9475,grasped,1,1
9476,grasping,1,1
9477,gravelly,1,1
9478,graze,1,1
9479,grazed,1,1
9480,grazes,1,1
9481,grazing,1,1
9482,greenhouses,1,1
9483,gregor,1,1
9484,grinding,1,1
9485,grouping,1,1
9486,guangming,1,1
9487,guanyun,1,1
9488,guaranteed,1,1
9489,guarantees,1,1
9490,guava,1,1
9491,guesses,1,1
9492,guided,1,1
9493,gulf,1,1
9494,gunpowder,1,1
9495,guo,1,1
9496,gymnospermous,1,1
9497,h2o,1,1
9498,h2so4,1,1
9499,habitats,1,1
9500,hac,1,1
9501,haikou,1,1
9502,haipeng,1,1
9503,haiti,1,1
9504,halflenses,1,1
9505,halflines,1,1
9506,halfpipe,1,1
9507,halfway,1,1
9508,halt,1,1
9509,hammered,1,1
9510,hammers,1,1
9511,handed,1,1
9512,handheld,1,1
9513,hannes,1,1
9514,hanni,1,1
9515,hansi,1,1
9516,happening,1,1
9517,happily,1,1
9518,hardness,1,1
9519,hares,1,1
9520,harmed,1,1
9521,harmful,1,1
9522,harmonically,1,1
9523,harmonics,1,1
9524,harvested,1,1
9525,hatch,1,1
9526,hawaii,1,1
9527,hawks,1,1
9528,hazard,1,1
9529,hbo,1,1
9530,hbv,1,1
9531,hcg,1,1
9532,hco,1,1
9533,hdb,1,1
9534,hea,1,1
9535,headed,1,1
9536,headlight,1,1
9537,headwind,1,1
9538,hears,1,1
9539,heartbeat,1,1
9540,heavier,1,1
9541,heaviest,1,1
9542,hector,1,1
9543,hefg,1,1
9544,hello,1,1
9545,helped,1,1
9546,helper,1,1
9547,helping,1,1
9548,hen,1,1
9549,henle,1,1
9550,henna,1,1
9551,hens,1,1
9552,hepatitis,1,1
9553,hepu,1,1
9554,herbivorous,1,1
9555,herdsmen,1,1
9556,hermaphrodite,1,1
9557,hers,1,1
9558,herself,1,1
9559,heterozygous,1,1
9560,hex,1,1
9561,hexachloroplatinate,1,1
9562,hexadecimal,1,1
9563,hexagram,1,1
9564,hexane,1,1
9565,hexaploid,1,1
9566,hgk,1,1
9567,hgnm,1,1
9568,highs,1,1
9569,hike,1,1
9570,hiked,1,1
9571,hiking,1,1
9572,hilbert,1,1
9573,himalayas,1,1
9574,himself,1,1
9575,hinder,1,1
9576,hindered,1,1
9577,hindiii,1,1
9578,histones,1,1
9579,hiv,1,1
9580,hl1,1,1
9581,hl2,1,1
9582,hmg,1,1
9583,hobby,1,1
9584,hognose,1,1
9585,holidays,1,1
9586,holometabolous,1,1
9587,honeycombs,1,1
9588,hoof,1,1
9589,hooke,1,1
9590,hopping,1,1
9591,hormones,1,1
9592,horses,1,1
9593,horseshoe,1,1
9594,hotel,1,1
9595,hottest,1,1
9596,hovering,1,1
9597,hualien,1,1
9598,hurdles,1,1
9599,huron,1,1
9600,hurricane,1,1
9601,husband,1,1
9602,husk,1,1
9603,hwa,1,1
9604,hydride,1,1
9605,hydrology,1,1
9606,hydrophobic,1,1
9607,hydrostatic,1,1
9608,hydroxylamine,1,1
9609,hyperbolas,1,1
9610,hypertonic,1,1
9611,hypognathous,1,1
9612,hypothalamus,1,1
9613,iced,1,1
9614,icelandic,1,1
9615,icme,1,1
9616,icon,1,1
9617,icons,1,1
9618,icy,1,1
9619,idealised,1,1
9620,idealities,1,1
9621,ideality,1,1
9622,ideally,1,1
9623,identities,1,1
9624,idiom,1,1
9625,idmt,1,1
9626,ifnar,1,1
9627,igbts,1,1
9628,ignite,1,1
9629,ii1,1,1
9630,ii2,1,1
9631,ijkl,1,1
9632,ili,1,1
9633,illegible,1,1
9634,illinois,1,1
9635,illness,1,1
9636,illuminance,1,1
9637,illuminate,1,1
9638,illuminates,1,1
9639,image4,1,1
9640,imagehere,1,1
9641,immerse,1,1
9642,immunity,1,1
9643,impacting,1,1
9644,impaired,1,1
9645,imparting,1,1
9646,impassable,1,1
9647,imperfections,1,1
9648,implicant,1,1
9649,implicit,1,1
9650,implies,1,1
9651,impure,1,1
9652,impurities,1,1
9653,inability,1,1
9654,inaccurate,1,1
9655,inaccurately,1,1
9656,inactivated,1,1
9657,inadvisable,1,1
9658,incidents,1,1
9659,inclusive,1,1
9660,incoming,1,1
9661,incompletely,1,1
9662,incorrectly,1,1
9663,increment,1,1
9664,incremental,1,1
9665,incubated,1,1
9666,incur,1,1
9667,independents,1,1
9668,indirectly,1,1
9669,indonesia,1,1
9670,inductances,1,1
9671,industrialization,1,1
9672,inelastically,1,1
9673,infected,1,1
9674,infectious,1,1
9675,inferior,1,1
9676,inflorescence,1,1
9677,ing,1,1
9678,ingenious,1,1
9679,ingredient,1,1
9680,inhabit,1,1
9681,inhaled,1,1
9682,inhaling,1,1
9683,inherent,1,1
9684,inhibitory,1,1
9685,inhibits,1,1
9686,inhomogeneous,1,1
9687,initiation,1,1
9688,inject,1,1
9689,injects,1,1
9690,injured,1,1
9691,injuries,1,1
9692,injury,1,1
9693,inlet,1,1
9694,innocent,1,1
9695,innovation,1,1
9696,inoculated,1,1
9697,inorganic,1,1
9698,inrun,1,1
9699,inscribe,1,1
9700,insectivores,1,1
9701,inseminate,1,1
9702,insertion,1,1
9703,insoluble,1,1
9704,inspection,1,1
9705,inspiring,1,1
9706,instability,1,1
9707,instances,1,1
9708,instructed,1,1
9709,instruction,1,1
9710,insufficient,1,1
9711,integrator,1,1
9712,integrity,1,1
9713,intelligent,1,1
9714,intentionally,1,1
9715,interacts,1,1
9716,intercepting,1,1
9717,interdependent,1,1
9718,interested,1,1
9719,interfere,1,1
9720,interferon,1,1
9721,intergalactic,1,1
9722,interglacial,1,1
9723,interlocking,1,1
9724,interpreted,1,1
9725,interrelation,1,1
9726,interstellar,1,1
9727,intervention,1,1
9728,intracellular,1,1
9729,invariably,1,1
9730,invasion,1,1
9731,inversely,1,1
9732,invert,1,1
9733,inverters,1,1
9734,invested,1,1
9735,invited,1,1
9736,inviting,1,1
9737,ios,1,1
9738,ireland,1,1
9739,iris,1,1
9740,irises,1,1
9741,irradiated,1,1
9742,irrigating,1,1
9743,isabella,1,1
9744,ischemia,1,1
9745,isi,1,1
9746,isle,1,1
9747,islets,1,1
9748,isohyet,1,1
9749,isolating,1,1
9750,isopleth,1,1
9751,isopleths,1,1
9752,isostatic,1,1
9753,isotonic,1,1
9754,isotropic,1,1
9755,israel,1,1
9756,issue,1,1
9757,j80,1,1
9758,jac,1,1
9759,jackals,1,1
9760,jacked,1,1
9761,jacking,1,1
9762,james,1,1
9763,janet,1,1
9764,japanese,1,1
9765,jasper,1,1
9766,jeff,1,1
9767,jellfish,1,1
9768,jellyfish,1,1
9769,jerry,1,1
9770,jerusalem,1,1
9771,jettisoned,1,1
9772,jewellery,1,1
9773,jianghuai,1,1
9774,jiaotong,1,1
9775,jilly,1,1
9776,jinding,1,1
9777,jinping,1,1
9778,jkm,1,1
9779,jkmn,1,1
9780,jlk,1,1
9781,jlm,1,1
9782,jml,1,1
9783,jmp,1,1
9784,joana,1,1
9785,jodhvir,1,1
9786,johannes,1,1
9787,johnny,1,1
9788,johnson,1,1
9789,joints,1,1
9790,jordan,1,1
9791,joseph,1,1
9792,jpl,1,1
9793,judgment,1,1
9794,judgments,1,1
9795,juices,1,1
9796,jumped,1,1
9797,jumper,1,1
9798,jun,1,1
9799,jury,1,1
9800,juvenile,1,1
9801,kangaria,1,1
9802,kangoraland,1,1
9803,kanguria,1,1
9804,kaohsiung,1,1
9805,karl,1,1
9806,kate,1,1
9807,kazakh,1,1
9808,kazakhstan,1,1
9809,kazan,1,1
9810,kelly,1,1
9811,kelp,1,1
9812,kelvin,1,1
9813,kev,1,1
9814,keystone,1,1
9815,kfc,1,1
9816,khj,1,1
9817,kicking,1,1
9818,kidney,1,1
9819,killifish,1,1
9820,killing,1,1
9821,king,1,1
9822,kingfishers,1,1
9823,kirsten,1,1
9824,kitchen,1,1
9825,kites,1,1
9826,kitty,1,1
9827,kjl,1,1
9828,klmj,1,1
9829,km1,1,1
9830,knew,1,1
9831,knife,1,1
9832,knock,1,1
9833,knocked,1,1
9834,knotted,1,1
9835,korean,1,1
9836,krebs,1,1
9837,kristina,1,1
9838,krypton,1,1
9839,kwh,1,1
9840,labeling,1,1
9841,labile,1,1
9842,labium,1,1
9843,laborers,1,1
9844,lacking,1,1
9845,lacks,1,1
9846,lactate,1,1
9847,lactose,1,1
9848,ladybirds,1,1
9849,ladybug,1,1
9850,lag,1,1
9851,lagged,1,1
9852,lags,1,1
9853,lakebed,1,1
9854,landfall,1,1
9855,lanterns,1,1
9856,larmor,1,1
9857,larvae,1,1
9858,lasagna,1,1
9859,lasers,1,1
9860,lasting,1,1
9861,laszlo,1,1
9862,latent,1,1
9863,lathe,1,1
9864,laughlin,1,1
9865,laura,1,1
9866,lauren,1,1
9867,lawrence,1,1
9868,laying,1,1
9869,lbm,1,1
9870,lbq,1,1
9871,lcl,1,1
9872,lea,1,1
9873,leaflet,1,1
9874,leaflets,1,1
9875,leafstalk,1,1
9876,leaked,1,1
9877,leans,1,1
9878,leap,1,1
9879,leased,1,1
9880,leftover,1,1
9881,legged,1,1
9882,lei,1,1
9883,lengthening,1,1
9884,lengthens,1,1
9885,lenses,1,1
9886,leonardo,1,1
9887,leonhard,1,1
9888,lessened,1,1
9889,leukocyte,1,1
9890,lever,1,1
9891,levitation,1,1
9892,lgd,1,1
9893,liaoning,1,1
9894,liar,1,1
9895,liars,1,1
9896,libreville,1,1
9897,lidless,1,1
9898,lids,1,1
9899,lifecycle,1,1
9900,lifetime,1,1
9901,liftoff,1,1
9902,ligate,1,1
9903,ligation,1,1
9904,likelihood,1,1
9905,lilies,1,1
9906,limbs,1,1
9907,limitations,1,1
9908,limits,1,1
9909,limpets,1,1
9910,lined,1,1
9911,linkage,1,1
9912,liquids,1,1
9913,lisas,1,1
9914,lists,1,1
9915,lit,1,1
9916,liupanshui,1,1
9917,liuzhou,1,1
9918,livelihood,1,1
9919,liver,1,1
9920,lkm,1,1
9921,lkn,1,1
9922,lm317,1,1
9923,lmpq,1,1
9924,lnm,1,1
9925,loading,1,1
9926,lobed,1,1
9927,locality,1,1
9928,localized,1,1
9929,locate,1,1
9930,loci,1,1
9931,lock,1,1
9932,locked,1,1
9933,locking,1,1
9934,locust,1,1
9935,logarithm,1,1
9936,logically,1,1
9937,longji,1,1
9938,loose,1,1
9939,los,1,1
9940,lose,1,1
9941,losing,1,1
9942,lots,1,1
9943,louguantai,1,1
9944,lowermost,1,1
9945,lowry,1,1
9946,lows,1,1
9947,lpf,1,1
9948,lqm,1,1
9949,lsb,1,1
9950,luca,1,1
9951,luck,1,1
9952,lumens,1,1
9953,lunch,1,1
9954,lycopene,1,1
9955,lzp,1,1
9956,m7130,1,1
9957,macs,1,1
9958,madagascar,1,1
9959,maddie,1,1
9960,maggot,1,1
9961,magician,1,1
9962,magnetism,1,1
9963,magnetization,1,1
9964,magnetohydrodynamic,1,1
9965,magneton,1,1
9966,magnetosphere,1,1
9967,mail,1,1
9968,maintenance,1,1
9969,majority,1,1
9970,malacca,1,1
9971,malaika,1,1
9972,malaria,1,1
9973,malignant,1,1
9974,mall,1,1
9975,mama,1,1
9976,mammal,1,1
9977,mammalian,1,1
9978,mammals,1,1
9979,mandibles,1,1
9980,mandibular,1,1
9981,mantis,1,1
9982,maob,1,1
9983,maple,1,1
9984,margie,1,1
9985,marginally,1,1
9986,markedly,1,1
9987,marketing,1,1
9988,markings,1,1
9989,marmot,1,1
9990,marriage,1,1
9991,marrying,1,1
9992,marta,1,1
9993,martial,1,1
9994,martinho,1,1
9995,math,1,1
9996,mathematically,1,1
9997,matias,1,1
9998,matthias,1,1
9999,maximal,1,1
10000,mbing,1,1
10001,mbn,1,1
10002,mbnd,1,1
10003,mdb,1,1
10004,mdf,1,1
10005,mding,1,1
10006,meadow,1,1
10007,mealworm,1,1
10008,meant,1,1
10009,meanwhile,1,1
10010,mechanically,1,1
10011,mechanics,1,1
10012,mediates,1,1
10013,medication,1,1
10014,melt,1,1
10015,melts,1,1
10016,membranes,1,1
10017,memories,1,1
10018,menus,1,1
10019,merges,1,1
10020,message,1,1
10021,met,1,1
10022,metabolically,1,1
10023,metamorphism,1,1
10024,meteor,1,1
10025,meteoroids,1,1
10026,metropolitan,1,1
10027,mfn,1,1
10028,mgq,1,1
10029,mhc,1,1
10030,mhj,1,1
10031,micro,1,1
10032,microclimate,1,1
10033,micrograph,1,1
10034,microorganism,1,1
10035,midday,1,1
10036,midlines,1,1
10037,midsummer,1,1
10038,midtread,1,1
10039,mild,1,1
10040,milkweed,1,1
10041,mill,1,1
10042,millennia,1,1
10043,millifarads,1,1
10044,millihenry,1,1
10045,millivolts,1,1
10046,minded,1,1
10047,miniature,1,1
10048,minimizing,1,1
10049,ministries,1,1
10050,ministry,1,1
10051,minora,1,1
10052,mirrored,1,1
10053,mirrors,1,1
10054,miss,1,1
10055,mist,1,1
10056,mistakenly,1,1
10057,mitotic,1,1
10058,mjia,1,1
10059,mjn,1,1
10060,mkn,1,1
10061,mnl,1,1
10062,mnqr,1,1
10063,mock,1,1
10064,modeling,1,1
10065,moderate,1,1
10066,modifying,1,1
10067,modulating,1,1
10068,mohe,1,1
10069,moisten,1,1
10070,molco2,1,1
10071,mold,1,1
10072,molt,1,1
10073,molting,1,1
10074,momenta,1,1
10075,momentarily,1,1
10076,moments,1,1
10077,monarch,1,1
10078,mond,1,1
10079,monday,1,1
10080,mongoose,1,1
10081,monkeys,1,1
10082,monocot,1,1
10083,monomolecular,1,1
10084,monovalent,1,1
10085,monoxide,1,1
10086,montane,1,1
10087,morakot,1,1
10088,moray,1,1
10089,mornings,1,1
10090,morphological,1,1
10091,mortar,1,1
10092,motherland,1,1
10093,motives,1,1
10094,motorcycles,1,1
10095,mox,1,1
10096,mpq,1,1
10097,mqn,1,1
10098,mqr,1,1
10099,mrn,1,1
10100,mrnp,1,1
10101,mrq,1,1
10102,msbs,1,1
10103,msq,1,1
10104,mtc,1,1
10105,mudflats,1,1
10106,mules,1,1
10107,multicellular,1,1
10108,multiples,1,1
10109,multiplexed,1,1
10110,multiplicity,1,1
10111,multiplied,1,1
10112,multiply,1,1
10113,municipal,1,1
10114,muscles,1,1
10115,muscular,1,1
10116,musical,1,1
10117,mussels,1,1
10118,mutagens,1,1
10119,mutualism,1,1
10120,mvar,1,1
10121,myi,1,1
10122,mysid,1,1
10123,mysteries,1,1
10124,nadph,1,1
10125,nahco,1,1
10126,naked,1,1
10127,nanhui,1,1
10128,nanoseconds,1,1
10129,nansha,1,1
10130,nap,1,1
10131,narrower,1,1
10132,nation,1,1
10133,nationals,1,1
10134,navigator,1,1
10135,navy,1,1
10136,ndg,1,1
10137,nearer,1,1
10138,neatly,1,1
10139,nectar,1,1
10140,needlelike,1,1
10141,needles,1,1
10142,negation,1,1
10143,neglects,1,1
10144,negligibly,1,1
10145,negotiate,1,1
10146,neighborhood,1,1
10147,nekton,1,1
10148,nematode,1,1
10149,nerves,1,1
10150,nervous,1,1
10151,neurospora,1,1
10152,neutrality,1,1
10153,neutralization,1,1
10154,niagara,1,1
10155,nice,1,1
10156,nico,1,1
10157,nif2,1,1
10158,nik,1,1
10159,nina,1,1
10160,nitrate,1,1
10161,nitrobacter,1,1
10162,nitrobenzene,1,1
10163,nml,1,1
10164,nobr,1,1
10165,noc,1,1
10166,nod,1,1
10167,nodal,1,1
10168,nof,1,1
10169,noisy,1,1
10170,nolloth,1,1
10171,nonadjacent,1,1
10172,noncongruent,1,1
10173,nonmagnetic,1,1
10174,nontransparent,1,1
10175,nontrivial,1,1
10176,normalization,1,1
10177,northerly,1,1
10178,northside,1,1
10179,notations,1,1
10180,noted,1,1
10181,notes,1,1
10182,novel,1,1
10183,nqrm,1,1
10184,nrt,1,1
10185,nsted,1,1
10186,ntc,1,1
10187,nth,1,1
10188,nucleic,1,1
10189,nucleolus,1,1
10190,numeric,1,1
10191,nymphs,1,1
10192,oabcde,1,1
10193,oabp,1,1
10194,oadc,1,1
10195,oapb,1,1
10196,oapq,1,1
10197,obac,1,1
10198,obch,1,1
10199,oben,1,1
10200,obesity,1,1
10201,obey,1,1
10202,objectives,1,1
10203,oblong,1,1
10204,obm,1,1
10205,observational,1,1
10206,occupying,1,1
10207,oce,1,1
10208,oceans,1,1
10209,och,1,1
10210,ocmn,1,1
10211,octahedrons,1,1
10212,octave,1,1
10213,odb,1,1
10214,odbc,1,1
10215,odec,1,1
10216,oebf,1,1
10217,oecd,1,1
10218,oed,1,1
10219,oem,1,1
10220,oen,1,1
10221,oersted,1,1
10222,ofb,1,1
10223,ofe,1,1
10224,ofeh,1,1
10225,offered,1,1
10226,offering,1,1
10227,offers,1,1
10228,officer,1,1
10229,oge,1,1
10230,ohmic,1,1
10231,okinawa,1,1
10232,omne,1,1
10233,opa,1,1
10234,opcr,1,1
10235,ope,1,1
10236,openings,1,1
10237,opinion,1,1
10238,opinions,1,1
10239,opn,1,1
10240,opportunities,1,1
10241,opportunity,1,1
10242,opposed,1,1
10243,opposing,1,1
10244,opq,1,1
10245,opqr,1,1
10246,optimize,1,1
10247,options,1,1
10248,optocoupler,1,1
10249,oqc,1,1
10250,oragnism,1,1
10251,orangutan,1,1
10252,orbiter,1,1
10253,orchard,1,1
10254,orienting,1,1
10255,originated,1,1
10256,orthocenter,1,1
10257,orthogonal,1,1
10258,oscillated,1,1
10259,ostrich,1,1
10260,otter,1,1
10261,ounce,1,1
10262,ounces,1,1
10263,outcome,1,1
10264,outdoors,1,1
10265,outgoing,1,1
10266,outlier,1,1
10267,outwardly,1,1
10268,outwards,1,1
10269,overcomes,1,1
10270,overcurrent,1,1
10271,overflowed,1,1
10272,overflowing,1,1
10273,overlappingly,1,1
10274,overloaded,1,1
10275,overnight,1,1
10276,overtook,1,1
10277,ovules,1,1
10278,owned,1,1
10279,oxidation,1,1
10280,oxygenated,1,1
10281,oxyz,1,1
10282,pac,1,1
10283,packet,1,1
10284,packing,1,1
10285,padded,1,1
10286,paddle,1,1
10287,paddy,1,1
10288,pages,1,1
10289,paired,1,1
10290,pairwise,1,1
10291,palace,1,1
10292,palate,1,1
10293,palindrome,1,1
10294,palm,1,1
10295,pancreatic,1,1
10296,panda,1,1
10297,pandemic,1,1
10298,panicle,1,1
10299,panning,1,1
10300,pans,1,1
10301,paq,1,1
10302,paqb,1,1
10303,paqc,1,1
10304,parabolas,1,1
10305,parachutes,1,1
10306,paradox,1,1
10307,parallelepipeds,1,1
10308,parallelpiped,1,1
10309,parallely,1,1
10310,parcel,1,1
10311,parental,1,1
10312,parks,1,1
10313,passband,1,1
10314,pasta,1,1
10315,pastoral,1,1
10316,patch,1,1
10317,pathogen,1,1
10318,pauli,1,1
10319,paver,1,1
10320,paw,1,1
10321,pays,1,1
10322,pbd,1,1
10323,pbe,1,1
10324,pbef,1,1
10325,pbo,1,1
10326,pbt,1,1
10327,pce,1,1
10328,pcq,1,1
10329,pdb,1,1
10330,pdc,1,1
10331,pdf,1,1
10332,pearson,1,1
10333,peas,1,1
10334,pec,1,1
10335,pedigrees,1,1
10336,pedipalp,1,1
10337,peg,1,1
10338,pelicans,1,1
10339,pelvis,1,1
10340,pendant,1,1
10341,pendants,1,1
10342,penetrant,1,1
10343,penny,1,1
10344,pentagram,1,1
10345,pentane,1,1
10346,pentominoes,1,1
10347,peptides,1,1
10348,percentages,1,1
10349,pericarp,1,1
10350,perilune,1,1
10351,peritubular,1,1
10352,periwinkle,1,1
10353,periwinkles,1,1
10354,permit,1,1
10355,permitted,1,1
10356,perot,1,1
10357,persisted,1,1
10358,persistent,1,1
10359,pertain,1,1
10360,pet28a,1,1
10361,petra,1,1
10362,petrel,1,1
10363,petri,1,1
10364,pets,1,1
10365,pfe,1,1
10366,pfm,1,1
10367,pharynx,1,1
10368,phasors,1,1
10369,phenotypically,1,1
10370,philosophy,1,1
10371,phosphatase,1,1
10372,phosphine,1,1
10373,phosphorous,1,1
10374,photocurrent,1,1
10375,photoelectron,1,1
10376,photomicrograph,1,1
10377,photophosphorylation,1,1
10378,photosensitive,1,1
10379,physicists,1,1
10380,picciotto,1,1
10381,picoseconds,1,1
10382,pieced,1,1
10383,piecewise,1,1
10384,piedmont,1,1
10385,pier,1,1
10386,pig,1,1
10387,pikas,1,1
10388,piled,1,1
10389,pinnately,1,1
10390,pipework,1,1
10391,piscivorous,1,1
10392,pistil,1,1
10393,pistils,1,1
10394,pith,1,1
10395,placement,1,1
10396,plaintain,1,1
10397,planarity,1,1
10398,plankticorous,1,1
10399,planktons,1,1
10400,plantain,1,1
10401,plastid,1,1
10402,plateaus,1,1
10403,platelet,1,1
10404,platforms,1,1
10405,playback,1,1
10406,played,1,1
10407,pleasing,1,1
10408,plentiful,1,1
10409,plk,1,1
10410,pma,1,1
10411,pmf,1,1
10412,pmosfet,1,1
10413,pnm,1,1
10414,pnp,1,1
10415,po4,1,1
10416,pob,1,1
10417,poc,1,1
10418,pod,1,1
10419,pof,1,1
10420,poh,1,1
10421,pointy,1,1
10422,poisonous,1,1
10423,polarizability,1,1
10424,polarize,1,1
10425,polled,1,1
10426,pollinates,1,1
10427,pollination,1,1
10428,polyhedra,1,1
10429,polylines,1,1
10430,polyominos,1,1
10431,polyp,1,1
10432,polypeptides,1,1
10433,ponds,1,1
10434,popularity,1,1
10435,populated,1,1
10436,pore,1,1
10437,pos,1,1
10438,pose,1,1
10439,posed,1,1
10440,poses,1,1
10441,postal,1,1
10442,potency,1,1
10443,pours,1,1
10444,poverty,1,1
10445,pqc,1,1
10446,pqcb,1,1
10447,pqj,1,1
10448,pqm,1,1
10449,pqrstu,1,1
10450,pqu,1,1
10451,prab,1,1
10452,practical,1,1
10453,practiced,1,1
10454,practices,1,1
10455,prairie,1,1
10456,praised,1,1
10457,praying,1,1
10458,prc,1,1
10459,precious,1,1
10460,prediction,1,1
10461,predictions,1,1
10462,predominant,1,1
10463,prefabricated,1,1
10464,prefactors,1,1
10465,prefecture,1,1
10466,preferential,1,1
10467,preimeter,1,1
10468,prepare,1,1
10469,pres1,1,1
10470,presenting,1,1
10471,preserve,1,1
10472,preserves,1,1
10473,press,1,1
10474,pressurize,1,1
10475,prevalence,1,1
10476,preventive,1,1
10477,preyed,1,1
10478,primarily,1,1
10479,primers,1,1
10480,primes,1,1
10481,principles,1,1
10482,priti,1,1
10483,pro,1,1
10484,probable,1,1
10485,proboscis,1,1
10486,procee,1,1
10487,proceeded,1,1
10488,proceeding,1,1
10489,professional,1,1
10490,professionals,1,1
10491,professor,1,1
10492,profitable,1,1
10493,profusely,1,1
10494,programmed,1,1
10495,progress,1,1
10496,projectiles,1,1
10497,prokaryotic,1,1
10498,prokelisia,1,1
10499,prolong,1,1
10500,prom,1,1
10501,promptly,1,1
10502,prompts,1,1
10503,promulgated,1,1
10504,propelling,1,1
10505,properly,1,1
10506,prophase,1,1
10507,propionic,1,1
10508,proposes,1,1
10509,propulsion,1,1
10510,prospects,1,1
10511,prosperous,1,1
10512,protease,1,1
10513,protect,1,1
10514,protecting,1,1
10515,protects,1,1
10516,proteomic,1,1
10517,proteomics,1,1
10518,protocooperation,1,1
10519,protoplast,1,1
10520,protoplasts,1,1
10521,protostar,1,1
10522,protruding,1,1
10523,protrusions,1,1
10524,prq,1,1
10525,prs,1,1
10526,prsv,1,1
10527,pseudo,1,1
10528,pst,1,1
10529,pulsating,1,1
10530,punkte,1,1
10531,pupils,1,1
10532,purchased,1,1
10533,purification,1,1
10534,pursuing,1,1
10535,pursuit,1,1
10536,putting,1,1
10537,pxv,1,1
10538,pyeongchang,1,1
10539,pyramids,1,1
10540,pythagoras,1,1
10541,qaidam,1,1
10542,qca,1,1
10543,qigong,1,1
10544,qinling,1,1
10545,qjk,1,1
10546,qlm,1,1
10547,qpc,1,1
10548,qpm,1,1
10549,qrt,1,1
10550,qst,1,1
10551,qtp,1,1
10552,quadrangle,1,1
10553,quadrates,1,1
10554,quadruplets,1,1
10555,qualification,1,1
10556,qualifiers,1,1
10557,qualitatively,1,1
10558,quarries,1,1
10559,quasielectrons,1,1
10560,quasihole,1,1
10561,quasisquare,1,1
10562,quasistatically,1,1
10563,quest,1,1
10564,quick,1,1
10565,quintisection,1,1
10566,quota,1,1
10567,raccoons,1,1
10568,racecar,1,1
10569,racemes,1,1
10570,rachis,1,1
10571,rack,1,1
10572,radiate,1,1
10573,radiating,1,1
10574,radiative,1,1
10575,radix,1,1
10576,rafting,1,1
10577,ragged,1,1
10578,rainforest,1,1
10579,rains,1,1
10580,rainstorms,1,1
10581,raisins,1,1
10582,ramps,1,1
10583,ran,1,1
10584,ranching,1,1
10585,ranged,1,1
10586,raphael,1,1
10587,rationality,1,1
10588,rats,1,1
10589,ravioli,1,1
10590,razor,1,1
10591,rbc,1,1
10592,rcp,1,1
10593,rcq,1,1
10594,reader,1,1
10595,readily,1,1
10596,reagents,1,1
10597,realizing,1,1
10598,rearranged,1,1
10599,rearranging,1,1
10600,reassemble,1,1
10601,reassembled,1,1
10602,rebates,1,1
10603,rebecca,1,1
10604,recall,1,1
10605,recapture,1,1
10606,recession,1,1
10607,rechts,1,1
10608,recipients,1,1
10609,recognizable,1,1
10610,recognizing,1,1
10611,recommends,1,1
10612,reconstructed,1,1
10613,recorder,1,1
10614,recover,1,1
10615,recovered,1,1
10616,recreation,1,1
10617,recreational,1,1
10618,rectification,1,1
10619,rectifiers,1,1
10620,recurring,1,1
10621,recursively,1,1
10622,redesigned,1,1
10623,redrawn,1,1
10624,redundant,1,1
10625,reef,1,1
10626,reefs,1,1
10627,referable,1,1
10628,referenced,1,1
10629,refineries,1,1
10630,refinery,1,1
10631,refueling,1,1
10632,refuge,1,1
10633,regard,1,1
10634,regards,1,1
10635,regraded,1,1
10636,regulating,1,1
10637,reinforce,1,1
10638,reinforced,1,1
10639,relatedness,1,1
10640,relationships,1,1
10641,reliable,1,1
10642,religious,1,1
10643,relocate,1,1
10644,relocating,1,1
10645,repeatedly,1,1
10646,repetition,1,1
10647,repetitions,1,1
10648,replaces,1,1
10649,replenish,1,1
10650,replicative,1,1
10651,reports,1,1
10652,repositioned,1,1
10653,representative,1,1
10654,republican,1,1
10655,requirement,1,1
10656,reserved,1,1
10657,resettlement,1,1
10658,reshape,1,1
10659,reshaped,1,1
10660,residence,1,1
10661,resisting,1,1
10662,resonant,1,1
10663,responded,1,1
10664,respondents,1,1
10665,responding,1,1
10666,responses,1,1
10667,responsivity,1,1
10668,restaurants,1,1
10669,restores,1,1
10670,restrict,1,1
10671,restricted,1,1
10672,restrictions,1,1
10673,restricts,1,1
10674,resume,1,1
10675,retains,1,1
10676,rethrow,1,1
10677,retirement,1,1
10678,retraction,1,1
10679,retreating,1,1
10680,retrieved,1,1
10681,retrovirus,1,1
10682,reubber,1,1
10683,revealed,1,1
10684,revealing,1,1
10685,review,1,1
10686,rhizome,1,1
10687,rhythms,1,1
10688,ribbed,1,1
10689,richer,1,1
10690,rid,1,1
10691,ridges,1,1
10692,riding,1,1
10693,rigidly,1,1
10694,rigorous,1,1
10695,rigorously,1,1
10696,ripe,1,1
10697,ripens,1,1
10698,ritzolierre,1,1
10699,riverbeds,1,1
10700,rnase,1,1
10701,roadbed,1,1
10702,roadmap,1,1
10703,roam,1,1
10704,robes,1,1
10705,robin,1,1
10706,rojas,1,1
10707,rollers,1,1
10708,rooftop,1,1
10709,rory,1,1
10710,ros,1,1
10711,rosemary,1,1
10712,rotations,1,1
10713,roughness,1,1
10714,rounding,1,1
10715,routh,1,1
10716,routines,1,1
10717,rps,1,1
10718,rqb,1,1
10719,rscf,1,1
10720,rts,1,1
10721,rtv,1,1
10722,rubbed,1,1
10723,rug,1,1
10724,runaway,1,1
10725,ruolin,1,1
10726,ruptured,1,1
10727,rushed,1,1
10728,rushes,1,1
10729,rust,1,1
10730,rut,1,1
10731,rxn,1,1
10732,ryb,1,1
10733,ryx,1,1
10734,rzt,1,1
10735,sab,1,1
10736,saccharin,1,1
10737,sacs,1,1
10738,safeguarding,1,1
10739,saibei,1,1
10740,saint,1,1
10741,salaam,1,1
10742,saliva,1,1
10743,saminadayar,1,1
10744,san,1,1
10745,sandpit,1,1
10746,sandstone,1,1
10747,sanmao,1,1
10748,sanmenxia,1,1
10749,sanqing,1,1
10750,sapling,1,1
10751,sascha,1,1
10752,satisfactory,1,1
10753,saved,1,1
10754,saves,1,1
10755,sawn,1,1
10756,sawyer,1,1
10757,sb1,1,1
10758,sbc,1,1
10759,scalene,1,1
10760,scaling,1,1
10761,scaly,1,1
10762,scavengers,1,1
10763,scenarios,1,1
10764,schedule,1,1
10765,scheduled,1,1
10766,schema,1,1
10767,schmidt,1,1
10768,scoring,1,1
10769,scorpion,1,1
10770,scotland,1,1
10771,scrape,1,1
10772,scratches,1,1
10773,screws,1,1
10774,sculls,1,1
10775,scyphozoa,1,1
10776,seafloor,1,1
10777,seamless,1,1
10778,seaside,1,1
10779,seating,1,1
10780,secretary,1,1
10781,secrete,1,1
10782,secures,1,1
10783,securing,1,1
10784,seedless,1,1
10785,seem,1,1
10786,seems,1,1
10787,selecting,1,1
10788,selective,1,1
10789,sell,1,1
10790,sells,1,1
10791,semen,1,1
10792,semiaxes,1,1
10793,send,1,1
10794,senior,1,1
10795,seoul,1,1
10796,sepals,1,1
10797,separating,1,1
10798,served,1,1
10799,servo,1,1
10800,settings,1,1
10801,settled,1,1
10802,severity,1,1
10803,shadings,1,1
10804,shake,1,1
10805,sheepskin,1,1
10806,sheng,1,1
10807,shenzhen,1,1
10808,shield,1,1
10809,shifts,1,1
10810,shimbun,1,1
10811,shocked,1,1
10812,shoes,1,1
10813,shoot,1,1
10814,shops,1,1
10815,shores,1,1
10816,shortages,1,1
10817,shortcomings,1,1
10818,shorten,1,1
10819,shortening,1,1
10820,shortens,1,1
10821,showcased,1,1
10822,shrevei,1,1
10823,shrews,1,1
10824,shrimps,1,1
10825,shrinkage,1,1
10826,shrinks,1,1
10827,shrouded,1,1
10828,shrub,1,1
10829,shrubs,1,1
10830,shu,1,1
10831,shutting,1,1
10832,shuttle,1,1
10833,sid,1,1
10834,siderophore,1,1
10835,sidewalk,1,1
10836,sideways,1,1
10837,signaling,1,1
10838,signposts,1,1
10839,signs,1,1
10840,similarities,1,1
10841,simulate,1,1
10842,simulated,1,1
10843,simulating,1,1
10844,sinc,1,1
10845,sinensis,1,1
10846,singapore,1,1
10847,singly,1,1
10848,sino,1,1
10849,sinusoidally,1,1
10850,sittwe,1,1
10851,skateboarder,1,1
10852,skated,1,1
10853,skidding,1,1
10854,skilled,1,1
10855,skunks,1,1
10856,skydiver,1,1
10857,skydiving,1,1
10858,sledding,1,1
10859,slender,1,1
10860,slice,1,1
10861,sliced,1,1
10862,slim,1,1
10863,slingshot,1,1
10864,slogans,1,1
10865,slots,1,1
10866,slowest,1,1
10867,slowing,1,1
10868,sludge,1,1
10869,sma,1,1
10870,smallmouth,1,1
10871,smartphone,1,1
10872,smartphones,1,1
10873,smell,1,1
10874,smith,1,1
10875,smoke,1,1
10876,smudge,1,1
10877,snapped,1,1
10878,snapshot,1,1
10879,sneaker,1,1
10880,snooker,1,1
10881,snowboarding,1,1
10882,snowfall,1,1
10883,snugly,1,1
10884,soaked,1,1
10885,sofas,1,1
10886,soften,1,1
10887,softer,1,1
10888,soils,1,1
10889,soldier,1,1
10890,soles,1,1
10891,solvable,1,1
10892,somatostatin,1,1
10893,soot,1,1
10894,sorts,1,1
10895,southernmost,1,1
10896,sow,1,1
10897,spacewalk,1,1
10898,spades,1,1
10899,spans,1,1
10900,spartina,1,1
10901,spatially,1,1
10902,spatula,1,1
10903,specifically,1,1
10904,specified,1,1
10905,specify,1,1
10906,spectacle,1,1
10907,spectrograph,1,1
10908,spectrophotometrically,1,1
10909,speculated,1,1
10910,speculation,1,1
10911,speedometer,1,1
10912,spell,1,1
10913,spider,1,1
10914,spiders,1,1
10915,spindle,1,1
10916,spirally,1,1
10917,spirit,1,1
10918,spoke,1,1
10919,sponsored,1,1
10920,sporophylls,1,1
10921,sporozoites,1,1
10922,spouses,1,1
10923,spq,1,1
10924,sprays,1,1
10925,spreading,1,1
10926,springboard,1,1
10927,sprint,1,1
10928,sprinting,1,1
10929,sprouting,1,1
10930,spt,1,1
10931,spurious,1,1
10932,spurred,1,1
10933,sq1,1,1
10934,sq2,1,1
10935,sqrt,1,1
10936,squats,1,1
10937,stacking,1,1
10938,stadium,1,1
10939,staff,1,1
10940,staggered,1,1
10941,stair,1,1
10942,stakes,1,1
10943,stalactites,1,1
10944,stalagmite,1,1
10945,stalls,1,1
10946,stamen,1,1
10947,stamens,1,1
10948,stan,1,1
10949,standoff,1,1
10950,starlike,1,1
10951,starvation,1,1
10952,statistically,1,1
10953,steadily,1,1
10954,steelheads,1,1
10955,steep,1,1
10956,steepest,1,1
10957,stefan,1,1
10958,stephen,1,1
10959,stepless,1,1
10960,stepping,1,1
10961,sterilizing,1,1
10962,sticker,1,1
10963,sticky,1,1
10964,stigma,1,1
10965,stimulate,1,1
10966,stimulates,1,1
10967,stipulate,1,1
10968,stipulated,1,1
10969,stoneflies,1,1
10970,stories,1,1
10971,storing,1,1
10972,stp,1,1
10973,straddles,1,1
10974,straighten,1,1
10975,strands,1,1
10976,straw,1,1
10977,strawberry,1,1
10978,strecke,1,1
10979,stress,1,1
10980,stretching,1,1
10981,strongly,1,1
10982,strung,1,1
10983,stuff,1,1
10984,stumbles,1,1
10985,sturdy,1,1
10986,suan,1,1
10987,subayang,1,1
10988,subdivided,1,1
10989,subei,1,1
10990,substation,1,1
10991,substrates,1,1
10992,subtends,1,1
10993,subunits,1,1
10994,suburbanization,1,1
10995,subways,1,1
10996,succeed,1,1
10997,success,1,1
10998,suck,1,1
10999,sue,1,1
11000,suffers,1,1
11001,suggestion,1,1
11002,suggests,1,1
11003,suitably,1,1
11004,sulfurous,1,1
11005,summarizing,1,1
11006,sunan,1,1
11007,sunfish,1,1
11008,sunrises,1,1
11009,sunsets,1,1
11010,sunspots,1,1
11011,supercapacitor,1,1
11012,supercapacitors,1,1
11013,supplemented,1,1
11014,supposing,1,1
11015,surf,1,1
11016,surge,1,1
11017,surprised,1,1
11018,surprisingly,1,1
11019,surveys,1,1
11020,survivorship,1,1
11021,susan,1,1
11022,susceptances,1,1
11023,susceptibility,1,1
11024,susceptible,1,1
11025,suspects,1,1
11026,sustain,1,1
11027,sustainably,1,1
11028,sutong,1,1
11029,suzanna,1,1
11030,suzhou,1,1
11031,svalbard,1,1
11032,swamps,1,1
11033,swapping,1,1
11034,sweating,1,1
11035,sweden,1,1
11036,sweetener,1,1
11037,swept,1,1
11038,symbiont,1,1
11039,symbiosis,1,1
11040,symbolizing,1,1
11041,synapses,1,1
11042,synced,1,1
11043,syngeneic,1,1
11044,synthesized,1,1
11045,synthesizing,1,1
11046,syria,1,1
11047,tacho,1,1
11048,tactic,1,1
11049,tadpoles,1,1
11050,tagging,1,1
11051,tailfin,1,1
11052,tailgate,1,1
11053,tails,1,1
11054,tailwind,1,1
11055,taiwanese,1,1
11056,takada,1,1
11057,taklamakan,1,1
11058,tamara,1,1
11059,tandem,1,1
11060,tangshan,1,1
11061,tanker,1,1
11062,taoist,1,1
11063,taped,1,1
11064,taping,1,1
11065,taranto,1,1
11066,tarzan,1,1
11067,tasks,1,1
11068,tasmania,1,1
11069,tastebuds,1,1
11070,taxis,1,1
11071,tbp,1,1
11072,tear,1,1
11073,tears,1,1
11074,technicians,1,1
11075,technique,1,1
11076,technologies,1,1
11077,ted,1,1
11078,tedio,1,1
11079,telecommunications,1,1
11080,telemetry,1,1
11081,tell,1,1
11082,telling,1,1
11083,tells,1,1
11084,tellurium,1,1
11085,temporal,1,1
11086,tend,1,1
11087,tended,1,1
11088,tendency,1,1
11089,tends,1,1
11090,tens,1,1
11091,tense,1,1
11092,terminates,1,1
11093,terrace,1,1
11094,terraced,1,1
11095,terrasse,1,1
11096,tess,1,1
11097,tessellation,1,1
11098,tethered,1,1
11099,tetrabromide,1,1
11100,tetrachloride,1,1
11101,tetrahedra,1,1
11102,tetraploid,1,1
11103,textbooks,1,1
11104,thalassemia,1,1
11105,thaw,1,1
11106,theoretical,1,1
11107,thermodynamics,1,1
11108,thermometer,1,1
11109,thicken,1,1
11110,thigh,1,1
11111,things,1,1
11112,thinking,1,1
11113,thinner,1,1
11114,thinning,1,1
11115,thirteen,1,1
11116,thn,1,1
11117,thomson,1,1
11118,though,1,1
11119,thought,1,1
11120,thp,1,1
11121,threadlike,1,1
11122,threat,1,1
11123,threatened,1,1
11124,threatens,1,1
11125,thresholds,1,1
11126,threw,1,1
11127,thrilling,1,1
11128,throat,1,1
11129,thruster,1,1
11130,thunder,1,1
11131,thunderclouds,1,1
11132,thursday,1,1
11133,thyme,1,1
11134,thymine,1,1
11135,thyristorized,1,1
11136,tian,1,1
11137,tianshan,1,1
11138,ticker,1,1
11139,ticket,1,1
11140,tidal,1,1
11141,tidally,1,1
11142,tie,1,1
11143,ties,1,1
11144,tiger,1,1
11145,tigers,1,1
11146,tilting,1,1
11147,tim,1,1
11148,tim23,1,1
11149,timed,1,1
11150,timely,1,1
11151,timetable,1,1
11152,tired,1,1
11153,toads,1,1
11154,tobacco,1,1
11155,toggle,1,1
11156,token,1,1
11157,tokens,1,1
11158,tongling,1,1
11159,tongue,1,1
11160,toni,1,1
11161,tonicity,1,1
11162,toninho,1,1
11163,tony,1,1
11164,tools,1,1
11165,toothed,1,1
11166,toothfish,1,1
11167,topless,1,1
11168,topology,1,1
11169,toppled,1,1
11170,topples,1,1
11171,tops,1,1
11172,toroid,1,1
11173,toroidal,1,1
11174,torr,1,1
11175,torymus,1,1
11176,totem,1,1
11177,tough,1,1
11178,tours,1,1
11179,toxic,1,1
11180,toxins,1,1
11181,tpa,1,1
11182,traceable,1,1
11183,trachea,1,1
11184,tracing,1,1
11185,tracking,1,1
11186,tract,1,1
11187,tractor,1,1
11188,traded,1,1
11189,trading,1,1
11190,trail,1,1
11191,trailer,1,1
11192,trailing,1,1
11193,transaction,1,1
11194,transcribed,1,1
11195,transcriptase,1,1
11196,transferring,1,1
11197,transformations,1,1
11198,transforming,1,1
11199,transients,1,1
11200,transitional,1,1
11201,translational,1,1
11202,translocation,1,1
11203,transmitivity,1,1
11204,transmits,1,1
11205,transnational,1,1
11206,transporter,1,1
11207,transversals,1,1
11208,traverse,1,1
11209,traverses,1,1
11210,trenches,1,1
11211,tri,1,1
11212,triac,1,1
11213,trick,1,1
11214,triominoes,1,1
11215,triples,1,1
11216,tripped,1,1
11217,trisected,1,1
11218,triton,1,1
11219,tropics,1,1
11220,troposphere,1,1
11221,tropospheric,1,1
11222,truther,1,1
11223,trying,1,1
11224,tsp,1,1
11225,tsr,1,1
11226,tubule,1,1
11227,tuesday,1,1
11228,tulips,1,1
11229,tumors,1,1
11230,tuna,1,1
11231,tune,1,1
11232,tunneled,1,1
11233,turbid,1,1
11234,turbines,1,1
11235,turbulence,1,1
11236,turkey,1,1
11237,turntables,1,1
11238,turtles,1,1
11239,tvs,1,1
11240,twins,1,1
11241,twist,1,1
11242,twists,1,1
11243,twrv,1,1
11244,uacgaacauugg,1,1
11245,ubc,1,1
11246,ujt,1,1
11247,ultra,1,1
11248,ultraviolet,1,1
11249,umbel,1,1
11250,unary,1,1
11251,unattainable,1,1
11252,unbalanced,1,1
11253,unbelievable,1,1
11254,uncertain,1,1
11255,uncertainty,1,1
11256,unclear,1,1
11257,uncontrolled,1,1
11258,uncovered,1,1
11259,und,1,1
11260,underdeveloped,1,1
11261,understood,1,1
11262,undertake,1,1
11263,undertaken,1,1
11264,undertakes,1,1
11265,undulation,1,1
11266,unexpected,1,1
11267,unhighlighted,1,1
11268,unicellular,1,1
11269,unidirectional,1,1
11270,unified,1,1
11271,unijunction,1,1
11272,uninflated,1,1
11273,uninterrupted,1,1
11274,unipolar,1,1
11275,unisexual,1,1
11276,unknowns,1,1
11277,unlinked,1,1
11278,unloaded,1,1
11279,unnecessary,1,1
11280,unplanted,1,1
11281,unpredictable,1,1
11282,unreliable,1,1
11283,unsat,1,1
11284,unseen,1,1
11285,unsoldered,1,1
11286,updraught,1,1
11287,upgrade,1,1
11288,uplift,1,1
11289,ups,1,1
11290,urgent,1,1
11291,uru,1,1
11292,usable,1,1
11293,usain,1,1
11294,usefulness,1,1
11295,ut1,1,1
11296,utde,1,1
11297,utilizable,1,1
11298,uwxy,1,1
11299,vab,1,1
11300,vabc,1,1
11301,vac,1,1
11302,vacation,1,1
11303,vacuoles,1,1
11304,valentin,1,1
11305,valeriu,1,1
11306,variations,1,1
11307,vbing,1,1
11308,vcd,1,1
11309,vd2,1,1
11310,vdc,1,1
11311,vding,1,1
11312,vegetarian,1,1
11313,vena,1,1
11314,vendor,1,1
11315,venn,1,1
11316,venture,1,1
11317,venue,1,1
11318,verified,1,1
11319,verify,1,1
11320,verse,1,1
11321,vertebrates,1,1
11322,vessels,1,1
11323,vibrates,1,1
11324,vibrio,1,1
11325,viedma,1,1
11326,vii,1,1
11327,villa,1,1
11328,vinci,1,1
11329,violating,1,1
11330,vision,1,1
11331,visiting,1,1
11332,visitors,1,1
11333,visually,1,1
11334,vjia,1,1
11335,volumetric,1,1
11336,volunteer,1,1
11337,voracious,1,1
11338,vorne,1,1
11339,voted,1,1
11340,voter,1,1
11341,voting,1,1
11342,vru,1,1
11343,vswr,1,1
11344,vt3,1,1
11345,vulnerable,1,1
11346,vulture,1,1
11347,vut,1,1
11348,vwx,1,1
11349,vwy,1,1
11350,vxy,1,1
11351,vyi,1,1
11352,wafer,1,1
11353,wagons,1,1
11354,waived,1,1
11355,wand,1,1
11356,waning,1,1
11357,warms,1,1
11358,warn,1,1
11359,warned,1,1
11360,wasps,1,1
11361,waterbirds,1,1
11362,waterfront,1,1
11363,waters,1,1
11364,waterside,1,1
11365,waterworks,1,1
11366,wattmeter,1,1
11367,wavefront,1,1
11368,waveguide,1,1
11369,waxing,1,1
11370,weakens,1,1
11371,weakness,1,1
11372,wearing,1,1
11373,weaving,1,1
11374,webs,1,1
11375,wedding,1,1
11376,wednesday,1,1
11377,weeds,1,1
11378,weekday,1,1
11379,welcome,1,1
11380,welcoming,1,1
11381,welded,1,1
11382,wenchang,1,1
11383,wendy,1,1
11384,werner,1,1
11385,wetness,1,1
11386,wha,1,1
11387,whereas,1,1
11388,whereby,1,1
11389,whilst,1,1
11390,whip,1,1
11391,whiplike,1,1
11392,whitefly,1,1
11393,whitish,1,1
11394,win,1,1
11395,windless,1,1
11396,windows,1,1
11397,windowsill,1,1
11398,winglike,1,1
11399,wins,1,1
11400,wintering,1,1
11401,wiped,1,1
11402,wipes,1,1
11403,wireframe,1,1
11404,wireless,1,1
11405,wise,1,1
11406,wishes,1,1
11407,withered,1,1
11408,wizard,1,1
11409,wobble,1,1
11410,wolf,1,1
11411,wolverines,1,1
11412,wonder,1,1
11413,wonderland,1,1
11414,workboat,1,1
11415,workshops,1,1
11416,worldwide,1,1
11417,worsen,1,1
11418,worship,1,1
11419,woven,1,1
11420,wrist,1,1
11421,wristwatch,1,1
11422,writing,1,1
11423,wrongly,1,1
11424,wtz,1,1
11425,wuv,1,1
11426,wuzhou,1,1
11427,wxzy,1,1
11428,wyx,1,1
11429,x0y,1,1
11430,xbc,1,1
11431,xho,1,1
11432,xiamen,1,1
11433,xiang,1,1
11434,xiangjiang,1,1
11435,xiangshan,1,1
11436,xiangtan,1,1
11437,xiaocong,1,1
11438,xiaoman,1,1
11439,xiaomi,1,1
11440,xiaoqiang,1,1
11441,xiaowen,1,1
11442,xiaoxin,1,1
11443,xiaoying,1,1
11444,xiaozan,1,1
11445,xiaozhang,1,1
11446,xlabel,1,1
11447,xmax,1,1
11448,xmin,1,1
11449,xpy,1,1
11450,xqy,1,1
11451,xry,1,1
11452,xsy,1,1
11453,xtick,1,1
11454,xty,1,1
11455,xuelong,1,1
11456,xuetong,1,1
11457,xyw,1,1
11458,yancheng,1,1
11459,yangshan,1,1
11460,yao,1,1
11461,yarlung,1,1
11462,yenisei,1,1
11463,yett,1,1
11464,yielded,1,1
11465,yielding,1,1
11466,yields,1,1
11467,yingze,1,1
11468,ylabel,1,1
11469,ymajorgrids,1,1
11470,ymax,1,1
11471,ymin,1,1
11472,york,1,1
11473,youth,1,1
11474,ytick,1,1
11475,yulong,1,1
11476,yunan,1,1
11477,yunxia,1,1
11478,yuxin,1,1
11479,ywz,1,1
11480,zangbo,1,1
11481,zeit,1,1
11482,zeroes,1,1
11483,zhaozhou,1,1
11484,zheng,1,1
11485,zhongming,1,1
11486,zhuang,1,1
11487,zilda,1,1
11488,zmin,1,1
11489,znco,1,1
11490,zonality,1,1
11491,zooplanktons,1,1
11492,zxw,1,1
11493,zxy,1,1
