rank,word,count,doc_count
1,length,2240,1949
2,structure,1514,829
3,axis,1448,747
4,intersects,1270,919
5,square,1226,825
6,abcd,1167,1003
7,circuit,1127,958
8,transition,1057,725
9,field,1012,449
10,mass,959,654
11,voltage,901,569
12,region,894,704
13,graph,892,651
14,circle,869,593
15,force,863,545
16,magnetic,834,292
17,system,822,671
18,direction,820,615
19,segment,812,517
20,magnitude,805,548
21,angle,804,659
22,function,801,544
23,horizontal,775,522
24,triangle,762,569
25,velocity,737,473
26,plane,710,444
27,radius,708,563
28,rectangle,705,505
29,current,703,507
30,distance,701,553
31,speed,682,462
32,expression,675,662
33,bonds,666,334
34,water,652,338
35,china,639,510
36,midpoint,629,548
37,ball,623,187
38,resistance,601,428
39,uniform,578,443
40,connected,572,480
41,perpendicular,571,492
42,power,551,351
43,constant,550,449
44,sides,547,493
45,surface,547,363
46,electric,532,242
47,coordinate,522,437
48,intersect,514,484
49,acceleration,506,376
50,quadrilateral,504,416
51,population,495,288
52,light,494,270
53,numbers,488,287
54,schematic,485,475
55,block,484,162
56,maximum,484,415
57,smiles,478,478
58,moving,477,421
59,output,477,388
60,ground,476,288
61,center,472,380
62,temperature,472,303
63,lines,453,370
64,connect,450,382
65,rod,449,137
66,table,442,277
67,ratio,433,394
68,coordinates,427,369
69,map,426,409
70,equal,425,380
71,friction,420,256
72,squares,419,289
73,height,416,328
74,distribution,409,354
75,coil,408,134
76,charge,401,257
77,energy,400,276
78,food,398,369
79,motion,392,289
80,parabola,391,195
81,diameter,385,348
82,process,382,318
83,perimeter,378,311
84,drawn,376,327
85,passes,372,354
86,river,367,214
87,circular,362,220
88,components,358,356
89,electron,356,161
90,hydrogen,354,348
91,vertical,353,284
92,air,350,242
93,minimum,345,323
94,linear,328,262
95,parallel,328,284
96,city,326,228
97,car,325,75
98,positive,325,257
99,rhombus,325,252
100,changes,324,281
101,paper,318,213
102,shaded,318,290
103,cartesian,316,313
104,particle,315,117
105,straight,309,257
106,bisects,307,266
107,gas,307,121
108,pressure,305,193
109,circles,303,172
110,fixed,292,256
111,ideal,292,261
112,proportion,288,221
113,moves,287,246
114,sum,287,225
115,unit,285,250
116,coefficient,280,227
117,average,276,219
118,metal,275,117
119,inclined,270,111
120,day,269,188
121,land,268,189
122,kinetic,260,192
123,acb,255,247
124,earth,253,119
125,gravitational,251,212
126,track,251,66
127,period,250,209
128,spring,250,101
129,vertices,248,217
130,rate,247,183
131,cylinder,246,71
132,wire,246,107
133,bisector,245,207
134,initial,245,213
135,second,245,203
136,base,243,183
137,tangent,242,209
138,country,238,175
139,equilateral,238,205
140,web,238,230
141,represents,234,192
142,triangles,234,167
143,bac,226,213
144,half,226,157
145,form,225,212
146,move,225,195
147,moment,224,190
148,flow,223,206
149,induction,223,182
150,vertex,222,191
151,aob,220,170
152,potential,218,134
153,inverse,216,162
154,midpoints,216,207
155,chart,212,172
156,diagonal,210,195
157,rectangular,207,167
158,rope,207,89
159,edge,205,148
160,folded,204,197
161,intersecting,204,187
162,ring,204,66
163,curve,203,154
164,arc,198,150
165,equation,198,186
166,development,197,168
167,load,196,141
168,smooth,196,169
169,precipitation,195,151
170,diagonals,193,188
171,cell,192,125
172,wooden,192,68
173,uniformly,191,156
174,volume,191,130
175,switch,189,131
176,cycle,188,154
177,cube,187,89
178,belt,186,65
179,gravity,186,167
180,inequality,185,164
181,meters,184,125
182,regions,183,151
183,frequency,182,136
184,section,182,154
185,array,181,94
186,reaction,181,129
187,resistor,180,138
188,altitude,179,155
189,density,178,146
190,extension,177,172
191,inscribed,176,161
192,horizontally,175,156
193,factor,174,163
194,supply,173,138
195,signal,172,127
196,slope,171,90
197,plate,169,79
198,string,166,76
199,phase,165,126
200,capacitor,164,105
201,grid,164,112
202,rails,164,38
203,board,163,55
204,lengths,163,149
205,beijing,161,111
206,loop,161,78
207,arrow,160,150
208,chord,159,144
209,jia,159,126
210,wave,159,83
211,charged,158,103
212,cross,158,143
213,wind,158,85
214,parallelogram,157,137
215,vertically,157,143
216,cells,156,99
217,plates,154,60
218,width,154,129
219,plant,153,119
220,strength,153,122
221,white,153,103
222,box,152,55
223,segments,152,132
224,boc,151,127
225,isosceles,151,143
226,latitude,151,122
227,organism,151,147
228,regular,151,119
229,growth,150,114
230,origin,150,130
231,intensity,149,127
232,collision,147,62
233,foot,146,126
234,aoc,145,126
235,body,145,90
236,connecting,145,130
237,acid,144,92
238,shape,144,118
239,thin,144,99
240,black,143,83
241,five,143,127
242,measured,143,128
243,see,143,134
244,experiment,142,112
245,initially,142,135
246,remains,142,126
247,smaller,142,109
248,transfer,142,116
249,nearest,141,141
250,primary,141,95
251,sliding,141,99
252,wall,141,93
253,conveyor,140,25
254,make,140,125
255,more,140,132
256,possible,140,135
257,province,140,99
258,solar,139,108
259,transformer,139,92
260,you,139,105
261,orbit,138,63
262,concentration,137,101
263,depicted,137,137
264,quadrant,137,104
265,released,137,126
266,industrial,136,101
267,local,136,125
268,condition,135,130
269,lower,134,113
270,urban,134,101
271,decimal,133,131
272,draw,133,117
273,ray,133,82
274,agricultural,132,109
275,angled,132,121
276,north,132,115
277,round,132,127
278,steps,132,120
279,together,132,119
280,transistor,132,102
281,gene,131,54
282,island,130,74
283,results,130,122
284,chemical,129,125
285,near,129,119
286,enters,128,96
287,molecules,128,125
288,student,128,92
289,climate,127,99
290,industry,127,98
291,respect,127,124
292,upward,127,109
293,angular,126,101
294,compared,126,126
295,lie,126,118
296,much,126,115
297,sea,126,99
298,chain,125,114
299,frame,125,46
300,new,125,97
301,diode,124,101
302,obtain,124,119
303,opposite,124,118
304,stationary,124,110
305,considered,123,116
306,contour,123,104
307,production,123,98
308,corresponding,122,114
309,hexagon,122,77
310,always,121,113
311,equilibrium,121,95
312,work,121,101
313,letter,120,111
314,ade,119,109
315,cut,119,98
316,pass,119,109
317,seconds,119,99
318,intersection,118,103
319,whose,118,109
320,pushing,117,114
321,rectangles,117,80
322,figures,116,101
323,labeled,116,109
324,satellite,116,47
325,upper,116,94
326,heat,115,80
327,highest,115,104
328,indicate,115,102
329,sequence,115,88
330,electromotive,114,94
331,written,114,91
332,disk,112,28
333,must,112,105
334,relatively,112,105
335,station,112,58
336,tension,112,83
337,wants,112,104
338,adjacent,111,89
339,divided,111,107
340,space,111,87
341,affected,110,106
342,characteristic,110,104
343,open,110,97
344,exerted,109,96
345,inner,109,74
346,motor,109,49
347,increase,108,101
348,marked,108,95
349,until,108,104
350,clockwise,107,98
351,directed,107,92
352,our,107,87
353,represented,107,105
354,zone,107,74
355,every,105,92
356,secondary,105,75
357,semicircle,105,71
358,suppose,105,101
359,weather,105,84
360,displacement,104,81
361,illustrate,104,104
362,induced,104,80
363,mechanistic,104,104
364,negative,104,94
365,path,104,88
366,reading,104,74
367,solid,104,86
368,congruent,103,92
369,interval,103,85
370,original,103,92
371,annual,102,79
372,contact,102,86
373,internal,102,94
374,outside,102,94
375,row,102,69
376,zener,102,48
377,acting,101,82
378,dashed,101,85
379,effect,101,95
380,leaves,101,65
381,particles,101,40
382,profile,101,87
383,reach,101,91
384,relocated,101,101
385,hemisphere,100,91
386,mountain,100,70
387,objects,100,60
388,slides,100,75
389,angles,99,89
390,causing,99,94
391,conductor,99,42
392,extend,99,94
393,kind,99,98
394,makes,99,89
395,ocean,99,72
396,size,99,92
397,sphere,99,53
398,years,99,86
399,external,98,78
400,grey,98,72
401,soil,98,57
402,starting,98,88
403,fold,97,81
404,lowest,96,91
405,electrons,95,39
406,faces,95,69
407,label,95,87
408,probability,95,74
409,product,95,74
410,central,94,89
411,constructed,94,89
412,largest,94,89
413,why,94,94
414,balls,93,52
415,bar,93,60
416,conducting,93,60
417,happen,93,93
418,middle,93,79
419,piece,93,80
420,six,93,81
421,his,92,69
422,rotates,92,81
423,symmetry,92,84
424,content,91,69
425,oabc,91,75
426,plants,91,67
427,tube,91,34
428,column,90,64
429,piston,90,25
430,called,89,85
431,changing,89,84
432,containing,89,83
433,did,89,86
434,life,89,85
435,producer,89,89
436,related,89,85
437,species,89,74
438,without,89,86
439,countries,88,66
440,ends,88,81
441,removed,88,78
442,resources,88,61
443,satisfy,88,88
444,scale,88,79
445,cubes,87,39
446,moon,87,29
447,rotate,87,77
448,rotated,87,82
449,slide,87,65
450,units,87,71
451,abd,86,81
452,action,86,84
453,amplifier,86,77
454,face,86,62
455,model,86,70
456,acd,85,76
457,clock,85,55
458,downward,85,80
459,economic,85,69
460,masses,85,81
461,added,84,73
462,atmospheric,84,75
463,done,84,70
464,increases,84,79
465,pattern,84,73
466,pulley,84,43
467,required,84,81
468,way,84,79
469,ammeter,83,56
470,bod,83,77
471,building,83,63
472,cars,83,35
473,express,83,79
474,greater,83,80
475,pieces,83,51
476,start,83,74
477,topographic,83,82
478,xoy,83,81
479,cities,82,67
480,counterclockwise,82,77
481,slider,82,25
482,statistical,82,69
483,suspended,82,76
484,test,82,50
485,variation,82,71
486,contains,81,71
487,distributed,81,76
488,larger,81,67
489,shaped,81,65
490,weight,81,59
491,net,80,60
492,pair,80,73
493,result,80,75
494,sample,80,62
495,show,80,78
496,static,80,77
497,volts,80,72
498,blocks,79,38
499,composed,79,76
500,least,79,76
501,neglected,79,76
502,network,79,65
503,obtained,79,71
504,road,79,56
505,tenth,79,79
506,west,79,73
507,adc,78,75
508,days,78,64
509,had,78,58
510,illustrated,78,77
511,non,78,70
512,red,78,60
513,similar,78,77
514,smallest,78,76
515,step,78,61
516,sun,78,54
517,takes,78,72
518,transmission,78,50
519,index,77,52
520,materials,77,75
521,onto,77,51
522,peak,77,57
523,pole,77,56
524,yellow,77,52
525,your,77,67
526,approximately,76,71
527,device,76,58
528,normal,76,64
529,outer,76,58
530,planet,76,22
531,south,76,69
532,taking,76,72
533,types,76,68
534,bcd,75,70
535,direct,75,74
536,forward,75,69
537,gain,75,70
538,insulating,75,45
539,integers,75,70
540,rotation,75,71
541,terrain,75,70
542,control,74,66
543,might,74,74
544,next,74,68
545,northern,74,72
546,pentagon,74,51
547,phenomenon,74,67
548,problem,74,67
549,accelerated,73,60
550,becomes,73,67
551,directions,73,72
552,elastic,73,63
553,entire,73,67
554,enzyme,73,34
555,fall,73,62
556,front,73,54
557,get,73,63
558,lake,73,40
559,logic,73,60
560,low,73,68
561,thrown,73,51
562,away,72,68
563,charges,72,53
564,color,72,44
565,exists,72,69
566,indicated,72,71
567,produced,72,67
568,third,72,57
569,boundary,71,57
570,cod,71,59
571,flux,71,51
572,formation,71,63
573,generator,71,45
574,higher,71,69
575,increased,71,69
576,real,71,66
577,bad,70,68
578,floor,70,45
579,generated,70,67
580,medium,70,36
581,people,70,52
582,still,70,69
583,thickness,70,58
584,basin,69,58
585,consists,69,66
586,fish,69,49
587,inches,69,37
588,liquid,69,28
589,add,68,45
590,def,68,55
591,edges,68,62
592,environment,68,56
593,feet,68,51
594,free,68,53
595,fruit,68,36
596,immediately,68,60
597,month,68,57
598,products,68,56
599,steady,68,64
600,voltmeter,68,51
601,animal,67,60
602,aod,67,62
603,braking,67,34
604,container,67,40
605,corner,67,54
606,dna,67,39
607,functional,67,43
608,layer,67,46
609,median,67,64
610,plank,67,16
611,pulling,67,48
612,radiation,67,37
613,season,67,59
614,slowly,67,57
615,various,67,60
616,channel,66,45
617,combining,66,66
618,construct,66,60
619,indicates,66,58
620,meet,66,61
621,students,66,41
622,triangular,66,58
623,attached,65,59
624,follows,65,62
625,geological,65,57
626,oil,65,28
627,rotating,65,52
628,steel,65,31
629,sufficiently,65,64
630,begins,64,57
631,bulb,64,34
632,denoted,64,52
633,digit,64,45
634,expressed,64,61
635,influence,64,60
636,lunar,64,24
637,positions,64,59
638,regional,64,62
639,suitable,64,59
640,trapezoid,64,57
641,beam,63,37
642,centimeters,63,56
643,curves,63,56
644,equivalent,63,61
645,experimental,63,50
646,filled,63,59
647,important,63,62
648,landscape,63,51
649,star,63,32
650,trajectory,63,50
651,very,63,62
652,wheel,63,20
653,back,62,53
654,correct,62,60
655,east,62,53
656,flip,62,47
657,green,62,49
658,less,62,60
659,making,62,59
660,operating,62,54
661,railway,62,43
662,springs,62,27
663,stable,62,57
664,summer,62,56
665,unchanged,62,58
666,currents,61,50
667,greatest,61,61
668,need,61,60
669,person,61,32
670,refers,61,61
671,axes,60,54
672,coincides,60,58
673,flower,60,38
674,found,60,57
675,major,60,57
676,measures,60,56
677,noon,60,51
678,once,60,57
679,radii,60,57
680,sunrise,60,49
681,tower,60,20
682,travel,60,54
683,turn,60,41
684,undergoes,60,57
685,abe,59,59
686,approximate,59,55
687,become,59,49
688,coast,59,47
689,decrease,59,56
690,frictional,59,45
691,ion,59,31
692,like,59,57
693,necessary,59,59
694,neglect,59,57
695,remain,59,57
696,school,59,46
697,simple,59,47
698,situation,59,57
699,southern,59,58
700,terminals,59,51
701,truck,59,14
702,already,58,58
703,chamber,58,15
704,decreases,58,55
705,drop,58,53
706,graphs,58,56
707,hypotenuse,58,56
708,iron,58,28
709,plot,58,52
710,ways,58,58
711,cause,57,57
712,ecological,57,46
713,floating,57,54
714,hole,57,36
715,inclination,57,51
716,occur,57,57
717,route,57,45
718,seen,57,55
719,trend,57,55
720,variable,57,54
721,carrying,56,50
722,disease,56,32
723,knowledge,56,56
724,landing,56,46
725,law,56,52
726,night,56,51
727,occurs,56,54
728,planting,56,47
729,protein,56,27
730,stop,56,44
731,bus,55,26
732,elevation,55,42
733,forces,55,49
734,functions,55,54
735,moved,55,50
736,percentage,55,49
737,perspective,55,55
738,spatial,55,45
739,vegetation,55,47
740,blue,54,43
741,feedback,54,49
742,forms,54,49
743,heavy,54,38
744,human,54,50
745,hyperbola,54,42
746,integer,54,53
747,lands,54,50
748,magnitudes,54,52
749,rad,54,49
750,resulting,54,52
751,silicon,54,46
752,statement,54,54
753,centers,53,52
754,combined,53,50
755,compare,53,53
756,copper,53,24
757,cylindrical,53,40
758,fill,53,53
759,fraction,53,50
760,gate,53,41
761,hand,53,33
762,hits,53,46
763,impedance,53,40
764,orbital,53,42
765,sinusoidal,53,53
766,states,53,50
767,amounts,52,39
768,appear,52,51
769,basketball,52,11
770,bing,52,45
771,capacitance,52,42
772,final,52,50
773,glass,52,30
774,her,52,37
775,july,52,44
776,movement,52,45
777,opening,52,39
778,proportional,52,47
779,response,52,45
780,shanghai,52,40
781,short,52,51
782,cart,51,14
783,circumference,51,46
784,effective,51,44
785,either,51,49
786,equals,51,50
787,great,51,29
788,impact,51,46
789,instantaneous,51,44
790,series,51,50
791,solenoid,51,19
792,terminal,51,44
793,child,50,25
794,coincide,50,50
795,component,50,43
796,corresponds,50,47
797,forest,50,33
798,instant,50,44
799,leaf,50,41
800,rough,50,48
801,simultaneously,50,48
802,standard,50,33
803,stops,50,39
804,tiles,50,22
805,arranged,49,49
806,best,49,49
807,built,49,46
808,changed,49,44
809,coils,49,41
810,consumption,49,31
811,electrical,49,36
812,emitter,49,44
813,gradually,49,48
814,letters,49,40
815,park,49,38
816,reflected,49,47
817,semicircles,49,33
818,strong,49,44
819,titration,49,36
820,treated,49,48
821,twice,49,48
822,uses,49,47
823,winter,49,46
824,zones,49,37
825,activity,48,34
826,athlete,48,19
827,comes,48,46
828,construction,48,43
829,delta,48,41
830,entering,48,42
831,geographical,48,43
832,january,48,41
833,mark,48,44
834,needed,48,46
835,neglecting,48,47
836,room,48,28
837,seasonal,48,38
838,thread,48,15
839,towards,48,38
840,waveform,48,42
841,bridge,47,37
842,carbon,47,32
843,completely,47,46
844,daily,47,32
845,diagrams,47,41
846,electrostatic,47,31
847,filter,47,37
848,genes,47,32
849,levels,47,41
850,magnet,47,25
851,oxygen,47,28
852,port,47,37
853,rays,47,36
854,reaching,47,44
855,sections,47,36
856,tree,47,34
857,urbanization,47,30
858,who,47,38
859,belong,46,45
860,coe,46,41
861,continent,46,41
862,cylinders,46,9
863,duration,46,40
864,duty,46,30
865,junction,46,39
866,last,46,42
867,longer,46,44
868,needs,46,46
869,perpendicularly,46,42
870,platform,46,22
871,pulse,46,40
872,put,46,43
873,separated,46,45
874,specific,46,38
875,touch,46,43
876,toward,46,43
877,united,46,40
878,whether,46,41
879,whole,46,46
880,enterprise,45,26
881,factors,45,42
882,happens,45,45
883,having,45,42
884,ions,45,21
885,meter,45,39
886,occurred,45,39
887,operation,45,41
888,pipe,45,20
889,pyramid,45,27
890,refer,45,45
891,screen,45,20
892,strip,45,27
893,target,45,28
894,train,45,19
895,traveling,45,41
896,agriculture,44,38
897,battery,44,35
898,boat,44,11
899,converter,44,29
900,corners,44,41
901,counter,44,31
902,diameters,44,43
903,digits,44,35
904,doe,44,43
905,individuals,44,29
906,locations,44,39
907,pendulum,44,15
908,remaining,44,41
909,traveled,44,44
910,wavelength,44,34
911,western,44,35
912,advantage,43,42
913,aoe,43,37
914,continues,43,41
915,eastern,43,41
916,equally,43,41
917,explain,43,43
918,forming,43,42
919,give,43,43
920,groups,43,29
921,incident,43,34
922,pulled,43,39
923,rounded,43,43
924,sectional,43,42
925,semicircular,43,26
926,seven,43,39
927,stone,43,21
928,weak,43,26
929,aed,42,38
930,alternating,42,34
931,arcs,42,37
932,atmosphere,42,36
933,bisectors,42,40
934,cde,42,40
935,centered,42,38
936,controlled,42,36
937,crop,42,34
938,example,42,42
939,flows,42,37
940,grain,42,21
941,nine,42,37
942,old,42,26
943,outward,42,40
944,research,42,35
945,shortest,42,39
946,well,42,37
947,ace,41,37
948,age,41,27
949,analytical,41,40
950,bit,41,32
951,carries,41,34
952,circulation,41,34
953,coastal,41,39
954,crease,41,33
955,fields,41,26
956,flies,41,27
957,mol,41,20
958,observed,41,38
959,prime,41,35
960,principle,41,41
961,produce,41,41
962,regarded,41,39
963,resistors,41,38
964,ship,41,22
965,suddenly,41,38
966,walks,41,27
967,accordingly,40,40
968,ant,40,23
969,coal,40,26
970,combination,40,40
971,composition,40,36
972,die,40,32
973,enclosed,40,31
974,flat,40,39
975,flop,40,28
976,individual,40,30
977,khz,40,32
978,learned,40,40
979,mean,40,35
980,national,40,38
981,parameters,40,40
982,producing,40,34
983,share,40,36
984,sheet,40,27
985,significant,40,38
986,spacecraft,40,22
987,tank,40,17
988,tied,40,37
989,transportation,40,34
990,wide,40,34
991,wires,40,28
992,ampere,39,33
993,bottle,39,10
994,centre,39,36
995,close,39,38
996,coinciding,39,39
997,coloured,39,26
998,consumer,39,39
999,curved,39,26
1000,dark,39,31
1001,dce,39,35
1002,ding,39,36
1003,distances,39,37
1004,driver,39,19
1005,ecosystem,39,34
1006,exits,39,34
1007,externally,39,39
1008,fault,39,26
1009,fly,39,16
1010,full,39,31
1011,harmonic,39,32
1012,kilometers,39,34
1013,loss,39,35
1014,name,39,39
1015,numbered,39,28
1016,oab,39,32
1017,polar,39,34
1018,runoff,39,25
1019,sealed,39,34
1020,shadow,39,29
1021,study,39,35
1022,technology,39,38
1023,transport,39,28
1024,velocities,39,37
1025,allowed,38,35
1026,build,38,34
1027,effects,38,36
1028,efgh,38,32
1029,emitted,38,27
1030,far,38,34
1031,flowing,38,35
1032,freely,38,37
1033,frog,38,18
1034,hit,38,29
1035,normally,38,34
1036,overlap,38,32
1037,rods,38,20
1038,sodium,38,22
1039,standing,38,30
1040,tabletop,38,23
1041,throughout,38,37
1042,utilization,38,25
1043,walls,38,25
1044,xinjiang,38,24
1045,bicycle,37,18
1046,chang,37,26
1047,continuous,37,36
1048,developed,37,35
1049,eight,37,33
1050,enterprises,37,28
1051,environmental,37,37
1052,estimate,37,33
1053,family,37,24
1054,genetic,37,33
1055,here,37,36
1056,inductance,37,33
1057,matter,37,25
1058,molecule,37,27
1059,organisms,37,35
1060,polygon,37,27
1061,prism,37,19
1062,rivers,37,37
1063,sediment,37,23
1064,substance,37,29
1065,affecting,36,35
1066,anhui,36,19
1067,causes,36,36
1068,centres,36,30
1069,disaster,36,28
1070,electricity,36,22
1071,finally,36,35
1072,grass,36,30
1073,ice,36,20
1074,interior,36,30
1075,launch,36,30
1076,little,36,31
1077,method,36,31
1078,mon,36,31
1079,muscle,36,10
1080,noise,36,21
1081,perpendiculars,36,34
1082,proton,36,11
1083,rain,36,25
1084,refractive,36,31
1085,reservoir,36,23
1086,rings,36,20
1087,rise,36,29
1088,selected,36,33
1089,shell,36,21
1090,spheres,36,15
1091,symmetric,36,32
1092,thermal,36,33
1093,analyze,35,33
1094,balloon,35,11
1095,beginning,35,34
1096,boolean,35,33
1097,cards,35,18
1098,consumed,35,30
1099,dae,35,32
1100,dots,35,29
1101,enter,35,32
1102,exit,35,27
1103,frozen,35,12
1104,good,35,32
1105,heating,35,24
1106,keep,35,32
1107,launched,35,30
1108,layout,35,34
1109,longitude,35,33
1110,mechanical,35,34
1111,membrane,35,26
1112,planning,35,30
1113,pointing,35,34
1114,quadratic,35,29
1115,rail,35,19
1116,researchers,35,31
1117,resource,35,21
1118,semi,35,26
1119,since,35,34
1120,stations,35,24
1121,unknown,35,29
1122,vials,35,7
1123,bdc,34,33
1124,blank,34,33
1125,case,34,30
1126,colour,34,27
1127,consisting,34,33
1128,core,34,22
1129,divide,34,33
1130,ensure,34,31
1131,fourth,34,33
1132,head,34,25
1133,held,34,34
1134,increasing,34,33
1135,inward,34,34
1136,mice,34,22
1137,multiple,34,28
1138,often,34,33
1139,opened,34,33
1140,overlapping,34,31
1141,pairs,34,33
1142,proportions,34,29
1143,quantity,34,29
1144,rated,34,28
1145,returns,34,30
1146,rises,34,31
1147,solutions,34,22
1148,belts,33,23
1149,carry,33,31
1150,circumcircle,33,32
1151,closest,33,30
1152,cold,33,29
1153,cone,33,15
1154,correspond,33,33
1155,depth,33,26
1156,elements,33,27
1157,extended,33,31
1158,fluid,33,9
1159,holes,33,22
1160,hundredth,33,33
1161,incorrect,33,32
1162,industries,33,31
1163,measuring,33,31
1164,meridian,33,32
1165,numerical,33,30
1166,partial,33,33
1167,perform,33,28
1168,propagation,33,28
1169,proteins,33,15
1170,raw,33,30
1171,reads,33,19
1172,separation,33,29
1173,sled,33,4
1174,surfaces,33,28
1175,term,33,31
1176,threshold,33,28
1177,titrated,33,33
1178,undergo,33,32
1179,vehicle,33,15
1180,via,33,32
1181,atoms,32,17
1182,bde,32,32
1183,cab,32,31
1184,chosen,32,29
1185,cotton,32,11
1186,cultivated,32,24
1187,element,32,26
1188,elevator,32,8
1189,falling,32,27
1190,famous,32,31
1191,goes,32,28
1192,hours,32,29
1193,ignored,32,32
1194,inductor,32,24
1195,judge,32,31
1196,lamp,32,16
1197,naoh,32,22
1198,pond,32,20
1199,predator,32,32
1200,provided,32,30
1201,random,32,30
1202,site,32,28
1203,snow,32,16
1204,spectrum,32,28
1205,ten,32,31
1206,toll,32,5
1207,travels,32,29
1208,vehicles,32,17
1209,waves,32,16
1210,yangtze,32,26
1211,accelerating,31,28
1212,amplitude,31,25
1213,apart,31,31
1214,boe,31,31
1215,capacity,31,24
1216,carried,31,31
1217,collector,31,25
1218,considering,31,31
1219,contained,31,16
1220,cover,31,24
1221,defined,31,30
1222,described,31,31
1223,diodes,31,26
1224,drive,31,19
1225,dry,31,19
1226,exterior,31,28
1227,infinite,31,27
1228,jumps,31,18
1229,leave,31,28
1230,market,31,29
1231,min,31,22
1232,observation,31,21
1233,pedigree,31,27
1234,quality,31,27
1235,quarter,31,26
1236,speeds,31,31
1237,team,31,21
1238,transistors,31,28
1239,active,30,27
1240,banana,30,9
1241,branch,30,22
1242,card,30,13
1243,chinese,30,27
1244,constants,30,28
1245,continuously,30,30
1246,covered,30,25
1247,dice,30,16
1248,experienced,30,28
1249,film,30,12
1250,folding,30,29
1251,generally,30,30
1252,generation,30,23
1253,houses,30,15
1254,monthly,30,22
1255,painted,30,21
1256,pathway,30,23
1257,plateau,30,24
1258,projectile,30,15
1259,recent,30,30
1260,saturation,30,29
1261,sizes,30,29
1262,spherical,30,22
1263,stages,30,27
1264,strips,30,16
1265,synchronous,30,24
1266,town,30,19
1267,trait,30,15
1268,upon,30,25
1269,vibration,30,21
1270,abo,29,27
1271,accelerates,29,26
1272,adb,29,29
1273,adjusted,29,27
1274,assumed,29,27
1275,barrier,29,12
1276,binary,29,26
1277,brakes,29,19
1278,cable,29,12
1279,calculation,29,25
1280,ceiling,29,27
1281,come,29,28
1282,compute,29,27
1283,consumes,29,29
1284,differences,29,29
1285,dominant,29,29
1286,iii,29,24
1287,impulse,29,27
1288,lewis,29,22
1289,limit,29,28
1290,lying,29,28
1291,manufacturing,29,25
1292,populations,29,25
1293,processing,29,17
1294,project,29,20
1295,setup,29,28
1296,sources,29,21
1297,traffic,29,21
1298,tubes,29,13
1299,turntable,29,6
1300,working,29,23
1301,advantageous,28,21
1302,balance,28,15
1303,band,28,16
1304,bases,28,23
1305,bed,28,20
1306,bond,28,14
1307,bulbs,28,16
1308,cbd,28,27
1309,collides,28,23
1310,consecutive,28,28
1311,crops,28,24
1312,crossing,28,22
1313,developing,28,26
1314,digital,28,24
1315,error,28,26
1316,etc,28,19
1317,even,28,25
1318,flood,28,18
1319,hour,28,23
1320,japan,28,14
1321,past,28,24
1322,percent,28,27
1323,perimeters,28,25
1324,photo,28,22
1325,price,28,20
1326,rectifier,28,23
1327,revolution,28,25
1328,rock,28,17
1329,separate,28,22
1330,shapes,28,21
1331,stem,28,25
1332,substances,28,21
1333,subtropical,28,12
1334,suspension,28,20
1335,absorbed,27,25
1336,aircraft,27,6
1337,atom,27,16
1338,belongs,27,27
1339,cad,27,26
1340,caused,27,27
1341,collected,27,20
1342,contain,27,26
1343,corn,27,17
1344,dac,27,27
1345,date,27,22
1346,dimensions,27,27
1347,distinct,27,24
1348,droplet,27,7
1349,efficiency,27,27
1350,eoc,27,19
1351,fully,27,25
1352,game,27,19
1353,illustrates,27,27
1354,mercury,27,7
1355,miles,27,14
1356,mountains,27,23
1357,nutrient,27,14
1358,oriented,27,24
1359,performed,27,27
1360,periods,27,24
1361,plain,27,23
1362,plan,27,24
1363,plasmid,27,14
1364,play,27,27
1365,provide,27,26
1366,race,27,14
1367,release,27,24
1368,rheostat,27,19
1369,role,27,27
1370,sector,27,23
1371,self,27,25
1372,sketch,27,27
1373,spectral,27,22
1374,stands,27,26
1375,touches,27,27
1376,transmitted,27,20
1377,vacuum,27,25
1378,winding,27,15
1379,abcdef,26,23
1380,able,26,26
1381,amplification,26,19
1382,analysis,26,26
1383,apple,26,12
1384,axle,26,16
1385,bacteria,26,14
1386,calculated,26,24
1387,cases,26,14
1388,ch3,26,7
1389,climatic,26,26
1390,containers,26,16
1391,cost,26,21
1392,dbc,26,26
1393,develop,26,24
1394,divides,26,26
1395,electrophoresis,26,17
1396,enough,26,24
1397,enthalpy,26,7
1398,fog,26,14
1399,gray,26,17
1400,heart,26,16
1401,highway,26,16
1402,isotherm,26,22
1403,itself,26,25
1404,labor,26,19
1405,landform,26,21
1406,laser,26,9
1407,later,26,26
1408,male,26,21
1409,meteorological,26,18
1410,overall,26,25
1411,passed,26,25
1412,photograph,26,18
1413,pqrs,26,20
1414,pure,26,23
1415,ramp,26,13
1416,reflect,26,26
1417,restriction,26,16
1418,rice,26,12
1419,safety,26,16
1420,schematically,26,26
1421,successfully,26,22
1422,symbol,26,21
1423,upwards,26,25
1424,usually,26,24
1425,view,26,25
1426,xiao,26,18
1427,abco,25,18
1428,algae,25,25
1429,amino,25,13
1430,ampicillin,25,7
1431,ancient,25,21
1432,august,25,24
1433,automobile,25,16
1434,bce,25,25
1435,blood,25,17
1436,collide,25,21
1437,compounds,25,24
1438,crossed,25,18
1439,delay,25,19
1440,desertification,25,9
1441,designed,25,25
1442,dioxide,25,20
1443,emits,25,23
1444,evaporation,25,15
1445,garden,25,18
1446,inequalities,25,25
1447,injected,25,22
1448,investigation,25,24
1449,islands,25,19
1450,jump,25,17
1451,kinds,25,24
1452,leaving,25,23
1453,legs,25,24
1454,max,25,14
1455,mid,25,25
1456,mutant,25,14
1457,photosynthesis,25,20
1458,poured,25,10
1459,prices,25,21
1460,provinces,25,23
1461,pump,25,10
1462,reflects,25,25
1463,satisfies,25,24
1464,scientific,25,21
1465,shorter,25,24
1466,similarity,25,22
1467,switching,25,24
1468,temperatures,25,22
1469,thick,25,24
1470,transparent,25,17
1471,wound,25,20
1472,abcde,24,20
1473,activities,24,23
1474,actual,24,22
1475,aef,24,23
1476,celestial,24,13
1477,centripetal,24,18
1478,clear,24,23
1479,co2,24,13
1480,completed,24,19
1481,correctly,24,23
1482,demand,24,17
1483,disasters,24,23
1484,draws,24,20
1485,electromagnetic,24,14
1486,elliptical,24,16
1487,equator,24,21
1488,established,24,22
1489,exist,24,23
1490,female,24,16
1491,global,24,22
1492,growing,24,19
1493,haze,24,11
1494,interference,24,15
1495,inverter,24,20
1496,june,24,22
1497,longest,24,24
1498,million,24,20
1499,minutes,24,21
1500,mode,24,23
1501,nerve,24,12
1502,operational,24,22
1503,pacific,24,21
1504,parameter,24,23
1505,paths,24,23
1506,pictured,24,24
1507,positively,24,23
1508,prevailing,24,18
1509,prevent,24,21
1510,provincial,24,20
1511,pull,24,21
1512,readings,24,20
1513,recessive,24,21
1514,residential,24,16
1515,rigid,24,20
1516,rotational,24,18
1517,seawater,24,17
1518,signals,24,16
1519,solstice,24,20
1520,split,24,19
1521,sunlight,24,19
1522,terminator,24,20
1523,tourism,24,18
1524,transferred,24,21
1525,translated,24,21
1526,turned,24,19
1527,volumes,24,22
1528,wild,24,16
1529,animals,23,19
1530,better,23,20
1531,children,23,15
1532,commercial,23,19
1533,comparison,23,23
1534,culture,23,12
1535,dart,23,10
1536,dependency,23,11
1537,drawing,23,22
1538,egg,23,17
1539,evolution,23,22
1540,insulated,23,21
1541,joined,23,22
1542,layers,23,19
1543,maintain,23,23
1544,matrix,23,16
1545,negatively,23,23
1546,orbits,23,19
1547,organic,23,12
1548,passenger,23,12
1549,reached,23,23
1550,regarding,23,23
1551,resultant,23,20
1552,return,23,23
1553,root,23,18
1554,sand,23,16
1555,sites,23,17
1556,strings,23,15
1557,sub,23,20
1558,sunset,23,21
1559,surrounding,23,22
1560,tiangong,23,12
1561,torque,23,22
1562,trends,23,23
1563,true,23,23
1564,unity,23,22
1565,voltages,23,21
1566,wheat,23,16
1567,window,23,12
1568,wing,23,10
1569,ambient,22,9
1570,bias,22,18
1571,boiling,22,17
1572,code,22,17
1573,concentrations,22,20
1574,constraints,22,22
1575,consume,22,22
1576,create,22,22
1577,deceleration,22,17
1578,downwards,22,20
1579,endpoints,22,20
1580,entry,22,9
1581,expressions,22,21
1582,flag,22,14
1583,flagpole,22,10
1584,formula,22,18
1585,gets,22,20
1586,gives,22,22
1587,glucose,22,9
1588,identify,22,22
1589,inputs,22,21
1590,investment,22,14
1591,kangaroo,22,14
1592,kept,22,22
1593,know,22,22
1594,lane,22,9
1595,machine,22,15
1596,minimized,22,22
1597,mixed,22,12
1598,neighbouring,22,16
1599,octagon,22,17
1600,poles,22,19
1601,rainfall,22,15
1602,rapid,22,22
1603,reasonable,22,22
1604,received,22,18
1605,relation,22,19
1606,respiration,22,16
1607,ropes,22,17
1608,scientists,22,18
1609,sound,22,5
1610,stream,22,10
1611,transformation,22,22
1612,valley,22,16
1613,wxyz,22,20
1614,achieve,21,21
1615,adult,21,21
1616,ahead,21,17
1617,aluminum,21,13
1618,apb,21,15
1619,behavior,21,19
1620,bird,21,17
1621,butterfly,21,18
1622,chromosome,21,11
1623,class,21,15
1624,colored,21,17
1625,compound,21,18
1626,concentric,21,16
1627,cookies,21,3
1628,decelerated,21,17
1629,december,21,21
1630,deflection,21,17
1631,determined,21,21
1632,dielectric,21,11
1633,discharge,21,17
1634,driving,21,19
1635,dryer,21,5
1636,empty,21,18
1637,exchange,21,14
1638,eye,21,15
1639,flops,21,19
1640,forecast,21,20
1641,fourier,21,19
1642,frictionless,21,16
1643,general,21,21
1644,graphic,21,21
1645,guangzhou,21,14
1646,guide,21,9
1647,heated,21,16
1648,hitting,21,21
1649,hung,21,14
1650,hydrological,21,14
1651,hydropower,21,12
1652,ignore,21,21
1653,infinitely,21,18
1654,labelled,21,18
1655,logical,21,20
1656,modulation,21,18
1657,photosynthetic,21,14
1658,pqr,21,20
1659,randomly,21,21
1660,runs,21,16
1661,showing,21,21
1662,sided,21,19
1663,support,21,21
1664,textual,21,21
1665,tourist,21,13
1666,towns,21,17
1667,2no,20,11
1668,airplane,20,11
1669,alleles,20,11
1670,amperes,20,20
1671,applies,20,19
1672,appropriate,20,19
1673,bacterial,20,15
1674,bmatrix,20,6
1675,butane,20,6
1676,cdef,20,13
1677,collisions,20,14
1678,conductive,20,14
1679,configuration,20,18
1680,convex,20,18
1681,county,20,16
1682,course,20,20
1683,cubic,20,17
1684,cup,20,9
1685,dates,20,16
1686,decelerate,20,16
1687,defg,20,15
1688,dissipated,20,18
1689,earlier,20,19
1690,europe,20,18
1691,expected,20,17
1692,experiences,20,19
1693,factories,20,18
1694,flowering,20,9
1695,flowers,20,13
1696,fundamental,20,20
1697,gap,20,15
1698,hexagons,20,13
1699,inch,20,16
1700,incline,20,13
1701,isotherms,20,19
1702,joining,20,18
1703,kite,20,12
1704,lattice,20,17
1705,leading,20,17
1706,migration,20,13
1707,ming,20,14
1708,molecular,20,15
1709,multi,20,14
1710,october,20,19
1711,organ,20,20
1712,orientation,20,17
1713,originally,20,20
1714,patterns,20,14
1715,perfectly,20,20
1716,physical,20,20
1717,portion,20,19
1718,rear,20,11
1719,receives,20,18
1720,ripple,20,18
1721,rms,20,19
1722,scores,20,15
1723,seed,20,12
1724,southeast,20,19
1725,stability,20,18
1726,supplied,20,20
1727,took,20,20
1728,transform,20,18
1729,turning,20,13
1730,varies,20,19
1731,viewed,20,19
1732,walk,20,17
1733,wet,20,10
1734,acts,19,19
1735,addition,19,18
1736,amp,19,19
1737,appears,19,17
1738,basic,19,19
1739,birth,19,16
1740,bob,19,10
1741,camera,19,8
1742,cargo,19,6
1743,carrier,19,16
1744,chengdu,19,14
1745,chongqing,19,14
1746,cluster,19,15
1747,coefficients,19,19
1748,coin,19,7
1749,coins,19,8
1750,coli,19,11
1751,colours,19,12
1752,currently,19,18
1753,died,19,19
1754,divisible,19,14
1755,docking,19,9
1756,dominoes,19,6
1757,early,19,16
1758,endpoint,19,18
1759,enzymes,19,11
1760,factory,19,16
1761,fast,19,17
1762,future,19,19
1763,gases,19,16
1764,geographic,19,19
1765,golden,19,11
1766,hcl,19,18
1767,hemoglobin,19,11
1768,illumination,19,18
1769,interaction,19,15
1770,keeping,19,19
1771,laid,19,19
1772,maximized,19,18
1773,molar,19,17
1774,ningxia,19,14
1775,northwest,19,17
1776,octahedron,19,8
1777,particular,19,19
1778,peter,19,13
1779,police,19,3
1780,property,19,19
1781,quadrilaterals,19,16
1782,quiescent,19,16
1783,reduced,19,19
1784,reduction,19,11
1785,relativistic,19,12
1786,seeds,19,12
1787,semiconductor,19,12
1788,september,19,19
1789,sign,19,14
1790,simplified,19,19
1791,solve,19,19
1792,stored,19,17
1793,supporting,19,18
1794,tracks,19,11
1795,village,19,11
1796,volt,19,15
1797,wedge,19,7
1798,wheels,19,15
1799,acids,18,15
1800,additional,18,18
1801,aec,18,18
1802,affect,18,18
1803,agar,18,10
1804,aligned,18,17
1805,anomaly,18,8
1806,available,18,16
1807,baffle,18,8
1808,balanced,18,17
1809,basket,18,8
1810,bounded,18,18
1811,cabin,18,5
1812,carnivore,18,18
1813,centroid,18,18
1814,charts,18,15
1815,chromosomes,18,17
1816,closely,18,18
1817,combine,18,18
1818,concentrated,18,16
1819,creating,18,17
1820,dam,18,12
1821,decreased,18,18
1822,design,18,16
1823,domino,18,4
1824,earthquake,18,7
1825,eats,18,18
1826,electronic,18,14
1827,emergency,18,11
1828,erosion,18,11
1829,ethylene,18,5
1830,exact,18,18
1831,extending,18,17
1832,facing,18,14
1833,feeds,18,18
1834,flesh,18,9
1835,gel,18,9
1836,grade,18,10
1837,house,18,12
1838,humans,18,17
1839,hydroxide,18,13
1840,infer,18,18
1841,interactions,18,18
1842,intersections,18,18
1843,march,18,16
1844,meeting,18,13
1845,minor,18,17
1846,mount,18,8
1847,november,18,18
1848,occurrence,18,18
1849,outputs,18,15
1850,patient,18,9
1851,performance,18,15
1852,pistons,18,4
1853,proposed,18,18
1854,quantities,18,14
1855,quickly,18,18
1856,reduce,18,17
1857,reference,18,17
1858,regression,18,14
1859,regulator,18,17
1860,relevant,18,18
1861,removing,18,12
1862,resistances,18,18
1863,rim,18,13
1864,ripening,18,10
1865,running,18,15
1866,shift,18,14
1867,spacing,18,18
1868,started,18,17
1869,statistic,18,18
1870,stick,18,13
1871,street,18,8
1872,suburbs,18,14
1873,sums,18,14
1874,supplies,18,17
1875,systems,18,17
1876,tangency,18,17
1877,tarim,18,11
1878,transverse,18,17
1879,typical,18,18
1880,workers,18,14
1881,agglomeration,17,14
1882,birds,17,14
1883,breaks,17,10
1884,cloud,17,13
1885,community,17,16
1886,company,17,13
1887,comparing,17,17
1888,compressed,17,13
1889,conduct,17,17
1890,conducted,17,17
1891,dab,17,17
1892,describes,17,16
1893,differential,17,13
1894,dotted,17,15
1895,engine,17,9
1896,eof,17,16
1897,experience,17,16
1898,extract,17,10
1899,favorable,17,17
1900,feed,17,17
1901,fig,17,7
1902,flight,17,15
1903,geometric,17,13
1904,greatly,17,17
1905,herbivore,17,17
1906,hinge,17,8
1907,however,17,17
1908,hyperbolic,17,11
1909,include,17,17
1910,insect,17,15
1911,jiangsu,17,13
1912,latitudes,17,16
1913,look,17,16
1914,lost,17,15
1915,maps,17,14
1916,mechanism,17,14
1917,metres,17,13
1918,monochromatic,17,13
1919,months,17,16
1920,observatory,17,7
1921,obvious,17,17
1922,opamp,17,15
1923,operates,17,17
1924,orange,17,11
1925,pcr,17,12
1926,player,17,11
1927,precisely,17,17
1928,qinghai,17,9
1929,rates,17,15
1930,reactance,17,13
1931,refraction,17,11
1932,sampling,17,15
1933,service,17,14
1934,shandong,17,12
1935,smoothly,17,16
1936,spaced,17,16
1937,stacked,17,17
1938,swing,17,10
1939,symmetrical,17,17
1940,traits,17,12
1941,vector,17,13
1942,went,17,17
1943,10m,16,14
1944,abscissa,16,16
1945,accelerate,16,16
1946,accompanying,16,16
1947,administrative,16,13
1948,advantages,16,15
1949,airflow,16,14
1950,analytic,16,16
1951,april,16,12
1952,autonomous,16,15
1953,behind,16,15
1954,biological,16,12
1955,centimetres,16,16
1956,classified,16,12
1957,colliding,16,16
1958,columns,16,14
1959,computer,16,12
1960,connection,16,14
1961,created,16,16
1962,dec,16,15
1963,depends,16,16
1964,detection,16,14
1965,district,16,5
1966,division,16,10
1967,door,16,5
1968,economy,16,13
1969,equipment,16,14
1970,evacuated,16,16
1971,exceed,16,15
1972,exploration,16,14
1973,extensions,16,16
1974,filament,16,8
1975,fresh,16,10
1976,genotypes,16,14
1977,goods,16,8
1978,gradient,16,10
1979,hemispherical,16,9
1980,hint,16,15
1981,indicator,16,15
1982,inferred,16,16
1983,jumping,16,10
1984,laundry,16,4
1985,means,16,15
1986,mirror,16,12
1987,morning,16,14
1988,movable,16,15
1989,notices,16,15
1990,obc,16,16
1991,observer,16,5
1992,occurring,16,16
1993,oscillation,16,11
1994,oscillator,16,15
1995,outlet,16,10
1996,plans,16,16
1997,positioned,16,15
1998,prepared,16,16
1999,processes,16,16
2000,proportionality,16,14
2001,recorded,16,16
2002,reflective,16,4
2003,resistive,16,16
2004,reverse,16,12
2005,rows,16,14
2006,rubber,16,8
2007,satisfying,16,16
2008,score,16,13
2009,serial,16,13
2010,sets,16,15
2011,shenzhou,16,10
2012,shot,16,10
2013,significance,16,16
2014,spiral,16,7
2015,statistics,16,16
2016,stiffness,16,16
2017,structural,16,16
2018,synthesis,16,15
2019,tangents,16,16
2020,tennis,16,4
2021,throws,16,15
2022,thrust,16,10
2023,touching,16,16
2024,transformed,16,16
2025,trees,16,13
2026,undergoing,16,15
2027,variables,16,16
2028,vegetable,16,11
2029,worker,16,6
2030,yunnan,16,14
2031,zoning,16,16
2032,12v,15,15
2033,accelerations,15,15
2034,acute,15,13
2035,aefg,15,11
2036,anna,15,9
2037,astronaut,15,9
2038,autosomal,15,13
2039,avoid,15,12
2040,backboard,15,4
2041,bank,15,13
2042,beaker,15,7
2043,bec,15,14
2044,begin,15,14
2045,brick,15,11
2046,broken,15,14
2047,bug,15,7
2048,bullet,15,4
2049,cae,15,15
2050,catches,15,12
2051,chords,15,13
2052,closing,15,14
2053,collection,15,8
2054,consumers,15,13
2055,continue,15,15
2056,controlling,15,11
2057,corridor,15,10
2058,critical,15,11
2059,dense,15,12
2060,detected,15,11
2061,devices,15,12
2062,dimensional,15,15
2063,doing,15,14
2064,downstream,15,11
2065,droplets,15,7
2066,dust,15,9
2067,eac,15,13
2068,easily,15,14
2069,eat,15,14
2070,embankment,15,7
2071,evening,15,15
2072,evidence,15,13
2073,fibers,15,10
2074,fruits,15,6
2075,genotype,15,12
2076,going,15,15
2077,hall,15,6
2078,holds,15,15
2079,implemented,15,15
2080,independent,15,15
2081,independently,15,15
2082,insects,15,11
2083,installed,15,14
2084,led,15,12
2085,lift,15,13
2086,lima,15,7
2087,marks,15,12
2088,massless,15,15
2089,mathematical,15,14
2090,meets,15,14
2091,momentum,15,10
2092,mos,15,12
2093,mouse,15,14
2094,northeast,15,15
2095,nymph,15,13
2096,offspring,15,13
2097,operate,15,15
2098,oxide,15,14
2099,pab,15,15
2100,periodic,15,13
2101,petroleum,15,12
2102,phone,15,6
2103,presence,15,15
2104,probe,15,11
2105,provides,15,15
2106,pulleys,15,9
2107,push,15,13
2108,remove,15,11
2109,replaced,15,15
2110,resistivity,15,15
2111,rolling,15,12
2112,routes,15,15
2113,saw,15,13
2114,settlement,15,10
2115,showed,15,14
2116,sine,15,14
2117,sitting,15,10
2118,ski,15,9
2119,storage,15,12
2120,structures,15,15
2121,studied,15,15
2122,studying,15,15
2123,superconducting,15,6
2124,textile,15,11
2125,thyristor,15,7
2126,timing,15,15
2127,tributary,15,8
2128,trolley,15,5
2129,uncharged,15,15
2130,unshaded,15,15
2131,upstream,15,11
2132,vapor,15,13
2133,visible,15,13
2134,word,15,11
2135,writes,15,14
2136,yes,15,15
2137,allelic,14,8
2138,arrangement,14,13
2139,bands,14,9
2140,bandwidth,14,11
2141,baseband,14,13
2142,bef,14,14
2143,bode,14,13
2144,border,14,11
2145,bright,14,10
2146,brown,14,10
2147,capacitors,14,12
2148,cardiac,14,11
2149,cbe,14,12
2150,chi,14,14
2151,circumscribed,14,14
2152,colors,14,13
2153,competent,14,7
2154,composite,14,12
2155,compression,14,11
2156,converted,14,12
2157,costs,14,12
2158,crosswalk,14,3
2159,cuts,14,13
2160,cutting,14,11
2161,decompose,14,14
2162,drew,14,14
2163,eggs,14,11
2164,electrode,14,9
2165,elongation,14,10
2166,export,14,9
2167,farthest,14,13
2168,few,14,14
2169,fiber,14,12
2170,filling,14,13
2171,fine,14,14
2172,fishing,14,7
2173,folds,14,13
2174,follow,14,14
2175,gates,14,12
2176,gently,14,12
2177,geography,14,14
2178,groundwater,14,11
2179,hairless,14,3
2180,hereditary,14,11
2181,improve,14,14
2182,incidence,14,11
2183,india,14,12
2184,interest,14,14
2185,introduced,14,13
2186,inverting,14,12
2187,investigate,14,14
2188,kangaroos,14,7
2189,keeps,14,14
2190,kilometer,14,12
2191,kingdom,14,11
2192,lighter,14,9
2193,losses,14,13
2194,mainland,14,11
2195,maintains,14,12
2196,matches,14,12
2197,members,14,10
2198,mhz,14,10
2199,minute,14,11
2200,monkey,14,4
2201,mutual,14,14
2202,navigation,14,12
2203,nearly,14,14
2204,neutral,14,14
2205,permafrost,14,7
2206,phenotypes,14,10
2207,planned,14,14
2208,policy,14,10
2209,pollen,14,9
2210,pool,14,5
2211,potentials,14,13
2212,previous,14,13
2213,problems,14,14
2214,realized,14,14
2215,reducing,14,10
2216,referred,14,14
2217,respective,14,14
2218,rocket,14,8
2219,rolled,14,14
2220,rolls,14,14
2221,satellites,14,10
2222,scales,14,10
2223,separately,14,14
2224,sized,14,14
2225,spot,14,11
2226,strategy,14,13
2227,strongest,14,14
2228,subjected,14,13
2229,sunshine,14,9
2230,swings,14,12
2231,taut,14,11
2232,throwing,14,9
2233,tons,14,11
2234,tropical,14,12
2235,vegetables,14,12
2236,week,14,12
2237,weights,14,8
2238,yield,14,11
2239,ability,13,12
2240,absorption,13,7
2241,adding,13,13
2242,affects,13,13
2243,antarctic,13,13
2244,aquatic,13,12
2245,aspect,13,13
2246,associated,13,11
2247,astronomical,13,8
2248,barrel,13,6
2249,becoming,13,11
2250,bigger,13,11
2251,biggest,13,13
2252,brain,13,12
2253,breeding,13,11
2254,bring,13,13
2255,canada,13,9
2256,catch,13,12
2257,cents,13,4
2258,chose,13,7
2259,complex,13,11
2260,conduction,13,11
2261,contents,13,13
2262,daytime,13,13
2263,deep,13,13
2264,deposition,13,12
2265,differentiation,13,12
2266,dining,13,3
2267,dipole,13,7
2268,dissipation,13,10
2269,drought,13,8
2270,emission,13,12
2271,entered,13,12
2272,equations,13,13
2273,eventually,13,13
2274,fan,13,5
2275,flying,13,11
2276,football,13,5
2277,further,13,13
2278,gold,13,8
2279,han,13,8
2280,heights,13,11
2281,hollow,13,12
2282,home,13,11
2283,incenter,13,13
2284,inextensible,13,13
2285,intermolecular,13,13
2286,joule,13,13
2287,lights,13,10
2288,lithosphere,13,11
2289,logo,13,8
2290,mars,13,4
2291,measurements,13,13
2292,medians,13,13
2293,mother,13,8
2294,norway,13,5
2295,npn,13,12
2296,odd,13,12
2297,own,13,12
2298,partially,13,11
2299,permeability,13,11
2300,placing,13,13
2301,png,13,13
2302,projection,13,11
2303,reasons,13,13
2304,remote,13,12
2305,rocks,13,13
2306,rst,13,12
2307,run,13,12
2308,salt,13,9
2309,sampled,13,11
2310,seasons,13,13
2311,sec,13,11
2312,selection,13,12
2313,significantly,13,12
2314,situated,13,13
2315,soft,13,13
2316,southwest,13,13
2317,spokes,13,7
2318,statements,13,12
2319,sulfate,13,11
2320,surrounded,13,11
2321,teacher,13,12
2322,territory,13,13
2323,thereby,13,13
2324,therefore,13,13
2325,tibet,13,10
2326,tile,13,10
2327,trisection,13,12
2328,trunk,13,7
2329,versus,13,13
2330,x0008,13,12
2331,xiaoming,13,11
2332,abf,12,11
2333,actively,12,12
2334,adjoining,12,12
2335,allele,12,8
2336,american,12,11
2337,amusement,12,12
2338,arid,12,10
2339,artificial,12,12
2340,atm,12,11
2341,bae,12,12
2342,baf,12,12
2343,bars,12,5
2344,became,12,10
2345,biased,12,12
2346,billboard,12,3
2347,bits,12,11
2348,bohai,12,8
2349,books,12,5
2350,bounces,12,12
2351,boundaries,12,8
2352,boxes,12,7
2353,branches,12,11
2354,brazil,12,9
2355,bricks,12,7
2356,cdb,12,11
2357,century,12,12
2358,circuited,12,11
2359,conclusion,12,12
2360,confidence,12,12
2361,count,12,11
2362,crane,12,6
2363,crosses,12,7
2364,cultivation,12,12
2365,curvature,12,7
2366,darth,12,3
2367,depict,12,12
2368,desert,12,12
2369,diamond,12,12
2370,differ,12,12
2371,doping,12,7
2372,drainage,12,11
2373,drops,12,11
2374,exert,12,9
2375,explore,12,12
2376,exposed,12,10
2377,fastest,12,12
2378,february,12,12
2379,fed,12,12
2380,finite,12,11
2381,fountain,12,3
2382,fringe,12,9
2383,got,12,4
2384,grape,12,8
2385,grasshopper,12,12
2386,gun,12,10
2387,him,12,9
2388,hold,12,11
2389,hybridization,12,9
2390,income,12,8
2391,inductive,12,12
2392,influencing,12,12
2393,inherited,12,12
2394,instead,12,12
2395,internally,12,8
2396,jilin,12,7
2397,john,12,7
2398,judged,12,12
2399,laboratory,12,10
2400,lander,12,6
2401,larva,12,11
2402,leg,12,11
2403,link,12,11
2404,loess,12,9
2405,lossless,12,12
2406,magic,12,8
2407,measurement,12,12
2408,metabolic,12,10
2409,mouth,12,10
2410,municipality,12,8
2411,nyquist,12,8
2412,observe,12,12
2413,oleic,12,2
2414,paint,12,7
2415,pearl,12,10
2416,performs,12,12
2417,phenotype,12,8
2418,planes,12,11
2419,producers,12,12
2420,prove,12,12
2421,railways,12,9
2422,ranging,12,12
2423,reciprocal,12,10
2424,reflection,12,11
2425,ride,12,7
2426,roads,12,10
2427,rpm,12,8
2428,said,12,11
2429,sandstorms,12,8
2430,seat,12,9
2431,sensor,12,10
2432,shaft,12,9
2433,shooting,12,10
2434,sichuan,12,9
2435,solubility,12,12
2436,stand,12,8
2437,status,12,12
2438,stones,12,6
2439,substrate,12,12
2440,sucrose,12,5
2441,switches,12,12
2442,tail,12,10
2443,trapezoids,12,9
2444,trigger,12,10
2445,triggered,12,11
2446,trophic,12,9
2447,vader,12,3
2448,valves,12,6
2449,walking,12,12
2450,warm,12,11
2451,waveforms,12,11
2452,wings,12,7
2453,2bc,11,11
2454,2nd,11,10
2455,abcdefgh,11,10
2456,abp,11,11
2457,absolute,11,10
2458,aco,11,7
2459,adjusting,11,10
2460,admittance,11,11
2461,aecf,11,9
2462,airbag,11,2
2463,airport,11,5
2464,annulus,11,4
2465,antarctica,11,11
2466,approaches,11,11
2467,ascent,11,9
2468,asia,11,11
2469,assembled,11,11
2470,balloons,11,7
2471,basis,11,11
2472,bca,11,11
2473,began,11,11
2474,bending,11,9
2475,beq,11,11
2476,beside,11,11
2477,bisecting,11,10
2478,bjt,11,8
2479,brake,11,10
2480,break,11,8
2481,bridges,11,7
2482,bubble,11,2
2483,buffer,11,9
2484,cardboard,11,4
2485,cathode,11,9
2486,cdf,11,11
2487,chromatography,11,7
2488,clothing,11,9
2489,cof,11,11
2490,coleoptile,11,3
2491,commodity,11,7
2492,commonly,11,11
2493,competition,11,10
2494,cooling,11,5
2495,correlation,11,10
2496,cosmic,11,9
2497,dcb,11,10
2498,decomposition,11,10
2499,deer,11,11
2500,delivered,11,11
2501,demonstration,11,11
2502,denotes,11,11
2503,derive,11,10
2504,detergent,11,4
2505,dictionary,11,1
2506,disc,11,6
2507,discovered,11,11
2508,discrete,11,11
2509,display,11,8
2510,dropped,11,7
2511,ead,11,11
2512,eastward,11,8
2513,edc,11,9
2514,enamel,11,4
2515,encloses,11,10
2516,equipped,11,11
2517,escape,11,4
2518,eta,11,11
2519,exam,11,9
2520,excited,11,11
2521,exiting,11,9
2522,experiments,11,11
2523,faced,11,11
2524,feature,11,11
2525,fitted,11,11
2526,fluorescent,11,10
2527,foreign,11,10
2528,freight,11,8
2529,frequencies,11,10
2530,fringes,11,5
2531,generating,11,11
2532,goalkeeper,11,5
2533,grassland,11,11
2534,grow,11,10
2535,guizhou,11,10
2536,hot,11,6
2537,includes,11,11
2538,inflow,11,10
2539,international,11,11
2540,isolines,11,11
2541,jiuquan,11,9
2542,judging,11,11
2543,landscapes,11,11
2544,lily,11,5
2545,links,11,9
2546,logistics,11,7
2547,margin,11,10
2548,minimal,11,10
2549,missing,11,11
2550,motorcycle,11,3
2551,mutation,11,11
2552,newly,11,11
2553,nor,11,11
2554,nuclear,11,9
2555,nucleus,11,9
2556,ocd,11,8
2557,ohm,11,10
2558,ones,11,10
2559,ordered,11,9
2560,oscillations,11,9
2561,outline,11,8
2562,page,11,10
2563,peat,11,2
2564,photographer,11,7
2565,phylogenetic,11,8
2566,prey,11,11
2567,promote,11,11
2568,protons,11,9
2569,public,11,10
2570,pumps,11,5
2571,purely,11,10
2572,purpose,11,11
2573,quadrants,11,10
2574,quantum,11,4
2575,rapidly,11,11
2576,regulated,11,9
2577,regulation,11,9
2578,relocation,11,5
2579,rendezvous,11,8
2580,rent,11,11
2581,report,11,9
2582,ridge,11,9
2583,rising,11,11
2584,roll,11,9
2585,rural,11,11
2586,sequential,11,11
2587,shared,11,11
2588,shares,11,9
2589,slightly,11,11
2590,snail,11,7
2591,southeastern,11,11
2592,special,11,11
2593,stars,11,7
2594,stuck,11,11
2595,sugar,11,10
2596,supports,11,7
2597,tensions,11,10
2598,theory,11,8
2599,thus,11,11
2600,tomato,11,5
2601,trade,11,10
2602,traditional,11,10
2603,varieties,11,9
2604,variety,11,8
2605,want,11,8
2606,wine,11,6
2607,withstand,11,9
2608,xyz,11,10
2609,young,11,11
2610,100m,10,9
2611,10v,10,10
2612,314t,10,7
2613,aba,10,3
2614,absorbs,10,10
2615,accident,10,10
2616,achieved,10,10
2617,adam,10,5
2618,aeb,10,10
2619,afb,10,10
2620,afc,10,10
2621,allowing,10,10
2622,allows,10,10
2623,although,10,10
2624,analyzed,10,10
2625,answers,10,9
2626,arctic,10,9
2627,argon,10,5
2628,arms,10,7
2629,asymptotic,10,10
2630,atlantic,10,10
2631,autumn,10,8
2632,bof,10,10
2633,book,10,6
2634,brightness,10,10
2635,brought,10,10
2636,cake,10,5
2637,call,10,10
2638,cat,10,5
2639,cbf,10,9
2640,ch3ch,10,7
2641,chloride,10,6
2642,chopper,10,9
2643,circuits,10,10
2644,coleoptiles,10,3
2645,coming,10,10
2646,communication,10,9
2647,cord,10,10
2648,cubical,10,7
2649,cuno,10,10
2650,darts,10,8
2651,declined,10,10
2652,departments,10,9
2653,dependence,10,10
2654,depicts,10,10
2655,desired,10,8
2656,desorption,10,2
2657,diaoyu,10,6
2658,displaced,10,7
2659,diurnal,10,9
2660,dividing,10,10
2661,diving,10,5
2662,dollars,10,9
2663,dome,10,4
2664,domestic,10,9
2665,drying,10,3
2666,dryness,10,4
2667,eab,10,10
2668,efc,10,8
2669,employees,10,7
2670,eod,10,10
2671,establish,10,10
2672,european,10,8
2673,extremely,10,10
2674,fifth,10,10
2675,fills,10,9
2676,flask,10,3
2677,gdp,10,5
2678,geostationary,10,5
2679,glasses,10,3
2680,glue,10,5
2681,grows,10,8
2682,hands,10,5
2683,helium,10,8
2684,help,10,10
2685,highly,10,10
2686,hpa,10,10
2687,hundred,10,10
2688,hypothesis,10,9
2689,images,10,8
2690,implement,10,10
2691,included,10,10
2692,inheritance,10,8
2693,inserted,10,7
2694,intensities,10,8
2695,interface,10,10
2696,intervals,10,10
2697,isobars,10,10
2698,jklm,10,10
2699,kunming,10,10
2700,laptop,10,5
2701,lateral,10,10
2702,lens,10,5
2703,locks,10,9
2704,males,10,8
2705,manner,10,10
2706,migrant,10,7
2707,mining,10,8
2708,modes,10,10
2709,moisture,10,7
2710,monsoon,10,10
2711,mosfet,10,7
2712,motionless,10,9
2713,nacl,10,6
2714,narrow,10,9
2715,neighbours,10,5
2716,nodes,10,9
2717,obviously,10,10
2718,package,10,2
2719,passage,10,8
2720,paul,10,6
2721,peptide,10,8
2722,permittivity,10,8
2723,phenomena,10,9
2724,pictures,10,8
2725,planks,10,3
2726,pointed,10,10
2727,produces,10,10
2728,propagates,10,9
2729,pushed,10,10
2730,raindrop,10,2
2731,rainy,10,9
2732,raised,10,10
2733,rapeseed,10,3
2734,rather,10,10
2735,receiving,10,9
2736,records,10,10
2737,reflex,10,8
2738,relaxed,10,7
2739,releases,10,9
2740,replace,10,10
2741,residues,10,4
2742,rides,10,6
2743,rightward,10,9
2744,roller,10,4
2745,russia,10,9
2746,safely,10,8
2747,samples,10,9
2748,saturated,10,9
2749,scheme,10,9
2750,select,10,9
2751,separates,10,8
2752,sequentially,10,10
2753,serve,10,10
2754,sex,10,9
2755,shale,10,9
2756,sharks,10,7
2757,shore,10,8
2758,simplicity,10,10
2759,sky,10,10
2760,sleeved,10,9
2761,slow,10,10
2762,snakes,10,10
2763,sofa,10,2
2764,somewhat,10,7
2765,soybean,10,6
2766,spectrometer,10,10
2767,spinning,10,10
2768,squared,10,10
2769,stabilization,10,8
2770,stack,10,6
2771,subsequently,10,10
2772,suburban,10,7
2773,successively,10,8
2774,sufficient,10,10
2775,super,10,3
2776,taiwan,10,9
2777,tertiary,10,10
2778,testing,10,9
2779,theorem,10,10
2780,thevenin,10,10
2781,thousand,10,10
2782,tightly,10,10
2783,tip,10,8
2784,toothpicks,10,4
2785,training,10,8
2786,transformers,10,10
2787,transported,10,10
2788,trapezium,10,7
2789,tray,10,6
2790,trip,10,10
2791,truth,10,8
2792,tungsten,10,4
2793,turbine,10,3
2794,twelve,10,7
2795,unfolded,10,10
2796,universe,10,6
2797,virtual,10,6
2798,volcanic,10,8
2799,wanted,10,8
2800,weigh,10,8
2801,wrapped,10,8
2802,wrote,10,10
2803,wuhan,10,7
2804,yeast,10,4
2805,accounts,9,8
2806,accumulated,9,6
2807,acf,9,9
2808,adithya,9,3
2809,adjust,9,9
2810,afe,9,9
2811,aged,9,5
2812,ants,9,7
2813,approximated,9,9
2814,arch,9,4
2815,arrives,9,9
2816,atomic,9,9
2817,automatic,9,9
2818,ayding,9,3
2819,bamboo,9,5
2820,beetle,9,9
2821,benefit,9,9
2822,bisect,9,9
2823,blowing,9,7
2824,bush,9,5
2825,button,9,7
2826,cancer,9,5
2827,cef,9,9
2828,charging,9,4
2829,chooses,9,7
2830,chute,9,1
2831,cmos,9,9
2832,cob,9,9
2833,combinations,9,8
2834,conductivity,9,9
2835,conductors,9,5
2836,consistent,9,8
2837,constraint,9,9
2838,coulomb,9,9
2839,counted,9,9
2840,covers,9,8
2841,crawls,9,7
2842,crossbeam,9,3
2843,curling,9,2
2844,department,9,8
2845,depend,9,9
2846,derivative,9,9
2847,deviates,9,9
2848,differentiable,9,9
2849,dissolved,9,4
2850,distilled,9,9
2851,drives,9,9
2852,elapsed,9,8
2853,elderly,9,6
2854,electrodes,9,8
2855,emit,9,9
2856,entries,9,6
2857,evaluate,9,8
2858,event,9,8
2859,excellent,9,9
2860,excess,9,8
2861,existing,9,9
2862,extinct,9,9
2863,eyes,9,7
2864,faster,9,9
2865,features,9,9
2866,fence,9,4
2867,flasks,9,7
2868,fleshed,9,2
2869,fragment,9,6
2870,freezing,9,8
2871,friends,9,4
2872,fujian,9,9
2873,gaps,9,6
2874,generations,9,8
2875,glacier,9,5
2876,gland,9,7
2877,goldfish,9,4
2878,government,9,9
2879,gpcr,9,5
2880,grams,9,7
2881,granite,9,6
2882,greenland,9,4
2883,guangdong,9,7
2884,guiding,9,6
2885,holding,9,8
2886,homogeneous,9,9
2887,iaa,9,3
2888,imaginary,9,9
2889,indicating,9,9
2890,inhibition,9,6
2891,insulin,9,4
2892,isobar,9,9
2893,isotope,9,8
2894,karnaugh,9,8
2895,kunlun,9,8
2896,labels,9,8
2897,laplace,9,9
2898,lead,9,9
2899,lhasa,9,5
2900,listed,9,9
2901,locus,9,7
2902,london,9,8
2903,looks,9,9
2904,luminous,9,5
2905,maintaining,9,9
2906,management,9,9
2907,manages,9,9
2908,maria,9,9
2909,match,9,7
2910,mineral,9,9
2911,mostly,9,9
2912,moths,9,3
2913,multinational,9,5
2914,multiplexer,9,9
2915,nearby,9,9
2916,neither,9,9
2917,nominal,9,9
2918,opens,9,6
2919,oscilloscope,9,7
2920,otherwise,9,9
2921,parabolic,9,7
2922,parents,9,9
2923,particulate,9,9
2924,peninsula,9,7
2925,pentagons,9,6
2926,peru,9,6
2927,physics,9,9
2928,pin,9,7
2929,pipes,9,2
2930,pivot,9,9
2931,plains,9,7
2932,planted,9,8
2933,prominent,9,9
2934,protective,9,7
2935,protractor,9,7
2936,pupa,9,9
2937,puts,9,8
2938,rabbit,9,9
2939,radians,9,7
2940,radio,9,7
2941,rare,9,6
2942,rating,9,8
2943,rectilinear,9,9
2944,referring,9,9
2945,reproductive,9,9
2946,rests,9,9
2947,returned,9,8
2948,rightmost,9,5
2949,rna,9,9
2950,roots,9,9
2951,rose,9,8
2952,rule,9,9
2953,ruler,9,8
2954,safe,9,7
2955,sales,9,5
2956,salinity,9,8
2957,scenario,9,8
2958,scr,9,4
2959,seedlings,9,7
2960,selector,9,4
2961,sheets,9,7
2962,shishi,9,3
2963,skateboard,9,2
2964,slip,9,9
2965,slipping,9,8
2966,sochi,9,3
2967,social,9,9
2968,spinal,9,5
2969,stain,9,5
2970,starch,9,4
2971,stay,9,9
2972,storehouse,9,3
2973,stretched,9,7
2974,subsequent,9,9
2975,successful,9,9
2976,successive,9,9
2977,summarized,9,9
2978,surroundings,9,6
2979,sustainable,9,9
2980,tap,9,5
2981,teaching,9,3
2982,technical,9,9
2983,temperate,9,9
2984,tengchong,9,6
2985,text,9,8
2986,thailand,9,6
2987,threaded,9,9
2988,throw,9,7
2989,tiled,9,6
2990,tom,9,6
2991,tourists,9,7
2992,traced,9,9
2993,treat,9,9
2994,treatment,9,8
2995,try,9,9
2996,tunnel,9,5
2997,underground,9,9
2998,underwater,9,6
2999,varying,9,8
3000,volcano,9,7
3001,weighing,9,8
3002,wilderness,9,3
3003,xijiang,9,3
3004,yuan,9,7
3005,zhongshan,9,6
3006,10k,8,8
3007,1st,8,5
3008,20x,8,6
3009,2ad,8,8
3010,abundant,8,8
3011,accurate,8,8
3012,activated,8,7
3013,adjustment,8,8
3014,adopted,8,8
3015,albinism,8,4
3016,alcohol,8,5
3017,algebraic,8,8
3018,allocation,8,6
3019,allow,8,8
3020,alternately,8,8
3021,altitudes,8,8
3022,amn,8,7
3023,apex,8,8
3024,apogee,8,6
3025,appeared,8,8
3026,armature,8,4
3027,arrange,8,7
3028,art,8,3
3029,asian,8,7
3030,athens,8,6
3031,beds,8,4
3032,besides,8,8
3033,biology,8,8
3034,biomass,8,5
3035,birthday,8,6
3036,blades,8,4
3037,boost,8,7
3038,booth,8,3
3039,bow,8,6
3040,boxplots,8,5
3041,breakdown,8,8
3042,buck,8,7
3043,calcium,8,4
3044,cape,8,4
3045,ced,8,8
3046,chips,8,4
3047,cmhg,8,5
3048,collinear,8,7
3049,comprehensive,8,8
3050,condensation,8,8
3051,coniferous,8,6
3052,continents,8,7
3053,continued,8,8
3054,contract,8,4
3055,conversion,8,8
3056,darkness,8,6
3057,dbce,8,8
3058,dbe,8,7
3059,decline,8,7
3060,decreasing,8,8
3061,deflected,8,7
3062,denmark,8,7
3063,denote,8,8
3064,depression,8,6
3065,dob,8,8
3066,dragonfly,8,8
3067,drilled,8,7
3068,driven,8,8
3069,drosophila,8,1
3070,dye,8,2
3071,dynamics,8,8
3072,dynasty,8,8
3073,efg,8,7
3074,electromagnet,8,4
3075,enclosure,8,2
3076,engaged,8,8
3077,eroded,8,6
3078,establishing,8,8
3079,evenly,8,7
3080,exceeds,8,8
3081,except,8,8
3082,excitation,8,8
3083,existence,8,8
3084,explanation,8,8
3085,eyed,8,3
3086,eyeless,8,2
3087,farmer,8,3
3088,farming,8,8
3089,feeding,8,8
3090,fewer,8,8
3091,fire,8,5
3092,firing,8,7
3093,fragments,8,6
3094,furnace,8,3
3095,gains,8,8
3096,garbage,8,3
3097,gev,8,1
3098,glued,8,7
3099,glume,8,2
3100,grounded,8,7
3101,hainan,8,4
3102,harbin,8,7
3103,headquarters,8,7
3104,hectares,8,8
3105,heihe,8,4
3106,hemispheres,8,5
3107,henan,8,6
3108,hexagonal,8,6
3109,hexi,8,5
3110,hidden,8,6
3111,hillside,8,5
3112,historical,8,7
3113,horse,8,7
3114,humidity,8,8
3115,hypothetical,8,8
3116,idea,8,8
3117,illuminated,8,6
3118,image2,8,8
3119,infection,8,6
3120,infinity,8,4
3121,inhalable,8,8
3122,inland,8,8
3123,insert,8,8
3124,integral,8,6
3125,integrated,8,8
3126,intersected,8,8
3127,involves,8,8
3128,isolated,8,8
3129,isoline,8,8
3130,jack,8,2
3131,jkl,8,7
3132,kanga,8,3
3133,lack,8,8
3134,laws,8,8
3135,lifting,8,7
3136,ligase,8,3
3137,lighthouse,8,3
3138,limiting,8,8
3139,list,8,6
3140,live,8,8
3141,living,8,8
3142,locally,8,8
3143,lorentz,8,7
3144,mature,8,8
3145,megacity,8,8
3146,melting,8,6
3147,mnpq,8,7
3148,monitored,8,8
3149,mosquito,8,8
3150,mover,8,1
3151,naturally,8,8
3152,nature,8,8
3153,necessarily,8,8
3154,needle,8,5
3155,never,8,8
3156,nitrogen,8,8
3157,notation,8,7
3158,nozzle,8,5
3159,nutrients,8,7
3160,observing,8,8
3161,occupied,8,8
3162,olympics,8,7
3163,operations,8,7
3164,optical,8,8
3165,ordinate,8,8
3166,organizes,8,8
3167,overcome,8,8
3168,partition,8,2
3169,pedestrian,8,3
3170,perfume,8,2
3171,phases,8,7
3172,physiological,8,8
3173,pigment,8,6
3174,planets,8,3
3175,plasma,8,6
3176,plastic,8,6
3177,plotted,8,8
3178,pointer,8,4
3179,polarity,8,8
3180,pollution,8,6
3181,polygons,8,8
3182,powered,8,8
3183,pressed,8,8
3184,properties,8,8
3185,qatar,8,3
3186,radian,8,6
3187,register,8,5
3188,relay,8,6
3189,repeated,8,8
3190,require,8,7
3191,requirements,8,8
3192,residents,8,7
3193,rhombuses,8,4
3194,ripened,8,8
3195,rodents,8,6
3196,rowing,8,3
3197,rules,8,8
3198,sat,8,8
3199,seal,8,8
3200,secretion,8,5
3201,semester,8,2
3202,sensitive,8,8
3203,severe,8,8
3204,shanxi,8,8
3205,shoots,8,8
3206,shortage,8,8
3207,silk,8,5
3208,sits,8,8
3209,sixth,8,8
3210,skin,8,4
3211,slab,8,5
3212,sliders,8,2
3213,someone,8,8
3214,southward,8,8
3215,spin,8,2
3216,spray,8,4
3217,staircase,8,4
3218,stimulated,8,4
3219,stopcocks,8,6
3220,strain,8,4
3221,strikes,8,7
3222,sulfur,8,8
3223,swinging,8,7
3224,switched,8,8
3225,tables,8,4
3226,tangentially,8,8
3227,tape,8,3
3228,testosterone,8,5
3229,tests,8,5
3230,thicker,8,8
3231,tilted,8,5
3232,timer,8,8
3233,toy,8,7
3234,transconductance,8,8
3235,transgenic,8,4
3236,transpiration,8,7
3237,triggering,8,8
3238,undertaking,8,6
3239,underwent,8,8
3240,union,8,8
3241,unique,8,8
3242,universal,8,6
3243,unstable,8,7
3244,utility,8,1
3245,valid,8,8
3246,venus,8,2
3247,vibrate,8,6
3248,visit,8,8
3249,volcanoes,8,7
3250,warning,8,6
3251,watershed,8,8
3252,weighs,8,6
3253,widely,8,8
3254,zhejiang,8,7
3255,zonal,8,8
3256,zooplankton,8,5
3257,2cd,7,7
3258,3ax,7,7
3259,3rd,7,7
3260,acc,7,3
3261,accelerator,7,6
3262,acetic,7,5
3263,acre,7,7
3264,adder,7,2
3265,additionally,7,7
3266,address,7,6
3267,adds,7,7
3268,adiabatic,7,7
3269,adjustable,7,7
3270,aging,7,3
3271,ago,7,7
3272,alexandria,7,2
3273,america,7,6
3274,ammeters,7,5
3275,analog,7,7
3276,ancestral,7,7
3277,anode,7,7
3278,antibiotic,7,7
3279,aobc,7,5
3280,ape,7,7
3281,apparent,7,6
3282,appliance,7,5
3283,aqueous,7,7
3284,arabidopsis,7,6
3285,arbitrary,7,7
3286,arithmetic,7,4
3287,ask,7,7
3288,association,7,7
3289,australia,7,6
3290,background,7,7
3291,badge,7,3
3292,banks,7,7
3293,bay,7,5
3294,bced,7,7
3295,bcf,7,7
3296,bda,7,7
3297,beams,7,5
3298,bedf,7,5
3299,beidou,7,4
3300,billiard,7,5
3301,blast,7,4
3302,blocked,7,5
3303,bodies,7,6
3304,bounce,7,6
3305,bouncing,7,7
3306,bound,7,7
3307,bowl,7,4
3308,bpc,7,7
3309,brand,7,6
3310,business,7,5
3311,came,7,7
3312,capita,7,7
3313,carbonic,7,7
3314,care,7,7
3315,carriers,7,5
3316,carts,7,3
3317,caught,7,4
3318,causal,7,7
3319,ceq,7,7
3320,cherenkov,7,1
3321,chip,7,5
3322,chocolate,7,4
3323,collapse,7,4
3324,collided,7,6
3325,colonies,7,5
3326,complementary,7,7
3327,connects,7,7
3328,conservancy,7,4
3329,contestant,7,1
3330,continuing,7,7
3331,conventional,7,7
3332,council,7,7
3333,couple,7,5
3334,covering,7,7
3335,daylight,7,7
3336,dca,7,6
3337,decelerates,7,6
3338,decided,7,7
3339,decision,7,5
3340,decomposer,7,7
3341,deflect,7,7
3342,delays,7,6
3343,densities,7,7
3344,descends,7,7
3345,detect,7,7
3346,detector,7,2
3347,diagonally,7,7
3348,difficulty,7,7
3349,dimers,7,5
3350,dish,7,5
3351,disinfection,7,2
3352,disks,7,2
3353,displays,7,6
3354,dissociation,7,7
3355,distant,7,7
3356,doc,7,7
3357,doctors,7,3
3358,dog,7,5
3359,dusk,7,6
3360,eaf,7,7
3361,earthworms,7,3
3362,ecf,7,6
3363,education,7,7
3364,effectively,7,7
3365,eighth,7,5
3366,employment,7,7
3367,energies,7,7
3368,entirely,7,7
3369,eratosthenes,7,2
3370,everywhere,7,7
3371,exceeded,7,7
3372,excessive,7,7
3373,exerts,7,5
3374,expansion,7,5
3375,expedition,7,6
3376,exploring,7,7
3377,extracts,7,7
3378,farther,7,7
3379,finish,7,6
3380,forests,7,7
3381,france,7,4
3382,gaussian,7,7
3383,generate,7,7
3384,generates,7,7
3385,grains,7,5
3386,graphed,7,7
3387,guangxi,7,7
3388,guppies,7,3
3389,hairy,7,3
3390,handle,7,4
3391,hanging,7,7
3392,hangs,7,6
3393,hard,7,5
3394,harvesting,7,7
3395,hawk,7,7
3396,healthy,7,5
3397,hearts,7,4
3398,helicopter,7,5
3399,highways,7,6
3400,homologous,7,6
3401,immediate,7,7
3402,incircle,7,6
3403,indian,7,7
3404,indicators,7,7
3405,indices,7,7
3406,inertia,7,7
3407,intercity,7,3
3408,invest,7,7
3409,joins,7,7
3410,journey,7,7
3411,jupiter,7,2
3412,kick,7,6
3413,lamps,7,4
3414,lightweight,7,7
3415,lives,7,6
3416,locomotion,7,6
3417,lti,7,7
3418,luggage,7,1
3419,lungs,7,6
3420,mat,7,2
3421,matched,7,6
3422,matchsticks,7,4
3423,member,7,6
3424,mentioned,7,5
3425,metamorphosis,7,7
3426,mev,7,3
3427,microsatellite,7,1
3428,mitochondria,7,4
3429,mongolia,7,7
3430,mountainous,7,7
3431,municipalities,7,6
3432,mutually,7,7
3433,nail,7,6
3434,neon,7,5
3435,nmos,7,7
3436,notch,7,4
3437,notches,7,4
3438,noticed,7,6
3439,oasis,7,6
3440,objective,7,7
3441,obliquely,7,7
3442,obstacle,7,5
3443,obstacles,7,5
3444,obtains,7,7
3445,olympic,7,7
3446,orbiting,7,6
3447,ore,7,4
3448,outflow,7,7
3449,overcoming,7,6
3450,pathogenic,7,7
3451,pbcl,7,3
3452,pbi,7,3
3453,perfect,7,6
3454,perigee,7,5
3455,petrochemical,7,5
3456,photos,7,5
3457,phytoplankton,7,7
3458,pilot,7,3
3459,playing,7,7
3460,polarized,7,5
3461,pollutant,7,5
3462,pollutants,7,7
3463,poor,7,7
3464,posture,7,3
3465,presented,7,7
3466,prior,7,7
3467,profiles,7,7
3468,progresses,7,7
3469,pulp,7,7
3470,purify,7,4
3471,purple,7,4
3472,puzzle,7,3
3473,qrst,7,7
3474,radial,7,7
3475,rainstorm,7,4
3476,rainwater,7,5
3477,raise,7,7
3478,reactions,7,7
3479,realize,7,7
3480,rebounds,7,6
3481,recording,7,3
3482,refracted,7,6
3483,repeating,7,7
3484,requires,7,7
3485,restore,7,7
3486,riverbank,7,5
3487,roo,7,3
3488,roundabout,7,2
3489,sailing,7,7
3490,saline,7,7
3491,salinization,7,7
3492,sarah,7,2
3493,satisfied,7,7
3494,scatter,7,7
3495,seasonally,7,5
3496,seats,7,5
3497,sectors,7,6
3498,security,7,7
3499,services,7,7
3500,sewer,7,3
3501,shading,7,5
3502,shorted,7,5
3503,shouguang,7,4
3504,silo,7,2
3505,silver,7,5
3506,similitude,7,6
3507,simplest,7,7
3508,sin,7,7
3509,situations,7,6
3510,slopes,7,6
3511,snake,7,6
3512,soap,7,2
3513,solute,7,2
3514,sowing,7,4
3515,specialized,7,4
3516,spent,7,5
3517,splits,7,5
3518,stamps,7,3
3519,sticks,7,6
3520,stopped,7,7
3521,strata,7,6
3522,streets,7,5
3523,supplying,7,7
3524,supported,7,7
3525,sweet,7,7
3526,tablecloth,7,3
3527,tall,7,6
3528,temple,7,3
3529,tested,7,7
3530,tetrahedron,7,6
3531,thermally,7,7
3532,tianzhou,7,4
3533,ton,7,6
3534,topmost,7,7
3535,transit,7,7
3536,travelling,7,6
3537,tried,7,7
3538,trout,7,7
3539,underlying,7,6
3540,understand,7,7
3541,undistorted,7,7
3542,unequal,7,7
3543,unreasonable,7,7
3544,variability,7,5
3545,vessel,7,5
3546,vial,7,7
3547,vibrating,7,6
3548,viewing,7,5
3549,vigorously,7,7
3550,visual,7,5
3551,washing,7,4
3552,waste,7,7
3553,wetland,7,5
3554,widespread,7,7
3555,xor,7,6
3556,yellowed,7,2
3557,yulin,7,5
3558,18th,6,6
3559,1970s,6,6
3560,20th,6,6
3561,2bd,6,6
3562,4mm,6,4
3563,5cm,6,5
3564,5th,6,5
3565,aabb,6,2
3566,abnormal,6,6
3567,abscisic,6,4
3568,account,6,6
3569,accounted,6,6
3570,act,6,6
3571,actually,6,6
3572,afterward,6,6
3573,ages,6,3
3574,alternator,6,5
3575,ancestor,6,4
3576,antisense,6,2
3577,anywhere,6,6
3578,aof,6,6
3579,apc,6,6
3580,apparatus,6,5
3581,appearance,6,6
3582,applying,6,6
3583,approximation,6,6
3584,aridity,6,2
3585,arrived,6,6
3586,assembly,6,5
3587,attain,6,5
3588,bag,6,3
3589,bags,6,3
3590,bcde,6,5
3591,bearing,6,6
3592,believed,6,6
3593,bell,6,2
3594,benefits,6,5
3595,bfc,6,6
3596,binding,6,6
3597,biprism,6,1
3598,boards,6,3
3599,bpd,6,6
3600,brands,6,2
3601,brighter,6,6
3602,bristle,6,2
3603,buildings,6,6
3604,buoyant,6,4
3605,camp,6,3
3606,cao,6,4
3607,capacitive,6,6
3608,capital,6,6
3609,carla,6,1
3610,caterpillar,6,5
3611,cda,6,6
3612,ces,6,5
3613,cfe,6,6
3614,chambers,6,3
3615,channels,6,4
3616,chloroplasts,6,6
3617,circumcenter,6,6
3618,cleavage,6,5
3619,cliff,6,6
3620,climates,6,6
3621,climbing,6,6
3622,climbs,6,6
3623,coasts,6,5
3624,colouring,6,6
3625,comparator,6,6
3626,cong,6,2
3627,connections,6,5
3628,constructing,6,5
3629,contacts,6,4
3630,converters,6,2
3631,cords,6,6
3632,cosine,6,6
3633,crate,6,2
3634,crest,6,6
3635,crustaceans,6,6
3636,ctp,6,5
3637,cuboid,6,4
3638,cumulative,6,6
3639,cyclic,6,5
3640,dajing,6,1
3641,death,6,6
3642,decade,6,5
3643,deficit,6,3
3644,define,6,6
3645,deformation,6,6
3646,depletion,6,6
3647,des,6,2
3648,detroit,6,6
3649,dies,6,6
3650,diffusion,6,5
3651,digestion,6,5
3652,directional,6,4
3653,disappearance,6,6
3654,disconnected,6,6
3655,diseases,6,6
3656,distinctive,6,6
3657,divider,6,5
3658,docks,6,6
3659,dongfanghong,6,3
3660,donor,6,6
3661,dove,6,2
3662,drain,6,3
3663,draughts,6,2
3664,drift,6,6
3665,ebc,6,6
3666,ecd,6,6
3667,efficient,6,6
3668,emerging,6,6
3669,employed,6,4
3670,encoded,6,5
3671,encoder,6,1
3672,encounter,6,5
3673,ending,6,6
3674,engineering,6,6
3675,entrance,6,5
3676,entropy,6,5
3677,equidistant,6,6
3678,equinox,6,5
3679,estimated,6,6
3680,ethanol,6,4
3681,etiolation,6,2
3682,events,6,6
3683,examine,6,6
3684,exercise,6,6
3685,exhaust,6,5
3686,expects,6,6
3687,expo,6,5
3688,exposure,6,5
3689,extensive,6,6
3690,extracted,6,5
3691,extreme,6,5
3692,false,6,5
3693,fbi,6,3
3694,females,6,5
3695,fit,6,6
3696,flea,6,6
3697,flexible,6,6
3698,focal,6,3
3699,former,6,6
3700,foundation,6,5
3701,fuji,6,3
3702,games,6,6
3703,gathered,6,5
3704,gear,6,5
3705,geopark,6,5
3706,germination,6,2
3707,giving,6,6
3708,graduated,6,3
3709,halves,6,3
3710,histogram,6,6
3711,hotan,6,4
3712,hydrochloric,6,6
3713,identity,6,6
3714,impacts,6,6
3715,injection,6,6
3716,ink,6,6
3717,insulator,6,5
3718,interacting,6,3
3719,internet,6,5
3720,invariant,6,6
3721,inverted,6,6
3722,issued,6,4
3723,item,6,6
3724,jujubes,6,4
3725,junctions,6,3
3726,kepler,6,5
3727,key,6,6
3728,kmol,6,2
3729,kolkata,6,6
3730,lab,6,5
3731,ladder,6,3
3732,ladybird,6,4
3733,landed,6,6
3734,launching,6,5
3735,lawn,6,3
3736,lay,6,4
3737,leakage,6,6
3738,lilly,6,1
3739,limb,6,4
3740,liter,6,2
3741,liters,6,6
3742,lived,6,5
3743,locational,6,6
3744,longitudinal,6,4
3745,looked,6,6
3746,looking,6,6
3747,machines,6,3
3748,maize,6,4
3749,man,6,6
3750,marbles,6,1
3751,maximize,6,6
3752,maximizes,6,4
3753,mayfly,6,6
3754,mcn,6,6
3755,mechanization,6,6
3756,meiosis,6,5
3757,metabolized,6,6
3758,michaelis,6,3
3759,minerals,6,6
3760,mixture,6,6
3761,mmhg,6,4
3762,mobility,6,5
3763,modulo,6,6
3764,moines,6,2
3765,moist,6,6
3766,mole,6,6
3767,moles,6,6
3768,monitor,6,6
3769,motions,6,6
3770,mounted,6,6
3771,multiplication,6,6
3772,munich,6,6
3773,natal,6,3
3774,natb,6,2
3775,nationwide,6,4
3776,neurons,6,5
3777,news,6,6
3778,northeastern,6,6
3779,oars,6,1
3780,obtaining,6,6
3781,oced,6,4
3782,octane,6,2
3783,outstanding,6,4
3784,overtake,6,1
3785,packed,6,4
3786,paints,6,4
3787,pamp,6,6
3788,parallelepiped,6,5
3789,patients,6,5
3790,paying,6,6
3791,performer,6,3
3792,permanent,6,5
3793,permittivities,6,6
3794,phasor,6,4
3795,photons,6,6
3796,pipeline,6,5
3797,plays,6,6
3798,plum,6,4
3799,polarizer,6,3
3800,polymerization,6,2
3801,ports,6,6
3802,potato,6,5
3803,powers,6,6
3804,pqmn,6,4
3805,predetermined,6,4
3806,primle,6,1
3807,pulses,6,6
3808,pumping,6,4
3809,qilin,6,3
3810,quantizer,6,3
3811,queqiao,6,1
3812,raccoon,6,3
3813,racing,6,2
3814,railgun,6,2
3815,ranking,6,3
3816,rational,6,6
3817,ratios,6,6
3818,reasonably,6,6
3819,receiver,6,6
3820,reduces,6,5
3821,rental,6,4
3822,repeats,6,6
3823,representing,6,6
3824,reproduction,6,5
3825,resistant,6,4
3826,responsible,6,6
3827,restoring,6,5
3828,revolutions,6,4
3829,ribbons,6,3
3830,rider,6,3
3831,rocky,6,2
3832,rotor,6,4
3833,sale,6,6
3834,scene,6,6
3835,scenic,6,4
3836,scored,6,2
3837,seals,6,5
3838,seater,6,1
3839,sense,6,6
3840,sensing,6,6
3841,sequences,6,6
3842,serious,6,6
3843,setting,6,3
3844,sexual,6,5
3845,shark,6,5
3846,shop,6,6
3847,shortened,6,6
3848,shrimp,6,6
3849,simulation,6,3
3850,siren,6,3
3851,slit,6,4
3852,soon,6,6
3853,spain,6,3
3854,span,6,6
3855,specimen,6,3
3856,specimens,6,3
3857,stomach,6,6
3858,stopping,6,6
3859,store,6,6
3860,storm,6,4
3861,strategic,6,4
3862,strictly,6,6
3863,stripes,6,6
3864,substitution,6,6
3865,superposition,6,6
3866,surplus,6,2
3867,survey,6,6
3868,suspend,6,6
3869,swims,6,2
3870,tanning,6,2
3871,taxi,6,1
3872,television,6,3
3873,thermistor,6,3
3874,tide,6,1
3875,tilt,6,5
3876,tortoise,6,3
3877,tour,6,2
3878,transcription,6,4
3879,trolleys,6,2
3880,truncated,6,2
3881,tsunami,6,6
3882,twenty,6,5
3883,ultrasonic,6,1
3884,uninhabited,6,6
3885,user,6,4
3886,vary,6,6
3887,vestigial,6,4
3888,views,6,5
3889,washington,6,4
3890,wastelands,6,3
3891,westerlies,6,3
3892,wetted,6,3
3893,windings,6,5
3894,women,6,5
3895,wood,6,5
3896,worst,6,4
3897,wrong,6,6
3898,yet,6,6
3899,yizhuang,6,4
3900,zhangmu,6,5
3901,zoo,6,3
3902,1980s,5,5
3903,1cm,5,5
3904,20k,5,5
3905,220v,5,5
3906,abde,5,4
3907,abef,5,5
3908,absence,5,5
3909,absorb,5,5
3910,acde,5,5
3911,acetyl,5,4
3912,acrobat,5,4
3913,acted,5,5
3914,adapted,5,5
3915,adders,5,5
3916,adef,5,5
3917,adf,5,5
3918,administration,5,3
3919,adults,5,3
3920,advanced,5,4
3921,aeg,5,4
3922,affinity,5,5
3923,aforementioned,5,4
3924,agave,5,2
3925,agb,5,5
3926,agf,5,5
3927,alice,5,3
3928,almost,5,5
3929,ambulance,5,1
3930,amu,5,5
3931,andrew,5,5
3932,appearing,5,5
3933,application,5,5
3934,apply,5,5
3935,arkkkk60491,5,3
3936,arrival,5,5
3937,aspartate,5,5
3938,astronauts,5,4
3939,atp,5,3
3940,attaching,5,5
3941,attained,5,5
3942,attempt,5,4
3943,attention,5,5
3944,attraction,5,4
3945,automatically,5,5
3946,autotransformer,5,3
3947,bao,5,5
3948,barbara,5,4
3949,baskets,5,1
3950,baud,5,4
3951,beak,5,5
3952,beakers,5,5
3953,beryllium,5,1
3954,beverage,5,3
3955,beyond,5,5
3956,bike,5,5
3957,billion,5,4
3958,biocapacity,5,3
3959,biochemical,5,3
3960,blow,5,5
3961,bold,5,5
3962,bon,5,5
3963,breaker,5,2
3964,burned,5,4
3965,buses,5,5
3966,cabbage,5,2
3967,calm,5,5
3968,cannon,5,1
3969,capacitances,5,5
3970,carefully,5,5
3971,carl,5,4
3972,category,5,5
3973,cba,5,5
3974,cdo,5,5
3975,ceb,5,5
3976,censuses,5,5
3977,centerline,5,3
3978,centrally,5,5
3979,chains,5,4
3980,charger,5,1
3981,chess,5,5
3982,chickens,5,3
3983,choice,5,5
3984,classmate,5,5
3985,classmates,5,2
3986,clouds,5,3
3987,coa,5,4
3988,coincident,5,5
3989,college,5,4
3990,combinational,5,5
3991,comparative,5,5
3992,compensator,5,5
3993,concave,5,2
3994,concluded,5,5
3995,conserved,5,5
3996,contractile,5,5
3997,controls,5,5
3998,convert,5,5
3999,cookie,5,2
4000,cooperation,5,5
4001,cores,5,3
4002,correlated,5,5
4003,coupled,5,5
4004,creates,5,5
4005,criminal,5,1
4006,cuboids,5,3
4007,cultured,5,5
4008,cups,5,4
4009,cushion,5,3
4010,cycles,5,5
4011,danger,5,4
4012,danxia,5,3
4013,darlington,5,5
4014,deb,5,5
4015,decades,5,5
4016,decelerating,5,5
4017,decides,5,5
4018,deck,5,2
4019,dedicated,5,4
4020,deeply,5,5
4021,degradation,5,5
4022,descending,5,4
4023,designs,5,5
4024,destinations,5,5
4025,destroyed,5,5
4026,detergents,5,4
4027,develops,5,5
4028,diamonds,5,4
4029,diana,5,5
4030,dianchi,5,4
4031,diluted,5,5
4032,diploid,5,5
4033,diprotic,5,5
4034,discs,5,3
4035,dishes,5,1
4036,disinfectant,5,2
4037,distortion,5,5
4038,dominated,5,4
4039,don,5,5
4040,dough,5,3
4041,downhill,5,3
4042,dried,5,4
4043,duck,5,3
4044,dunhuang,5,3
4045,dwellings,5,3
4046,earliest,5,5
4047,easy,5,5
4048,eaten,5,5
4049,ebd,5,5
4050,ebony,5,2
4051,edf,5,5
4052,eff,5,2
4053,ejected,5,5
4054,elongations,5,5
4055,embryonic,5,4
4056,emerge,5,5
4057,enable,5,5
4058,endophytic,5,1
4059,endosperm,5,2
4060,energized,5,4
4061,equatorial,5,5
4062,eruption,5,5
4063,especially,5,5
4064,estuary,5,5
4065,etalon,5,1
4066,ethnic,5,3
4067,eurasian,5,4
4068,exchanged,5,5
4069,expenditure,5,3
4070,explores,5,5
4071,extends,5,5
4072,extracellular,5,3
4073,extraction,5,3
4074,eyelets,5,1
4075,farm,5,5
4076,farmers,5,5
4077,farms,5,5
4078,fde,5,5
4079,festival,5,5
4080,finds,5,5
4081,finished,5,5
4082,fishes,5,5
4083,fits,5,5
4084,fleas,5,3
4085,fluorine,5,2
4086,format,5,4
4087,forth,5,5
4088,fractions,5,5
4089,freshwater,5,5
4090,frontal,5,5
4091,fronts,5,5
4092,frustum,5,3
4093,geometry,5,5
4094,geomorphological,5,5
4095,germanium,5,1
4096,gfp,5,3
4097,gis,5,3
4098,glider,5,1
4099,goats,5,3
4100,golmud,5,3
4101,grapes,5,4
4102,grasses,5,5
4103,grasshoppers,5,5
4104,grindstone,5,1
4105,h2co3,5,5
4106,habitat,5,4
4107,hatched,5,5
4108,helmet,5,1
4109,hence,5,3
4110,herbivores,5,5
4111,holiday,5,4
4112,homodimer,5,4
4113,homozygotes,5,3
4114,homozygous,5,5
4115,hope,5,4
4116,horizon,5,4
4117,household,5,5
4118,hui,5,5
4119,humid,5,4
4120,hypotenuses,5,5
4121,icing,5,3
4122,illustration,5,5
4123,imagine,5,4
4124,img,5,5
4125,immersed,5,4
4126,impedances,5,5
4127,incompressible,5,5
4128,infiltration,5,5
4129,influences,5,5
4130,inhibitor,5,5
4131,install,5,5
4132,intercepted,5,5
4133,interception,5,4
4134,inversion,5,3
4135,involved,5,5
4136,irregular,5,4
4137,isobaric,5,4
4138,items,5,5
4139,jane,5,3
4140,jeffrey,5,3
4141,jfet,5,4
4142,join,5,4
4143,joules,5,5
4144,juan,5,3
4145,juice,5,4
4146,kicks,5,5
4147,km2,5,5
4148,korea,5,5
4149,kva,5,4
4150,lagging,5,5
4151,latch,5,4
4152,late,5,4
4153,latitudinal,5,5
4154,leftmost,5,5
4155,letting,5,5
4156,lid,5,2
4157,lifted,5,5
4158,lifts,5,5
4159,limestone,5,5
4160,limited,5,5
4161,linked,5,4
4162,lizard,5,4
4163,loaded,5,4
4164,longitudes,5,4
4165,luojia,5,3
4166,lymphocytes,5,3
4167,magnetizing,5,5
4168,maintained,5,5
4169,malfunction,5,3
4170,mallow,5,1
4171,maneuver,5,3
4172,manifested,5,5
4173,marine,5,5
4174,marker,5,2
4175,mathematician,5,5
4176,meaning,5,5
4177,media,5,5
4178,medicine,5,3
4179,metamorphic,5,3
4180,methods,5,4
4181,microscope,5,3
4182,millikan,5,4
4183,models,5,4
4184,modern,5,5
4185,modulated,5,5
4186,moreover,5,5
4187,morphine,5,3
4188,movements,5,3
4189,mutations,5,4
4190,nails,5,2
4191,neighbors,5,5
4192,neuron,5,4
4193,nh3,5,5
4194,nick,5,4
4195,nickel,5,2
4196,northward,5,5
4197,northwestern,5,5
4198,nuclei,5,4
4199,oac,5,5
4200,observations,5,5
4201,occupy,5,5
4202,occurrences,5,4
4203,odc,5,5
4204,officially,5,5
4205,online,5,4
4206,optimal,5,5
4207,origins,5,5
4208,oscillate,5,4
4209,osmotic,5,3
4210,others,5,4
4211,overlaps,5,5
4212,overweight,5,4
4213,pad,5,2
4214,paid,5,5
4215,parked,5,5
4216,parking,5,2
4217,partitioned,5,5
4218,peninsulas,5,5
4219,photoelectric,5,4
4220,photographed,5,4
4221,photographic,5,2
4222,photographing,5,3
4223,pick,5,5
4224,pinhole,5,4
4225,pka,5,3
4226,plots,5,5
4227,pmn,5,4
4228,poet,5,5
4229,polyacrylamide,5,4
4230,popularization,5,2
4231,portray,5,5
4232,positioning,5,5
4233,possibility,5,5
4234,potatoes,5,3
4235,pre,5,5
4236,precipitate,5,4
4237,predatory,5,5
4238,predict,5,5
4239,preparing,5,5
4240,preservation,5,5
4241,printed,5,5
4242,program,5,5
4243,projected,5,5
4244,promotes,5,5
4245,protection,5,5
4246,pulls,5,4
4247,qingdao,5,5
4248,qrs,5,4
4249,quantization,5,4
4250,quanzhou,5,3
4251,rabbits,5,5
4252,radar,5,4
4253,radially,5,5
4254,radiated,5,4
4255,raindrops,5,3
4256,ranges,5,5
4257,react,5,5
4258,reactances,5,5
4259,reagent,5,4
4260,reality,5,5
4261,reception,5,4
4262,receptor,5,3
4263,recombinant,5,3
4264,record,5,4
4265,recovery,5,4
4266,reflections,5,5
4267,reform,5,5
4268,releasing,5,5
4269,remained,5,5
4270,repair,5,3
4271,repeat,5,3
4272,reproduce,5,5
4273,reservoirs,5,4
4274,residual,5,3
4275,residue,5,3
4276,restitution,5,3
4277,restricting,5,5
4278,returning,5,5
4279,revenue,5,5
4280,rich,5,5
4281,rlc,5,5
4282,roger,5,2
4283,roles,5,5
4284,rooms,5,4
4285,roughly,5,5
4286,runway,5,1
4287,sanjiang,5,3
4288,scholars,5,5
4289,science,5,5
4290,sds,5,4
4291,secure,5,3
4292,sees,5,5
4293,sends,5,5
4294,settling,5,5
4295,shades,5,2
4296,shaoxing,5,4
4297,shengze,5,4
4298,ships,5,4
4299,shrew,5,5
4300,sideline,5,3
4301,sit,5,4
4302,skating,5,4
4303,skier,5,2
4304,skiing,5,2
4305,slits,5,3
4306,sold,5,2
4307,solvent,5,5
4308,somewhere,5,5
4309,sown,5,4
4310,spaceship,5,3
4311,sparrow,5,3
4312,spinner,5,3
4313,spots,5,3
4314,sprayed,5,5
4315,squid,5,4
4316,stabilizes,5,4
4317,stalks,5,5
4318,statue,5,4
4319,staying,5,5
4320,stays,5,5
4321,sticking,5,4
4322,stimulating,5,4
4323,stopwatch,5,1
4324,strand,5,4
4325,stretch,5,4
4326,struck,5,4
4327,studies,5,5
4328,submerged,5,5
4329,subway,5,3
4330,sui,5,1
4331,sujay,5,2
4332,suspending,5,4
4333,suspends,5,5
4334,symmetrically,5,5
4335,takeoff,5,3
4336,tang,5,5
4337,tangential,5,5
4338,telescope,5,5
4339,tesla,5,4
4340,themed,5,5
4341,thereafter,5,5
4342,thermodynamic,5,4
4343,thing,5,4
4344,thirds,5,5
4345,threads,5,2
4346,tiny,5,4
4347,tokyo,5,5
4348,told,5,3
4349,tool,5,5
4350,topping,5,2
4351,traction,5,4
4352,trains,5,4
4353,transfers,5,5
4354,transforms,5,5
4355,translation,5,5
4356,trapezoidal,5,5
4357,treating,5,5
4358,treatments,5,5
4359,trial,5,5
4360,tropic,5,5
4361,tss,5,3
4362,ttl,5,5
4363,tumor,5,5
4364,tuning,5,4
4365,twilight,5,4
4366,unfortunately,5,5
4367,unregulated,5,4
4368,ural,5,4
4369,useful,5,5
4370,valve,5,3
4371,van,5,3
4372,ventricle,5,3
4373,ventricular,5,5
4374,vibrations,5,4
4375,vine,5,1
4376,virus,5,4
4377,voltmeters,5,5
4378,vortices,5,1
4379,votes,5,3
4380,vulnerability,5,2
4381,wasteland,5,2
4382,watch,5,5
4383,waterfall,5,3
4384,watts,5,5
4385,weddell,5,4
4386,wenjing,5,1
4387,won,5,5
4388,worth,5,5
4389,wxy,5,4
4390,xining,5,4
4391,xyzw,5,5
4392,yichang,5,4
4393,zhang,5,4
4394,zhengzhou,5,5
4395,00g,4,4
4396,10min,4,4
4397,10th,4,3
4398,10x,4,4
4399,12th,4,4
4400,18v,4,4
4401,1kg,4,4
4402,20m,4,4
4403,20v,4,4
4404,29th,4,4
4405,2ap,4,4
4406,2oa,4,4
4407,30th,4,4
4408,3ccl,4,2
4409,4th,4,4
4410,7th,4,4
4411,9th,4,3
4412,abbreviated,4,4
4413,abce,4,3
4414,abm,4,4
4415,abroad,4,4
4416,academic,4,1
4417,accounting,4,4
4418,accurately,4,4
4419,acidic,4,4
4420,acrobatic,4,4
4421,activates,4,2
4422,additive,4,4
4423,ado,4,4
4424,adopt,4,4
4425,adp,4,4
4426,adrenal,4,4
4427,adventure,4,4
4428,aep,4,4
4429,africa,4,4
4430,agc,4,4
4431,agh,4,2
4432,aimed,4,4
4433,alkali,4,4
4434,alkaptonuria,4,3
4435,allowable,4,4
4436,alpine,4,4
4437,alternate,4,4
4438,altogether,4,4
4439,amc,4,2
4440,ammonia,4,4
4441,amplified,4,3
4442,amps,4,4
4443,analogous,4,4
4444,antenna,4,1
4445,antigen,4,2
4446,aom,4,4
4447,aperture,4,4
4448,appreciating,4,4
4449,approved,4,4
4450,arcsinh,4,2
4451,arranges,4,4
4452,arrested,4,4
4453,assigned,4,4
4454,atcase,4,4
4455,athletes,4,4
4456,atlantis,4,1
4457,attacking,4,2
4458,attempts,4,1
4459,attracted,4,4
4460,attracting,4,4
4461,attractive,4,4
4462,audible,4,4
4463,autoacceleration,4,2
4464,autocorrelation,4,3
4465,auxiliary,4,4
4466,avoidance,4,3
4467,avoided,4,2
4468,b2c,4,2
4469,backward,4,4
4470,bake,4,2
4471,baoji,4,4
4472,barcode,4,2
4473,bass,4,4
4474,batteries,4,3
4475,bcfg,4,4
4476,bcp,4,4
4477,bdec,4,4
4478,beautiful,4,4
4479,bee,4,3
4480,behave,4,4
4481,believe,4,4
4482,bend,4,4
4483,beneficial,4,4
4484,bent,4,4
4485,beta,4,3
4486,bfe,4,4
4487,biasing,4,4
4488,bill,4,2
4489,binds,4,3
4490,blackbody,4,4
4491,blocking,4,2
4492,blossoms,4,4
4493,bmn,4,4
4494,boa,4,4
4495,boats,4,1
4496,bom,4,4
4497,booster,4,1
4498,brenda,4,2
4499,broad,4,4
4500,brushes,4,4
4501,bullets,4,1
4502,bumper,4,2
4503,buoyancy,4,4
4504,burning,4,3
4505,butterflies,4,2
4506,buttons,4,2
4507,cage,4,2
4508,calculations,4,3
4509,calculator,4,3
4510,calendar,4,4
4511,calories,4,2
4512,canal,4,3
4513,candy,4,2
4514,canonical,4,2
4515,capable,4,4
4516,careful,4,4
4517,cash,4,4
4518,catapult,4,2
4519,ccrraa,4,2
4520,cdp,4,4
4521,cefg,4,3
4522,census,4,4
4523,centrifugal,4,2
4524,cereals,4,1
4525,cfb,4,4
4526,ch4,4,4
4527,chaperones,4,2
4528,check,4,4
4529,chronological,4,4
4530,cirf,4,1
4531,clearly,4,4
4532,clk,4,3
4533,clocks,4,2
4534,closer,4,4
4535,clues,4,4
4536,clustered,4,4
4537,clusters,4,4
4538,coding,4,3
4539,commutated,4,4
4540,comparable,4,4
4541,compartment,4,2
4542,compensation,4,3
4543,competitive,4,4
4544,competitors,4,2
4545,completes,4,4
4546,completion,4,4
4547,computed,4,4
4548,concrete,4,2
4549,configurations,4,4
4550,confined,4,3
4551,conforms,4,4
4552,congress,4,4
4553,consecutively,4,4
4554,consist,4,4
4555,constructive,4,4
4556,contraction,4,4
4557,contracts,4,4
4558,controller,4,4
4559,costa,4,2
4560,cougars,4,2
4561,counting,4,4
4562,courses,4,4
4563,coverage,4,3
4564,crabs,4,4
4565,cream,4,2
4566,crime,4,4
4567,crisis,4,4
4568,crustal,4,4
4569,curse,4,3
4570,customer,4,2
4571,customs,4,4
4572,cutoff,4,4
4573,cyan,4,3
4574,cyclopropane,4,2
4575,cytidine,4,4
4576,cytometer,4,2
4577,dangerous,4,3
4578,dataset,4,4
4579,dawn,4,3
4580,dba,4,4
4581,dbef,4,2
4582,dbf,4,4
4583,decibel,4,4
4584,defend,4,4
4585,deleted,4,3
4586,derived,4,3
4587,descent,4,4
4588,description,4,4
4589,designated,4,4
4590,despite,4,4
4591,detecting,4,4
4592,deviation,4,4
4593,dfc,4,4
4594,dfe,4,4
4595,dgf,4,4
4596,disappeared,4,4
4597,discontinuous,4,4
4598,disney,4,2
4599,displacements,4,4
4600,displayed,4,4
4601,dissolve,4,3
4602,distributions,4,4
4603,disturbance,4,3
4604,diversion,4,4
4605,dodecagon,4,2
4606,doha,4,1
4607,dolphin,4,3
4608,dongting,4,3
4609,doped,4,4
4610,doppler,4,2
4611,dpc,4,4
4612,drainpipe,4,3
4613,drink,4,4
4614,drum,4,3
4615,dynamic,4,4
4616,earned,4,2
4617,eating,4,4
4618,eaves,4,4
4619,ebf,4,4
4620,ecb,4,4
4621,ecliptic,4,4
4622,ecologically,4,4
4623,ecology,4,4
4624,eels,4,1
4625,efd,4,4
4626,election,4,3
4627,emanating,4,4
4628,emergence,4,4
4629,endonucleases,4,4
4630,enhancement,4,4
4631,enjoyed,4,4
4632,enthusiast,4,3
4633,eob,4,4
4634,evolutionary,4,4
4635,examined,4,3
4636,excessively,4,4
4637,exclude,4,4
4638,exhibits,4,4
4639,expand,4,4
4640,expanded,4,4
4641,expectations,4,4
4642,explains,4,4
4643,expressway,4,3
4644,extra,4,3
4645,fails,4,4
4646,familial,4,4
4647,families,4,3
4648,fbe,4,4
4649,fcg,4,4
4650,fec,4,4
4651,ferris,4,2
4652,fertility,4,4
4653,filters,4,4
4654,finger,4,1
4655,fired,4,4
4656,fitting,4,4
4657,flowed,4,4
4658,flowerbed,4,2
4659,flowerpot,4,2
4660,foa,4,4
4661,focus,4,4
4662,followed,4,4
4663,founding,4,4
4664,frogs,4,4
4665,fsm,4,2
4666,fuel,4,4
4667,gbe,4,4
4668,geomorphic,4,4
4669,geostrophic,4,4
4670,glowing,4,4
4671,goal,4,4
4672,gon,4,3
4673,gougu,4,3
4674,graphical,4,4
4675,groove,4,2
4676,grounding,4,3
4677,grounds,4,3
4678,grown,4,4
4679,gtp,4,3
4680,guitar,4,2
4681,handan,4,2
4682,harmony,4,1
4683,hefei,4,3
4684,helps,4,4
4685,hemispheric,4,4
4686,heptagon,4,2
4687,heterozygote,4,4
4688,hfcs,4,1
4689,highlighted,4,3
4690,hill,4,2
4691,hilly,4,4
4692,hinged,4,4
4693,histograms,4,4
4694,hno,4,3
4695,honeycomb,4,1
4696,hook,4,3
4697,hormone,4,3
4698,horseback,4,4
4699,host,4,4
4700,hubei,4,4
4701,hurt,4,2
4702,hybrid,4,3
4703,hydroxyl,4,2
4704,hydroxylase,4,4
4705,hypochlorite,4,3
4706,icosahedron,4,2
4707,ignited,4,4
4708,image3,4,4
4709,imaging,4,3
4710,immigration,4,4
4711,immune,4,2
4712,impacted,4,4
4713,impermeable,4,4
4714,implementation,4,4
4715,imports,4,3
4716,improved,4,4
4717,infinitesimally,4,3
4718,influenced,4,4
4719,inhibit,4,4
4720,initialized,4,4
4721,instance,4,4
4722,instrument,4,3
4723,instruments,4,4
4724,intensive,4,2
4725,internationally,4,4
4726,intrinsic,4,4
4727,introduce,4,4
4728,investigated,4,4
4729,iodate,4,2
4730,iodine,4,4
4731,ionic,4,4
4732,ionization,4,4
4733,ionized,4,4
4734,iqr,4,2
4735,iran,4,2
4736,isotopes,4,4
4737,jiangnan,4,4
4738,jujube,4,2
4739,julia,4,3
4740,kennedy,4,2
4741,khingan,4,4
4742,kicked,4,4
4743,kiribati,4,2
4744,klmn,4,3
4745,knee,4,4
4746,knockout,4,1
4747,knot,4,3
4748,krill,4,4
4749,labyrinth,4,4
4750,lace,4,1
4751,lampshade,4,1
4752,lanzhou,4,4
4753,latter,4,4
4754,launcher,4,2
4755,lays,4,4
4756,leads,4,4
4757,leak,4,4
4758,leaning,4,4
4759,ligand,4,4
4760,lightest,4,3
4761,linearly,4,4
4762,lisa,4,3
4763,litres,4,2
4764,liu,4,3
4765,lizards,4,3
4766,lmn,4,4
4767,lookout,4,1
4768,loops,4,3
4769,lush,4,4
4770,lymphocyte,4,2
4771,lysine,4,4
4772,machinery,4,4
4773,magma,4,4
4774,magnets,4,3
4775,mainstream,4,2
4776,manna,4,1
4777,manual,4,2
4778,marble,4,4
4779,markovnikov,4,2
4780,marries,4,4
4781,mast,4,2
4782,maternal,4,3
4783,mathematics,4,4
4784,maya,4,2
4785,medical,4,4
4786,men,4,4
4787,microparticle,4,1
4788,midline,4,4
4789,mileage,4,4
4790,milligrams,4,4
4791,millimeters,4,4
4792,minimize,4,3
4793,minnesota,4,2
4794,minorities,4,2
4795,minterms,4,3
4796,missed,4,3
4797,mitochondrial,4,3
4798,mma,4,2
4799,money,4,2
4800,monika,4,3
4801,monitoring,4,4
4802,morphology,4,4
4803,mrna,4,3
4804,multiplier,4,2
4805,multivibrator,4,4
4806,mutants,4,3
4807,mux,4,4
4808,myanmar,4,3
4809,named,4,3
4810,nanjing,4,4
4811,nantong,4,2
4812,nations,4,4
4813,nautical,4,2
4814,nematodes,4,4
4815,nepal,4,2
4816,networks,4,4
4817,newtons,4,4
4818,nighttime,4,4
4819,nobel,4,4
4820,none,4,4
4821,nonlinear,4,3
4822,nonpolar,4,4
4823,numeral,4,4
4824,obd,4,4
4825,obeys,4,4
4826,obliquity,4,4
4827,obtuse,4,4
4828,ocb,4,4
4829,office,4,4
4830,offset,4,4
4831,ohms,4,4
4832,ontario,4,2
4833,operated,4,4
4834,opponent,4,2
4835,organelle,4,4
4836,organized,4,4
4837,outermost,4,4
4838,overseas,4,2
4839,overtaking,4,1
4840,oxides,4,4
4841,pan,4,2
4842,parachute,4,1
4843,parallelograms,4,4
4844,parasitic,4,2
4845,parent,4,2
4846,parrot,4,2
4847,participated,4,4
4848,party,4,3
4849,passengers,4,4
4850,passive,4,4
4851,pay,4,4
4852,pbc,4,3
4853,pcd,4,4
4854,pedestrians,4,4
4855,pellet,4,1
4856,penalty,4,3
4857,pentagonal,4,2
4858,performing,4,4
4859,periodically,4,4
4860,permanently,4,4
4861,peroxide,4,4
4862,persons,4,2
4863,phenylalanine,4,4
4864,phenylketonuria,4,4
4865,phones,4,4
4866,photogate,4,1
4867,pie,4,3
4868,pions,4,1
4869,pipelines,4,4
4870,pits,4,4
4871,planar,4,4
4872,planck,4,4
4873,plated,4,4
4874,players,4,3
4875,playground,4,4
4876,pleasant,4,4
4877,pmos,4,4
4878,pndb,4,4
4879,pools,4,1
4880,possibly,4,4
4881,post,4,4
4882,potentiometer,4,3
4883,practically,4,4
4884,preference,4,4
4885,preparations,4,4
4886,presents,4,4
4887,prevails,4,4
4888,prize,4,4
4889,probabilities,4,3
4890,procedure,4,4
4891,proceeds,4,4
4892,profit,4,4
4893,programmable,4,4
4894,prone,4,4
4895,propagate,4,4
4896,propagating,4,4
4897,proper,4,3
4898,pumped,4,3
4899,purified,4,4
4900,purposes,4,4
4901,pushes,4,4
4902,pwm,4,4
4903,quanta,4,2
4904,radical,4,4
4905,rank,4,4
4906,realization,4,4
4907,receive,4,3
4908,recruiting,4,4
4909,reflecting,4,4
4910,refracts,4,4
4911,relief,4,4
4912,relying,4,3
4913,remainder,4,4
4914,renewable,4,4
4915,representation,4,4
4916,rescue,4,4
4917,respond,4,4
4918,retained,4,3
4919,retreat,4,4
4920,reurbanization,4,2
4921,reversible,4,4
4922,revolves,4,4
4923,ribbon,4,3
4924,rishabh,4,1
4925,risk,4,4
4926,robot,4,2
4927,roof,4,4
4928,rqs,4,4
4929,ruth,4,1
4930,sac,4,4
4931,sack,4,1
4932,sail,4,4
4933,sails,4,3
4934,sandstorm,4,4
4935,saturday,4,4
4936,say,4,4
4937,scenery,4,4
4938,screened,4,4
4939,sealing,4,1
4940,sec1,4,1
4941,secreted,4,4
4942,sedimentation,4,2
4943,seismic,4,3
4944,selects,4,4
4945,sent,4,4
4946,serving,4,4
4947,session,4,4
4948,sewage,4,4
4949,sharp,4,4
4950,shifting,4,4
4951,shines,4,4
4952,shuang,4,3
4953,sight,4,3
4954,simplify,4,4
4955,singed,4,2
4956,sinks,4,4
4957,sister,4,4
4958,skid,4,2
4959,skip,4,3
4960,skis,4,3
4961,slight,4,4
4962,snowstorms,4,3
4963,soccer,4,3
4964,solely,4,4
4965,solids,4,3
4966,son,4,4
4967,spaces,4,3
4968,sparrows,4,1
4969,spends,4,4
4970,spinners,4,3
4971,spins,4,4
4972,squatting,4,2
4973,stabilizing,4,4
4974,stake,4,3
4975,stepped,4,4
4976,stickers,4,2
4977,stores,4,4
4978,stra,4,1
4979,strange,4,4
4980,streams,4,4
4981,stripe,4,2
4982,stroke,4,3
4983,stub,4,2
4984,subarctic,4,2
4985,subintervals,4,4
4986,subject,4,4
4987,subsidence,4,3
4988,suggest,4,4
4989,sunday,4,4
4990,superior,4,4
4991,surround,4,4
4992,swallowing,4,4
4993,swim,4,2
4994,swimming,4,3
4995,sydney,4,4
4996,syene,4,2
4997,symbols,4,3
4998,synchronized,4,4
4999,synthetic,4,4
5000,taihu,4,3
5001,taiji,4,1
5002,taiyuan,4,2
5003,taxa,4,2
5004,taxiing,4,1
5005,tech,4,4
5006,technological,4,4
5007,template,4,4
5008,terminus,4,1
5009,terraces,4,2
5010,thawing,4,4
5011,themselves,4,4
5012,therapy,4,3
5013,tin,4,3
5014,tissue,4,4
5015,today,4,4
5016,tonomura,4,1
5017,topped,4,4
5018,tortoises,4,2
5019,totals,4,4
5020,towel,4,1
5021,towels,4,2
5022,township,4,2
5023,trans,4,4
5024,transcarbamylase,4,4
5025,transduction,4,3
5026,translating,4,4
5027,transporting,4,4
5028,traveler,4,2
5029,travelled,4,3
5030,triphosphate,4,4
5031,trisha,4,2
5032,trough,4,3
5033,tunnels,4,3
5034,twelfth,4,4
5035,typically,4,4
5036,unlikely,4,4
5037,unusual,4,4
5038,uphill,4,2
5039,upright,4,4
5040,upside,4,4
5041,urgently,4,4
5042,users,4,2
5043,usual,4,4
5044,utilize,4,4
5045,utilizes,4,4
5046,vacuole,4,4
5047,varied,4,4
5048,vein,4,4
5049,verses,4,2
5050,vicinity,4,4
5051,viscosity,4,4
5052,visibility,4,4
5053,wagon,4,1
5054,walked,4,4
5055,wang,4,4
5056,warmer,4,4
5057,warming,4,4
5058,wash,4,2
5059,wavelengths,4,2
5060,wax,4,1
5061,weeks,4,4
5062,weifang,4,4
5063,whirlpools,4,1
5064,widths,4,4
5065,wildlife,4,2
5066,winds,4,4
5067,windward,4,4
5068,wrapping,4,1
5069,wyz,4,4
5070,wzx,4,4
5071,xichang,4,4
5072,xzy,4,4
5073,yang,4,2
5074,yiwan,4,3
5075,yonaguni,4,1
5076,zebra,4,3
5077,zhao,4,3
5078,zhuzhou,4,4
5079,zinc,4,2
5080,1000t,3,3
5081,120v,3,3
5082,12k,3,2
5083,16a,3,3
5084,16v,3,3
5085,1950s,3,3
5086,1990s,3,3
5087,200v,3,2
5088,296g,3,3
5089,2ab,3,3
5090,2ae,3,3
5091,2ce,3,3
5092,2cm,3,3
5093,2h2o,3,3
5094,2kp,3,3
5095,2so,3,3
5096,300v,3,3
5097,30m,3,3
5098,432g,3,3
5099,50m,3,3
5100,60m,3,3
5101,6ax,3,3
5102,70s,3,3
5103,8th,3,1
5104,aat120,3,1
5105,abdc,3,3
5106,abdominal,3,3
5107,abscissas,3,3
5108,absorbance,3,2
5109,absorbing,3,3
5110,abstracted,3,3
5111,accidentally,3,3
5112,accidents,3,3
5113,accumulating,3,3
5114,accumulation,3,3
5115,acetylcholine,3,3
5116,actinomycetes,3,1
5117,activation,3,3
5118,adce,3,2
5119,adec,3,2
5120,adenylyl,3,2
5121,adopts,3,3
5122,advance,3,3
5123,advancement,3,3
5124,adverse,3,3
5125,advocate,3,3
5126,afflicted,3,3
5127,afg,3,2
5128,afternoon,3,3
5129,agno,3,2
5130,ahmed,3,1
5131,aids,3,2
5132,albin,3,1
5133,aligns,3,3
5134,alkalization,3,3
5135,ana,3,2
5136,analyzing,3,3
5137,ankara,3,2
5138,anti,3,3
5139,anticathode,3,1
5140,anyone,3,3
5141,aocd,3,3
5142,aode,3,2
5143,aop,3,3
5144,apd,3,3
5145,apoptosis,3,1
5146,appliances,3,3
5147,approach,3,3
5148,arabia,3,2
5149,arbitrarily,3,3
5150,architectural,3,3
5151,arise,3,3
5152,arranging,3,3
5153,arrive,3,3
5154,ascend,3,3
5155,ascends,3,3
5156,ash,3,2
5157,ashima,3,3
5158,asked,3,3
5159,asymmetrically,3,3
5160,atlanta,3,2
5161,atrium,3,2
5162,attaches,3,3
5163,attract,3,3
5164,automobiles,3,3
5165,autotroph,3,3
5166,auxin,3,3
5167,aviation,3,3
5168,avoiding,3,3
5169,awarded,3,2
5170,axisymmetric,3,3
5171,backs,3,2
5172,bangladesh,3,2
5173,barcodes,3,2
5174,barely,3,3
5175,basking,3,1
5176,batch,3,3
5177,bcfd,3,3
5178,bchg,3,1
5179,bco,3,3
5180,beach,3,2
5181,befg,3,3
5182,beforehand,3,3
5183,behavioral,3,3
5184,beirut,3,2
5185,belinda,3,2
5186,ber,3,2
5187,bfd,3,3
5188,bind,3,3
5189,bisulfite,3,2
5190,bite,3,1
5191,bladder,3,1
5192,blindness,3,2
5193,bloom,3,3
5194,bomi,3,3
5195,bonded,3,3
5196,bootstrap,3,3
5197,bop,3,3
5198,bowls,3,1
5199,boxplot,3,2
5200,bpsk,3,2
5201,bracket,3,3
5202,breaking,3,3
5203,broadcast,3,3
5204,broke,3,2
5205,brownish,3,2
5206,brush,3,2
5207,bunchkins,3,1
5208,burden,3,3
5209,bursaria,3,2
5210,campus,3,3
5211,candace,3,1
5212,candidates,3,2
5213,cannonballs,3,1
5214,captured,3,3
5215,carlos,3,2
5216,carnivores,3,3
5217,caroline,3,3
5218,carpenter,3,3
5219,carriage,3,2
5220,carrot,3,3
5221,cascaded,3,3
5222,cast,3,3
5223,caudatum,3,2
5224,cavity,3,3
5225,cbp,3,3
5226,cdg,3,3
5227,cellular,3,3
5228,centimeter,3,2
5229,ceratophyllum,3,2
5230,cfd,3,3
5231,cfg,3,3
5232,cftr,3,2
5233,ch2cooh,3,2
5234,ch3ch2ch,3,3
5235,character,3,3
5236,characterized,3,3
5237,chasing,3,2
5238,chch2oh,3,2
5239,chch3,3,2
5240,chemistry,3,3
5241,chemotaxis,3,3
5242,chessboard,3,2
5243,chicken,3,3
5244,chlorophyll,3,2
5245,chromosomal,3,3
5246,circumlunar,3,3
5247,cis,3,3
5248,civil,3,3
5249,classes,3,3
5250,classical,3,2
5251,clean,3,3
5252,clo,3,3
5253,cloned,3,3
5254,clothes,3,1
5255,club,3,3
5256,cnd,3,3
5257,coat,3,3
5258,cobalt,3,1
5259,cockroach,3,3
5260,codes,3,2
5261,coffee,3,1
5262,colleagues,3,3
5263,collectors,3,2
5264,colorings,3,3
5265,combustion,3,3
5266,commercially,3,3
5267,committee,3,3
5268,compass,3,3
5269,compensated,3,3
5270,competitiveness,3,3
5271,compiling,3,3
5272,completing,3,3
5273,complexity,3,2
5274,compresses,3,3
5275,conductance,3,3
5276,conducts,3,3
5277,conform,3,3
5278,confusing,3,1
5279,conservation,3,3
5280,contactor,3,2
5281,continental,3,3
5282,contracted,3,2
5283,contracting,3,3
5284,convenient,3,3
5285,converts,3,3
5286,cool,3,3
5287,cooled,3,3
5288,copies,3,3
5289,coral,3,1
5290,corolla,3,1
5291,corporation,3,3
5292,cougar,3,3
5293,coulombs,3,3
5294,countermeasures,3,3
5295,counterweight,3,1
5296,counts,3,3
5297,court,3,3
5298,courtesy,3,3
5299,cows,3,1
5300,cpd,3,3
5301,crash,3,3
5302,crawl,3,3
5303,crawled,3,2
5304,crc,3,3
5305,credible,3,3
5306,crew,3,2
5307,crickets,3,2
5308,crossbar,3,2
5309,crown,3,1
5310,cruise,3,1
5311,ctk,3,1
5312,cultivate,3,3
5313,cultural,3,2
5314,cuso,3,3
5315,cw7805,3,2
5316,cyclase,3,2
5317,cynthia,3,2
5318,dalian,3,3
5319,darker,3,2
5320,dartboard,3,3
5321,datasets,3,3
5322,debris,3,1
5323,decagon,3,3
5324,decide,3,3
5325,decimeters,3,2
5326,decisive,3,3
5327,decoder,3,3
5328,decomposing,3,3
5329,deeper,3,3
5330,defense,3,2
5331,defghi,3,2
5332,definitely,3,3
5333,definition,3,3
5334,deflects,3,2
5335,delayed,3,3
5336,delivering,3,3
5337,delivers,3,3
5338,demodulator,3,2
5339,demonstrate,3,3
5340,demonstrations,3,3
5341,dengfeng,3,3
5342,denoting,3,3
5343,departing,3,3
5344,departs,3,3
5345,depending,3,3
5346,depleted,3,3
5347,depolarization,3,3
5348,descend,3,3
5349,desk,3,2
5350,destined,3,3
5351,detaches,3,3
5352,deterioration,3,3
5353,determination,3,3
5354,diabetes,3,2
5355,dial,3,3
5356,dialysis,3,3
5357,dielectrics,3,3
5358,differently,3,3
5359,diffusive,3,3
5360,dilation,3,3
5361,dimension,3,2
5362,discharged,3,3
5363,disconnecting,3,2
5364,discrepancy,3,3
5365,distress,3,2
5366,ditches,3,3
5367,diverted,3,3
5368,dmn,3,3
5369,dodecahedron,3,2
5370,doesn,3,3
5371,dogs,3,1
5372,domain,3,3
5373,dormancy,3,1
5374,dot,3,3
5375,downslope,3,3
5376,drastically,3,3
5377,dribbling,3,2
5378,drizzling,3,3
5379,drone,3,1
5380,dropper,3,2
5381,drug,3,3
5382,ducks,3,2
5383,durations,3,3
5384,eagle,3,3
5385,earths,3,1
5386,edb,3,3
5387,elastically,3,3
5388,electrochemical,3,2
5389,electronegativity,3,3
5390,electronics,3,3
5391,elementary,3,3
5392,elevations,3,3
5393,eliminate,3,3
5394,elisabeth,3,2
5395,emerges,3,3
5396,emily,3,3
5397,emissions,3,3
5398,emissivity,3,3
5399,emitting,3,3
5400,employs,3,3
5401,enclose,3,3
5402,enlarging,3,3
5403,ensuring,3,3
5404,envelope,3,3
5405,enzymatic,3,3
5406,equipotential,3,3
5407,equiprobable,3,3
5408,era,3,3
5409,errors,3,3
5410,erupted,3,3
5411,ethene,3,3
5412,eukaryotic,3,3
5413,euros,3,1
5414,eva,3,2
5415,excerpted,3,3
5416,experiencing,3,3
5417,exploitation,3,3
5418,exponential,3,3
5419,facility,3,3
5420,fact,3,3
5421,fallen,3,2
5422,faraday,3,3
5423,farmland,3,2
5424,father,3,2
5425,favorite,3,1
5426,feasible,3,3
5427,feb,3,2
5428,feces,3,1
5429,feel,3,3
5430,feeling,3,3
5431,fehling,3,3
5432,fetal,3,2
5433,filtering,3,3
5434,fin,3,2
5435,finance,3,3
5436,financial,3,3
5437,fires,3,3
5438,fishery,3,1
5439,fishpond,3,3
5440,flagpoles,3,3
5441,flavor,3,2
5442,floats,3,3
5443,fluctuations,3,3
5444,fluoresce,3,3
5445,fluorescence,3,3
5446,fluoride,3,2
5447,focusing,3,2
5448,foods,3,3
5449,fork,3,2
5450,formal,3,3
5451,formulas,3,3
5452,fractional,3,3
5453,fragrant,3,1
5454,frederick,3,3
5455,frequent,3,3
5456,frequently,3,3
5457,friend,3,3
5458,fulcrum,3,3
5459,fulfilled,3,3
5460,functioning,3,3
5461,fungal,3,3
5462,fungus,3,3
5463,fuse,3,3
5464,galvanometer,3,2
5465,gansu,3,3
5466,gardener,3,3
5467,genome,3,2
5468,gentle,3,3
5469,george,3,2
5470,geosynchronous,3,3
5471,getting,3,3
5472,gibbs,3,3
5473,gills,3,3
5474,glacial,3,3
5475,glues,3,3
5476,gpm,3,3
5477,gps,3,3
5478,grades,3,2
5479,gram,3,2
5480,graticule,3,3
5481,grew,3,3
5482,griffith,3,3
5483,h2o2,3,1
5484,halved,3,2
5485,hamburgers,3,1
5486,handbook,3,3
5487,hanger,3,1
5488,hangzhou,3,3
5489,harbor,3,2
5490,hardy,3,3
5491,hat,3,2
5492,hcd46,3,1
5493,heading,3,3
5494,heads,3,3
5495,heard,3,3
5496,hearing,3,3
5497,helan,3,3
5498,hemophilia,3,1
5499,heterozygotes,3,3
5500,hills,3,3
5501,hind,3,2
5502,historically,3,3
5503,history,3,3
5504,hma3,3,1
5505,hollowed,3,3
5506,homozygote,3,3
5507,honey,3,1
5508,horn,3,2
5509,households,3,3
5510,housing,3,3
5511,huai,3,2
5512,huanyong,3,3
5513,huge,3,3
5514,hunan,3,3
5515,husbandry,3,3
5516,hvdc,3,1
5517,hydrograph,3,3
5518,hypothesizes,3,3
5519,iceland,3,2
5520,idealized,3,3
5521,identified,3,2
5522,illuminating,3,3
5523,implements,3,3
5524,impossible,3,3
5525,improvement,3,3
5526,inappropriate,3,3
5527,inconsistent,3,3
5528,increasingly,3,3
5529,independence,3,3
5530,induce,3,3
5531,inelastic,3,3
5532,inert,3,3
5533,inextendable,3,3
5534,inference,3,3
5535,inflection,3,3
5536,inflexible,3,3
5537,infrared,3,1
5538,infrastructure,3,3
5539,inhabitants,3,1
5540,injections,3,3
5541,innervation,3,3
5542,inserting,3,3
5543,installation,3,3
5544,instantaneously,3,3
5545,instantly,3,3
5546,inter,3,3
5547,interannual,3,3
5548,interchanged,3,3
5549,interspecific,3,3
5550,intersymbol,3,3
5551,intra,3,3
5552,invented,3,3
5553,investigates,3,3
5554,invisible,3,3
5555,inwards,3,3
5556,irrigation,3,3
5557,irrotational,3,3
5558,isothermal,3,3
5559,jade,3,2
5560,jadeite,3,2
5561,jakarta,3,3
5562,jakob,3,2
5563,jan,3,1
5564,jaw,3,2
5565,jenny,3,3
5566,jiangmen,3,2
5567,jiangxi,3,3
5568,jing,3,3
5569,jmn,3,3
5570,joint,3,3
5571,jointly,3,3
5572,kai,3,2
5573,kaons,3,1
5574,kcl,3,3
5575,keihin,3,2
5576,kengu,3,2
5577,kgm,3,1
5578,killer,3,3
5579,kilograms,3,3
5580,kilowatt,3,3
5581,kimchi,3,2
5582,knight,3,1
5583,knowing,3,3
5584,knows,3,3
5585,lanes,3,3
5586,lantern,3,1
5587,lapse,3,3
5588,lasted,3,3
5589,latching,3,3
5590,leftward,3,3
5591,liangzhou,3,3
5592,lightbulb,3,3
5593,lightning,3,2
5594,lion,3,3
5595,lkmj,3,3
5596,lmnp,3,3
5597,lobe,3,2
5598,lobes,3,3
5599,logarithmic,3,3
5600,longjing,3,3
5601,loses,3,2
5602,lowers,3,3
5603,lunan,3,3
5604,lune,3,2
5605,maglev,3,3
5606,maja,3,2
5607,managing,3,3
5608,manb,3,1
5609,manned,3,3
5610,marking,3,2
5611,mary,3,2
5612,matching,3,2
5613,maturity,3,3
5614,mayflies,3,3
5615,mdn,3,3
5616,measles,3,1
5617,mechanisms,3,3
5618,mef,3,2
5619,melons,3,3
5620,memory,3,3
5621,meridians,3,2
5622,mesh,3,1
5623,messenger,3,3
5624,metabolism,3,3
5625,metallic,3,3
5626,methane,3,2
5627,methionine,3,3
5628,mia,3,2
5629,micrometers,3,3
5630,micromolar,3,3
5631,microorganisms,3,3
5632,midsegments,3,3
5633,mile,3,1
5634,military,3,2
5635,millions,3,2
5636,millisecond,3,3
5637,minnow,3,3
5638,minority,3,2
5639,miscible,3,3
5640,misses,3,3
5641,mitochondrion,3,3
5642,mitosis,3,3
5643,mnn,3,3
5644,mno,3,2
5645,mnpp,3,3
5646,mnq,3,3
5647,mod,3,3
5648,modelled,3,3
5649,modified,3,3
5650,modulator,3,2
5651,moistened,3,3
5652,monoprotic,3,3
5653,moose,3,3
5654,mosfets,3,2
5655,moth,3,2
5656,motors,3,2
5657,mozi,3,1
5658,msb,3,3
5659,multiplying,3,3
5660,mushroom,3,1
5661,mva,3,1
5662,nailed,3,3
5663,names,3,2
5664,nand,3,3
5665,nanning,3,3
5666,naomi,3,1
5667,nasa,3,2
5668,nationality,3,2
5669,neg,3,2
5670,neighboring,3,3
5671,nets,3,3
5672,neural,3,3
5673,neurotransmitters,3,2
5674,neutrons,3,3
5675,newton,3,2
5676,niches,3,3
5677,nitric,3,2
5678,nmosfet,3,3
5679,node,3,3
5680,normalized,3,3
5681,northernmost,3,3
5682,norton,3,3
5683,notice,3,3
5684,npp,3,3
5685,ntpip,3,1
5686,nucleotide,3,3
5687,numerals,3,3
5688,obcd,3,3
5689,obec,3,2
5690,oca,3,3
5691,official,3,3
5692,oldest,3,3
5693,omitted,3,3
5694,onion,3,3
5695,opaque,3,2
5696,opho,3,3
5697,optimum,3,3
5698,option,3,2
5699,organs,3,3
5700,orinoco,3,3
5701,oscillating,3,3
5702,outlined,3,3
5703,oval,3,3
5704,ovary,3,3
5705,overhead,3,3
5706,overlaid,3,3
5707,overload,3,2
5708,owl,3,3
5709,oxy,3,3
5710,packaging,3,2
5711,painting,3,2
5712,pale,3,3
5713,pam,3,3
5714,parrots,3,2
5715,participate,3,3
5716,partly,3,2
5717,paula,3,1
5718,paulo,3,1
5719,payment,3,1
5720,pbq,3,3
5721,peel,3,3
5722,pepper,3,1
5723,permeable,3,3
5724,pes,3,3
5725,petal,3,2
5726,petals,3,2
5727,pharaoh,3,1
5728,phoenix,3,2
5729,phosphate,3,2
5730,photoelectrons,3,3
5731,photogates,3,1
5732,photon,3,2
5733,physicist,3,3
5734,phytoplanktons,3,3
5735,picking,3,3
5736,picks,3,3
5737,piezoresistor,3,1
5738,pigments,3,3
5739,pigs,3,2
5740,pillar,3,2
5741,pillars,3,3
5742,ping,3,1
5743,pinned,3,3
5744,pipa,3,3
5745,pizza,3,2
5746,pla,3,3
5747,plankton,3,2
5748,platypus,3,3
5749,pm2,3,1
5750,pocket,3,3
5751,poll,3,3
5752,polychromatic,3,1
5753,polyhedron,3,2
5754,polymer,3,3
5755,polynomial,3,1
5756,pondweed,3,3
5757,pong,3,1
5758,poplar,3,1
5759,positional,3,3
5760,possess,3,3
5761,potometer,3,1
5762,poyang,3,3
5763,pprox,3,3
5764,pqs,3,3
5765,preceding,3,3
5766,precession,3,1
5767,precision,3,3
5768,predators,3,3
5769,predicted,3,3
5770,preferences,3,3
5771,preferred,3,2
5772,preheated,3,3
5773,pressures,3,3
5774,pressurized,3,3
5775,previously,3,3
5776,preys,3,3
5777,primacy,3,2
5778,principal,3,3
5779,priority,3,3
5780,probably,3,3
5781,progression,3,2
5782,projections,3,3
5783,projects,3,3
5784,promoted,3,3
5785,promoting,3,3
5786,prompt,3,3
5787,propagated,3,3
5788,propane,3,3
5789,propel,3,3
5790,protrude,3,3
5791,proved,3,3
5792,providing,3,3
5793,published,3,2
5794,putuo,3,3
5795,pyrimidine,3,3
5796,pythagorean,3,3
5797,quantized,3,1
5798,quarantine,3,3
5799,quarters,3,3
5800,quasiholes,3,1
5801,r1r1r2r2r3r3,3,1
5802,radiance,3,3
5803,radicals,3,3
5804,radioactive,3,2
5805,railroad,3,1
5806,ramesses,3,2
5807,ramses,3,1
5808,rarely,3,3
5809,reactants,3,3
5810,reactive,3,3
5811,reactor,3,1
5812,realizes,3,3
5813,recently,3,3
5814,recharge,3,3
5815,reclamation,3,3
5816,recombination,3,3
5817,reconstruction,3,3
5818,recovers,3,3
5819,reentry,3,2
5820,refines,3,3
5821,reflectance,3,3
5822,regardless,3,3
5823,regulates,3,3
5824,relates,3,3
5825,relays,3,2
5826,removes,3,3
5827,renate,3,2
5828,renewal,3,3
5829,replication,3,3
5830,reported,3,3
5831,representations,3,3
5832,reputation,3,3
5833,requiring,3,3
5834,resembling,3,3
5835,reserve,3,3
5836,reset,3,3
5837,resident,3,3
5838,resolving,3,1
5839,resorts,3,2
5840,respiratory,3,3
5841,responds,3,3
5842,resting,3,3
5843,retain,3,3
5844,rewinding,3,1
5845,ria,3,2
5846,rift,3,2
5847,robert,3,3
5848,rodent,3,3
5849,rush,3,3
5850,sandbar,3,2
5851,sandcastle,3,1
5852,sara,3,1
5853,saudi,3,2
5854,scaled,3,2
5855,scarce,3,3
5856,scattered,3,3
5857,schmitt,3,2
5858,scope,3,3
5859,scrap,3,2
5860,scratch,3,3
5861,screening,3,3
5862,seabed,3,3
5863,searches,3,3
5864,semicylinder,3,1
5865,semicylindrical,3,1
5866,semipermeable,3,3
5867,sentence,3,3
5868,separator,3,2
5869,sepideh,3,2
5870,seriously,3,3
5871,seventh,3,2
5872,severely,3,3
5873,shade,3,3
5874,shaking,3,3
5875,shallow,3,3
5876,shelf,3,3
5877,shine,3,3
5878,shipping,3,3
5879,siemens,3,3
5880,similarly,3,3
5881,simon,3,1
5882,sin37,3,3
5883,sio,3,3
5884,sixteen,3,2
5885,skewed,3,3
5886,skipping,3,1
5887,skips,3,1
5888,slack,3,3
5889,slant,3,3
5890,sleds,3,1
5891,sleeping,3,2
5892,slid,3,3
5893,slippery,3,1
5894,slowed,3,2
5895,slugs,3,1
5896,snails,3,3
5897,snowboarder,3,1
5898,so2,3,3
5899,society,3,3
5900,solstices,3,3
5901,solved,3,3
5902,somatic,3,3
5903,sometimes,3,3
5904,sounding,3,1
5905,sounds,3,3
5906,spaceflight,3,3
5907,sparse,3,3
5908,specially,3,3
5909,specifications,3,3
5910,spectra,3,3
5911,spectrophotometer,3,3
5912,spermatids,3,1
5913,spews,3,3
5914,spills,3,3
5915,spitting,3,3
5916,splitting,3,1
5917,spraying,3,3
5918,sprinkler,3,3
5919,spun,3,3
5920,squarefree,3,3
5921,stamp,3,3
5922,starry,3,3
5923,starter,3,1
5924,startled,3,3
5925,stated,3,3
5926,statically,3,3
5927,stationed,3,1
5928,stator,3,2
5929,stern,3,1
5930,stimulation,3,2
5931,storehouses,3,3
5932,straightedge,3,3
5933,strait,3,3
5934,stratum,3,2
5935,strengthened,3,3
5936,strengths,3,3
5937,striped,3,3
5938,stroboscope,3,1
5939,stylish,3,3
5940,submit,3,3
5941,subsets,3,2
5942,subsolar,3,2
5943,substituted,3,3
5944,subtended,3,3
5945,subunit,3,3
5946,suburb,3,3
5947,succession,3,3
5948,suction,3,3
5949,sudoku,3,1
5950,suffer,3,3
5951,sugarcane,3,2
5952,suggested,3,3
5953,summarizes,3,3
5954,summary,3,3
5955,summit,3,2
5956,sunny,3,3
5957,superimposed,3,3
5958,supermarket,3,3
5959,supplementary,3,3
5960,supplementing,3,1
5961,surrounds,3,3
5962,survival,3,3
5963,susi,3,2
5964,suspect,3,3
5965,suspicious,3,3
5966,swamp,3,1
5967,sweeter,3,3
5968,symptoms,3,2
5969,synaptic,3,3
5970,syndrome,3,2
5971,t4dna,3,2
5972,tablet,3,3
5973,tadpole,3,3
5974,taikang,3,2
5975,tailed,3,3
5976,taipei,3,3
5977,tatiana,3,2
5978,teams,3,3
5979,teddy,3,1
5980,teeth,3,3
5981,terminated,3,3
5982,terrestrial,3,3
5983,territorial,3,3
5984,tesseract,3,3
5985,textiles,3,3
5986,texture,3,3
5987,theoretically,3,3
5988,thousands,3,2
5989,tilim,3,1
5990,timescale,3,3
5991,tins,3,1
5992,tips,3,3
5993,tires,3,2
5994,toad,3,3
5995,tolerance,3,3
5996,tooth,3,1
5997,topography,3,3
5998,topple,3,1
5999,trace,3,2
6000,traces,3,3
6001,trajectories,3,3
6002,transient,3,3
6003,translate,3,3
6004,translates,3,2
6005,traversed,3,3
6006,triggers,3,3
6007,triode,3,2
6008,tubing,3,3
6009,turpan,3,3
6010,typhoon,3,2
6011,ultimate,3,3
6012,unable,3,3
6013,underneath,3,3
6014,unfavorable,3,3
6015,unfold,3,3
6016,unfolds,3,3
6017,uniquely,3,3
6018,university,3,3
6019,unlike,3,3
6020,unloading,3,2
6021,unstretched,3,3
6022,unwound,3,3
6023,upgrading,3,3
6024,upwelling,3,3
6025,urbanized,3,3
6026,urges,3,3
6027,ush,3,1
6028,uygur,3,3
6029,uzy,3,3
6030,valence,3,2
6031,variance,3,3
6032,vectors,3,3
6033,venous,3,3
6034,villages,3,3
6035,vinegar,3,2
6036,viral,3,3
6037,visited,3,3
6038,visits,3,2
6039,vitro,3,3
6040,von,3,1
6041,vote,3,2
6042,voters,3,3
6043,vsi,3,3
6044,vt1,3,2
6045,vzu,3,3
6046,waist,3,2
6047,waiting,3,3
6048,wanjiang,3,2
6049,warp,3,3
6050,washed,3,3
6051,watering,3,3
6052,waterlogged,3,3
6053,wear,3,3
6054,weighed,3,3
6055,weinberg,3,3
6056,wetlands,3,3
6057,whale,3,3
6058,whales,3,3
6059,whirlpool,3,1
6060,widest,3,3
6061,wien,3,3
6062,willi,3,1
6063,winning,3,3
6064,wiper,3,1
6065,wired,3,3
6066,woman,3,2
6067,works,3,3
6068,workshop,3,3
6069,wzy,3,3
6070,x0007,3,3
6071,yan,3,3
6072,yard,3,1
6073,yards,3,2
6074,yehliu,3,3
6075,yibin,3,2
6076,yin,3,1
6077,youngest,3,3
6078,zhangye,3,3
6079,zhuhai,3,1
6080,006q,2,2
6081,100k,2,2
6082,108mm,2,2
6083,10s,2,2
6084,11v,2,2
6085,13x,2,1
6086,1424m,2,2
6087,14m,2,1
6088,14th,2,2
6089,15k,2,2
6090,15m,2,2
6091,15v,2,2
6092,15x,2,2
6093,16th,2,2
6094,17th,2,2
6095,18j,2,2
6096,19th,2,2
6097,200t,2,2
6098,2021st,2,2
6099,21st,2,2
6100,24m,2,2
6101,25k,2,2
6102,25m,2,1
6103,25t,2,2
6104,26th,2,2
6105,2am,2,2
6106,2aq,2,2
6107,2ax,2,2
6108,2be,2,2
6109,2bf,2,2
6110,2ch,2,2
6111,2chch2cooh,2,1
6112,2co,2,2
6113,2de,2,2
6114,2gd,2,2
6115,2hcl,2,2
6116,2kg,2,2
6117,2mg,2,2
6118,2ob,2,2
6119,300k,2,2
6120,300n,2,1
6121,30x,2,2
6122,310k,2,2
6123,310km2,2,2
6124,31st,2,2
6125,3be,2,2
6126,3kg,2,2
6127,3ob,2,2
6128,4000kg,2,2
6129,400t,2,1
6130,4ab,2,2
6131,4be,2,2
6132,4cd,2,2
6133,4cm,2,2
6134,4de,2,2
6135,500m,2,2
6136,50k,2,2
6137,50v,2,2
6138,51g,2,2
6139,52m,2,2
6140,598m,2,2
6141,5ml,2,1
6142,6000m,2,2
6143,6th,2,2
6144,747g,2,2
6145,80m,2,2
6146,98kg,2,2
6147,aardvark,2,1
6148,aat100,2,1
6149,abbreviation,2,2
6150,abcda,2,2
6151,abcf,2,2
6152,abch,2,2
6153,abed,2,2
6154,abfe,2,2
6155,abgf,2,2
6156,abnormality,2,2
6157,aboc,2,2
6158,abom,2,2
6159,abrupt,2,2
6160,absent,2,2
6161,absorbent,2,2
6162,abu,2,2
6163,abundance,2,2
6164,accumulates,2,2
6165,aceb,2,1
6166,acetylation,2,2
6167,acetyltransferase,2,2
6168,achieves,2,2
6169,achieving,2,2
6170,acidity,2,2
6171,acm,2,2
6172,acmdb,2,2
6173,acmn,2,2
6174,acp,2,2
6175,acquires,2,2
6176,acronym,2,1
6177,actinomycete,2,1
6178,actions,2,2
6179,activate,2,2
6180,adapt,2,2
6181,adhere,2,2
6182,adjusts,2,2
6183,adm,2,2
6184,adopting,2,2
6185,adulthood,2,2
6186,aedf,2,2
6187,aefd,2,2
6188,aefh,2,1
6189,aeo,2,2
6190,aerobic,2,2
6191,aesthetic,2,2
6192,afde,2,2
6193,affairs,2,2
6194,afgd,2,2
6195,afpe,2,1
6196,afterwards,2,2
6197,agd,2,2
6198,agency,2,2
6199,aires,2,2
6200,aksu,2,2
6201,alberto,2,1
6202,albino,2,1
6203,alert,2,2
6204,alfonso,2,1
6205,algal,2,1
6206,aliasing,2,2
6207,align,2,1
6208,alkene,2,2
6209,alleviate,2,2
6210,alone,2,2
6211,alphabetical,2,2
6212,alternative,2,2
6213,amb,2,2
6214,amplitudes,2,2
6215,andes,2,2
6216,anm,2,2
6217,ann,2,2
6218,annie,2,2
6219,anolis,2,1
6220,antennae,2,1
6221,anticancer,2,2
6222,anticlockwise,2,2
6223,anus,2,2
6224,anymore,2,2
6225,aobd,2,2
6226,apothem,2,2
6227,approached,2,2
6228,approaching,2,2
6229,aqrd,2,1
6230,aqua,2,1
6231,aquarium,2,2
6232,arab,2,2
6233,arched,2,2
6234,arches,2,1
6235,archipelago,2,2
6236,arizona,2,2
6237,arjun,2,1
6238,arm,2,2
6239,arrangements,2,2
6240,arterial,2,2
6241,artery,2,2
6242,arthropods,2,2
6243,arthur,2,2
6244,ascending,2,2
6245,ascorbic,2,2
6246,ash3,2,2
6247,asha,2,1
6248,ashley,2,1
6249,assist,2,2
6250,assistance,2,2
6251,assisted,2,2
6252,astable,2,2
6253,asymmetrical,2,2
6254,asymptote,2,1
6255,atop,2,2
6256,attains,2,2
6257,attempting,2,2
6258,auto,2,2
6259,autosomes,2,2
6260,awgn,2,1
6261,bacillus,2,1
6262,backflow,2,2
6263,backpacker,2,2
6264,backwards,2,2
6265,bap,2,2
6266,barriers,2,2
6267,bart,2,2
6268,barter,2,1
6269,basically,2,2
6270,bat,2,2
6271,bathroom,2,1
6272,bats,2,2
6273,bcef,2,2
6274,bdf,2,2
6275,bdp,2,2
6276,beaks,2,2
6277,bear,2,2
6278,bears,2,2
6279,beatriz,2,1
6280,beauty,2,2
6281,bedroom,2,1
6282,beetles,2,2
6283,beige,2,1
6284,bends,2,2
6285,beneath,2,2
6286,benefiting,2,2
6287,benny,2,1
6288,bernd,2,1
6289,berries,2,2
6290,beth,2,1
6291,bfco,2,1
6292,bfde,2,1
6293,bicycles,2,2
6294,billions,2,2
6295,bin,2,2
6296,bipolar,2,2
6297,bjorn,2,1
6298,bjts,2,2
6299,blackfly,2,2
6300,bluegill,2,2
6301,bluetooth,2,1
6302,bmc,2,2
6303,boils,2,2
6304,bolded,2,1
6305,boltzmann,2,2
6306,bombard,2,2
6307,bone,2,2
6308,bookshelf,2,1
6309,bookstore,2,2
6310,booths,2,2
6311,bordeaux,2,1
6312,bordered,2,2
6313,borders,2,1
6314,boris,2,2
6315,bottles,2,2
6316,bpf,2,1
6317,brazilian,2,2
6318,breeze,2,2
6319,british,2,2
6320,bromine,2,2
6321,bromosuccinimide,2,2
6322,brother,2,2
6323,bubbled,2,2
6324,bud,2,2
6325,budding,2,2
6326,buds,2,2
6327,buenos,2,2
6328,bugle,2,1
6329,builds,2,2
6330,bulge,2,2
6331,bulk,2,2
6332,bump,2,1
6333,bunchkin,2,1
6334,bundle,2,2
6335,cables,2,2
6336,cableway,2,1
6337,cactus,2,2
6338,caec,2,1
6339,caf,2,2
6340,california,2,2
6341,calorimeter,2,2
6342,cameras,2,2
6343,cannonball,2,1
6344,canton,2,1
6345,caofeidian,2,2
6346,cap,2,2
6347,capsule,2,1
6348,capture,2,2
6349,captures,2,2
6350,carbonate,2,2
6351,carbonyl,2,2
6352,carboxyl,2,1
6353,carmen,2,1
6354,carnot,2,1
6355,carpet,2,1
6356,carrots,2,1
6357,carved,2,2
6358,cascade,2,2
6359,caso,2,2
6360,catalysis,2,2
6361,catalyst,2,2
6362,catalyzed,2,2
6363,catalyzes,2,2
6364,catching,2,2
6365,categories,2,2
6366,categorized,2,2
6367,caterpillars,2,2
6368,cation,2,1
6369,cauliflower,2,1
6370,cave,2,1
6371,cbh,2,1
6372,cdfe,2,2
6373,cdfg,2,2
6374,cdgh,2,1
6375,cdm,2,2
6376,ceg,2,2
6377,celebrated,2,1
6378,cellulase,2,1
6379,cellulose,2,1
6380,cement,2,1
6381,centred,2,1
6382,centroids,2,2
6383,cfa,2,2
6384,ch3c,2,1
6385,ch3ch2ch2br,2,2
6386,ch3ch2ch2ch,2,2
6387,ch3ch2oh,2,2
6388,ch3co2h,2,2
6389,ch3cooh,2,2
6390,championship,2,2
6391,championships,2,2
6392,chance,2,2
6393,changchun,2,1
6394,changzhi,2,1
6395,characters,2,2
6396,charlotte,2,1
6397,cheap,2,2
6398,checkerboard,2,2
6399,chen,2,2
6400,cherries,2,2
6401,chestnut,2,1
6402,chewing,2,2
6403,chirality,2,2
6404,chlorine,2,2
6405,choices,2,2
6406,choke,2,2
6407,chomp,2,1
6408,choosing,2,2
6409,chromatin,2,2
6410,circ,2,2
6411,circumferences,2,2
6412,circumscribe,2,1
6413,citric,2,2
6414,civilized,2,2
6415,clamped,2,2
6416,classroom,2,2
6417,cleaning,2,2
6418,cleared,2,2
6419,clearing,2,1
6420,cleo,2,1
6421,climb,2,2
6422,clk1,2,1
6423,clocked,2,2
6424,cloth,2,1
6425,clover,2,2
6426,cmn,2,1
6427,coated,2,2
6428,coaxial,2,2
6429,cocoon,2,2
6430,codons,2,2
6431,collapses,2,2
6432,collecting,2,1
6433,colorful,2,2
6434,colorless,2,2
6435,commerce,2,2
6436,commission,2,2
6437,commissioning,2,2
6438,commodities,2,2
6439,commutation,2,1
6440,companies,2,2
6441,comparators,2,1
6442,compete,2,2
6443,compress,2,2
6444,concerns,2,2
6445,conditional,2,2
6446,conductivities,2,1
6447,conference,2,1
6448,configured,2,2
6449,confirmed,2,2
6450,confluence,2,2
6451,conformation,2,2
6452,conical,2,2
6453,consideration,2,2
6454,considers,2,2
6455,consisted,2,2
6456,constantly,2,2
6457,constituent,2,2
6458,constitutes,2,2
6459,constructions,2,2
6460,contacting,2,2
6461,contaminant,2,1
6462,contemporary,2,2
6463,contingency,2,2
6464,contribute,2,2
6465,contributes,2,2
6466,convenience,2,2
6467,converting,2,2
6468,conveying,2,2
6469,cooh,2,1
6470,coordination,2,2
6471,coplanar,2,2
6472,corrected,2,1
6473,cos37,2,2
6474,cosme,2,1
6475,cottontails,2,2
6476,couples,2,2
6477,coyotes,2,2
6478,cpe,2,2
6479,creams,2,2
6480,creeping,2,1
6481,crewed,2,2
6482,cricket,2,2
6483,crossover,2,2
6484,crosswise,2,2
6485,crude,2,2
6486,crumpled,2,2
6487,cultures,2,2
6488,cushing,2,1
6489,cyclin,2,1
6490,cyclone,2,1
6491,cytoplasm,2,2
6492,cytoplasmic,2,2
6493,daf,2,2
6494,dairy,2,2
6495,damaged,2,2
6496,damper,2,2
6497,damping,2,2
6498,daniel,2,1
6499,darya,2,2
6500,datapoints,2,2
6501,dcf,2,2
6502,dea,2,2
6503,decf,2,2
6504,decoding,2,2
6505,decomposed,2,2
6506,decomposes,2,2
6507,decorative,2,2
6508,deepest,2,2
6509,deformations,2,2
6510,deg,2,2
6511,degrade,2,1
6512,deletions,2,2
6513,delia,2,1
6514,deliver,2,2
6515,delivery,2,2
6516,dem,2,1
6517,demersum,2,1
6518,demonstrates,2,2
6519,densest,2,2
6520,dependent,2,2
6521,deposited,2,2
6522,deposits,2,2
6523,depot,2,2
6524,describing,2,2
6525,destination,2,2
6526,detects,2,2
6527,determining,2,2
6528,detour,2,1
6529,detoured,2,2
6530,dew,2,2
6531,dfb,2,2
6532,dfge,2,2
6533,dho,2,2
6534,dialogue,2,2
6535,diaphragm,2,1
6536,dichloroethene,2,1
6537,differs,2,2
6538,difficult,2,2
6539,dimethyl,2,2
6540,dino,2,1
6541,disappears,2,2
6542,discharges,2,2
6543,disclosure,2,2
6544,discontinuity,2,2
6545,discover,2,2
6546,discovery,2,2
6547,disjoint,2,2
6548,dispatched,2,2
6549,dispersed,2,2
6550,dissociates,2,2
6551,dissolution,2,2
6552,dissolves,2,2
6553,distantly,2,2
6554,distinguish,2,2
6555,distinguishable,2,1
6556,disturbed,2,2
6557,dive,2,2
6558,divergence,2,1
6559,dmb,2,2
6560,dock,2,2
6561,domestically,2,2
6562,dong,2,1
6563,dorsal,2,2
6564,doubled,2,2
6565,dpip,2,2
6566,drag,2,2
6567,dragonflies,2,1
6568,draught,2,2
6569,dream,2,2
6570,drifting,2,1
6571,drifts,2,2
6572,drilling,2,2
6573,drivers,2,2
6574,drizzle,2,2
6575,drkfr,2,1
6576,drunkard,2,1
6577,dual,2,2
6578,dune,2,1
6579,dung,2,2
6580,dusty,2,2
6581,dynamically,2,2
6582,earthquakes,2,2
6583,earthworm,2,2
6584,earwig,2,2
6585,ecologists,2,2
6586,economically,2,2
6587,economics,2,2
6588,ecori,2,1
6589,ecosystems,2,2
6590,eda,2,2
6591,edm,2,2
6592,eel,2,1
6593,efb,2,2
6594,efcd,2,2
6595,efcg,2,2
6596,effector,2,2
6597,efferent,2,2
6598,eggshell,2,1
6599,ehj,2,2
6600,ejection,2,2
6601,elasticity,2,2
6602,electrically,2,2
6603,electrified,2,2
6604,electrometer,2,1
6605,elephant,2,2
6606,eleven,2,2
6607,ella,2,1
6608,elmer,2,1
6609,elmira,2,1
6610,elongates,2,2
6611,else,2,1
6612,eluted,2,2
6613,embedded,2,2
6614,emblem,2,2
6615,embryo,2,2
6616,embryology,2,2
6617,empirical,2,2
6618,enables,2,2
6619,enameled,2,1
6620,enclosing,2,2
6621,encoding,2,1
6622,encountered,2,2
6623,encouraging,2,2
6624,endocrinologist,2,2
6625,endogenous,2,2
6626,engage,2,2
6627,english,2,2
6628,enhance,2,2
6629,enjoy,2,2
6630,enlarged,2,2
6631,ensures,2,1
6632,entertainment,2,1
6633,enthusiasts,2,2
6634,environments,2,2
6635,epc,2,2
6636,epithelial,2,1
6637,equality,2,2
6638,equivalence,2,2
6639,eras,2,2
6640,erroneous,2,2
6641,escaping,2,2
6642,escherichia,2,2
6643,ethanal,2,2
6644,ethanoic,2,2
6645,ethephon,2,1
6646,ethyl,2,2
6647,evaluation,2,2
6648,eve,2,1
6649,ever,2,2
6650,examples,2,2
6651,excavated,2,1
6652,exchanges,2,1
6653,exhausted,2,2
6654,exogenous,2,2
6655,expect,2,2
6656,expectation,2,2
6657,expels,2,1
6658,expensive,2,2
6659,experts,2,2
6660,explained,2,2
6661,exploitable,2,2
6662,exporting,2,2
6663,expresses,2,2
6664,extent,2,2
6665,extinguishing,2,1
6666,extracting,2,2
6667,extracurricular,2,2
6668,extravehicular,2,1
6669,fabricated,2,2
6670,facts,2,2
6671,fail,2,2
6672,failure,2,2
6673,falcata,2,1
6674,fare,2,1
6675,fashion,2,2
6676,fastened,2,1
6677,faults,2,2
6678,fba,2,2
6679,feedforward,2,1
6680,feg,2,2
6681,felt,2,2
6682,fen,2,2
6683,fermentation,2,2
6684,ferns,2,2
6685,fertilizer,2,2
6686,festive,2,2
6687,fgb,2,2
6688,fgh,2,2
6689,fghi,2,2
6690,fghmn,2,1
6691,fibrous,2,1
6692,filial,2,1
6693,filming,2,1
6694,finches,2,1
6695,finishes,2,2
6696,fir,2,2
6697,fix,2,2
6698,fixing,2,2
6699,flavonoid,2,2
6700,fled,2,1
6701,flee,2,2
6702,flips,2,2
6703,flooding,2,2
6704,floods,2,2
6705,florian,2,2
6706,flowchart,2,2
6707,flowerbeds,2,1
6708,flu,2,2
6709,fluctuation,2,2
6710,flue,2,1
6711,focuses,2,2
6712,foe,2,2
6713,foetus,2,2
6714,foggy,2,2
6715,footbridge,2,1
6716,forced,2,2
6717,forget,2,1
6718,fort,2,1
6719,forwards,2,2
6720,fox,2,2
6721,fractionally,2,1
6722,frankie,2,1
6723,freda,2,2
6724,freezes,2,1
6725,frictionlessly,2,2
6726,friendships,2,1
6727,frsl,2,1
6728,furthermore,2,2
6729,fusicoccin,2,1
6730,fusion,2,2
6731,gable,2,2
6732,gagac,2,1
6733,gained,2,2
6734,gaining,2,2
6735,gaofen,2,1
6736,garage,2,1
6737,garcia,2,1
6738,gaseous,2,2
6739,gather,2,2
6740,gauss,2,2
6741,gave,2,2
6742,gec,2,2
6743,gef,2,2
6744,gender,2,2
6745,generators,2,2
6746,genevieve,2,1
6747,geometrical,2,2
6748,geometrically,2,1
6749,gerda,2,1
6750,germinating,2,2
6751,gina,2,1
6752,girls,2,1
6753,gliding,2,2
6754,glitch,2,1
6755,globalization,2,2
6756,globin,2,1
6757,gluconeogenesis,2,2
6758,glumes,2,2
6759,glutamate,2,2
6760,glutamic,2,2
6761,glycine,2,2
6762,glycinium,2,1
6763,glycolytic,2,1
6764,gmr,2,2
6765,god,2,2
6766,gonads,2,2
6767,gopt,2,2
6768,governance,2,2
6769,graaff,2,2
6770,grabs,2,2
6771,grasslands,2,2
6772,gravitation,2,2
6773,greek,2,2
6774,greenhouse,2,2
6775,greenwich,2,2
6776,grids,2,2
6777,gridtown,2,1
6778,guess,2,1
6779,guilin,2,1
6780,guilty,2,2
6781,guiyang,2,2
6782,gum,2,2
6783,guppy,2,2
6784,h2c2o4,2,1
6785,haikui,2,2
6786,hair,2,2
6787,halo,2,1
6788,haloalkanes,2,2
6789,happened,2,2
6790,happy,2,2
6791,hardened,2,2
6792,hardly,2,2
6793,harness,2,1
6794,harry,2,2
6795,haruna,2,2
6796,harvest,2,2
6797,hatching,2,2
6798,hawaiian,2,2
6799,hazards,2,2
6800,hc2h3o2,2,2
6801,hcd,2,2
6802,health,2,2
6803,heater,2,2
6804,heaven,2,2
6805,heavily,2,2
6806,hebei,2,2
6807,hemiacetal,2,2
6808,hemiketal,2,2
6809,heritage,2,2
6810,heroes,2,2
6811,hexigten,2,2
6812,hip,2,1
6813,hippocampal,2,1
6814,hippocampus,2,1
6815,hometowns,2,2
6816,hong,2,2
6817,hoops,2,1
6818,hospital,2,2
6819,hourly,2,2
6820,hovers,2,2
6821,hso,2,2
6822,huaihe,2,1
6823,huangshan,2,2
6824,hubble,2,1
6825,huinantian,2,1
6826,hwp,2,2
6827,hydraulic,2,1
6828,hydroelectric,2,1
6829,hysteresis,2,2
6830,identically,2,2
6831,identification,2,2
6832,identifies,2,2
6833,identifying,2,1
6834,ignites,2,1
6835,imagined,2,2
6836,impinging,2,2
6837,implementing,2,2
6838,import,2,2
6839,imported,2,2
6840,improving,2,2
6841,impulses,2,2
6842,impulsive,2,2
6843,incomplete,2,2
6844,indirect,2,2
6845,indoor,2,2
6846,induces,2,2
6847,inducing,2,1
6848,inductors,2,2
6849,inertial,2,1
6850,infants,2,1
6851,inferring,2,2
6852,inflate,2,2
6853,inflates,2,2
6854,inflation,2,1
6855,initiates,2,1
6856,innermost,2,2
6857,innervates,2,2
6858,inoculate,2,2
6859,insertions,2,2
6860,insist,2,2
6861,inspired,2,2
6862,instar,2,2
6863,intact,2,2
6864,intellectual,2,2
6865,intended,2,2
6866,intends,2,2
6867,interact,2,2
6868,intercept,2,2
6869,interconnected,2,2
6870,intercropping,2,1
6871,intercross,2,2
6872,interfacing,2,2
6873,interiors,2,2
6874,interquartile,2,2
6875,intestine,2,2
6876,introduction,2,2
6877,intrusion,2,2
6878,iridum,2,2
6879,irregularly,2,2
6880,irrigated,2,2
6881,islet,2,2
6882,isochoric,2,1
6883,isochrone,2,2
6884,isohyets,2,2
6885,isolation,2,2
6886,isoleucine,2,1
6887,isomers,2,2
6888,issues,2,2
6889,italy,2,2
6890,itemize,2,1
6891,iupac,2,2
6892,j100,2,1
6893,jam,2,2
6894,jet,2,2
6895,jette,2,1
6896,jettison,2,1
6897,jianglang,2,2
6898,jin,2,2
6899,jkn,2,2
6900,jlp,2,1
6901,jockey,2,2
6902,jog,2,1
6903,journeys,2,2
6904,kabul,2,1
6905,kan,2,2
6906,karin,2,2
6907,karst,2,2
6908,kathi,2,2
6909,katrin,2,2
6910,kbaud,2,2
6911,kde,2,2
6912,keshiketeng,2,2
6913,kilogram,2,2
6914,kim,2,1
6915,kinase,2,2
6916,klm,2,2
6917,kln,2,2
6918,knots,2,1
6919,kpa,2,2
6920,krills,2,2
6921,kubuqi,2,2
6922,lagrange,2,2
6923,lakes,2,2
6924,landforms,2,2
6925,landslides,2,1
6926,language,2,2
6927,lanthanum,2,2
6928,lap,2,1
6929,latest,2,2
6930,latex,2,1
6931,launches,2,2
6932,leaks,2,2
6933,learn,2,2
6934,learning,2,2
6935,leaved,2,2
6936,legend,2,2
6937,leisurely,2,2
6938,lemon,2,2
6939,lena,2,1
6940,lenz,2,2
6941,leopard,2,2
6942,lesson,2,1
6943,lets,2,2
6944,lettered,2,2
6945,levitate,2,2
6946,levitates,2,2
6947,liepa,2,1
6948,lifetimes,2,2
6949,ligases,2,2
6950,ligated,2,2
6951,lighting,2,2
6952,likes,2,2
6953,limbless,2,2
6954,limitation,2,2
6955,linking,2,2
6956,literature,2,2
6957,lithium,2,1
6958,livestock,2,1
6959,loads,2,2
6960,log,2,2
6961,longtail,2,1
6962,longwave,2,2
6963,lot,2,2
6964,loved,2,2
6965,lovers,2,2
6966,lowered,2,2
6967,lowpass,2,2
6968,lucy,2,1
6969,luis,2,1
6970,lukas,2,1
6971,lung,2,2
6972,mab,2,2
6973,macdonald,2,1
6974,magmatic,2,2
6975,magnesium,2,1
6976,magnetically,2,2
6977,mahi,2,1
6978,mahogany,2,1
6979,maia,2,1
6980,maker,2,1
6981,mandarins,2,1
6982,manganese,2,2
6983,mango,2,2
6984,manicotti,2,1
6985,manifestation,2,2
6986,mantissa,2,2
6987,mantle,2,2
6988,manually,2,1
6989,manufactured,2,2
6990,manufactures,2,2
6991,manure,2,2
6992,marginal,2,2
6993,margot,2,1
6994,markers,2,2
6995,marketed,2,2
6996,marry,2,2
6997,martin,2,2
6998,mats,2,1
6999,maturation,2,2
7000,maximally,2,2
7001,mbcn,2,2
7002,mcdonald,2,2
7003,meat,2,1
7004,medal,2,2
7005,mediated,2,2
7006,mediterranean,2,2
7007,membranous,2,2
7008,menhaden,2,2
7009,mesophyll,2,2
7010,metals,2,2
7011,meteorite,2,1
7012,meteorology,2,2
7013,methacrylate,2,2
7014,methanol,2,2
7015,methyl,2,2
7016,methylamine,2,1
7017,methylbutanoic,2,2
7018,metre,2,1
7019,michael,2,2
7020,micromoles,2,2
7021,microprocessor,2,2
7022,microscopes,2,2
7023,microscopic,2,2
7024,microscopy,2,2
7025,microseconds,2,2
7026,midband,2,2
7027,midfield,2,1
7028,midriff,2,2
7029,midsegment,2,2
7030,midway,2,2
7031,midwestern,2,2
7032,migrate,2,2
7033,migrating,2,1
7034,mike,2,2
7035,miller,2,2
7036,milliseconds,2,2
7037,minnows,2,2
7038,minus,2,2
7039,mission,2,1
7040,mistake,2,2
7041,mnop,2,2
7042,mnp,2,1
7043,mnpr,2,2
7044,mob,2,2
7045,mobile,2,2
7046,moc,2,1
7047,modeled,2,2
7048,modify,2,1
7049,modular,2,2
7050,monatomic,2,2
7051,monogenic,2,2
7052,monster,2,1
7053,morafka,2,2
7054,moritz,2,2
7055,mortality,2,2
7056,mos1,2,1
7057,mos2,2,1
7058,mosif,2,1
7059,mothers,2,1
7060,motivations,2,2
7061,mound,2,2
7062,mouthparts,2,2
7063,mpn,2,2
7064,mpx,2,2
7065,mrs,2,2
7066,mudslide,2,1
7067,mulberry,2,2
7068,multimeter,2,1
7069,multiplexers,2,2
7070,multiplexor,2,1
7071,mutagen,2,2
7072,mutates,2,1
7073,muzzle,2,1
7074,namely,2,2
7075,nameplate,2,2
7076,ncl,2,2
7077,ncl3,2,2
7078,neb,2,2
7079,neighbour,2,2
7080,neurotransmitter,2,2
7081,neutralize,2,2
7082,neutralized,2,2
7083,nevada,2,2
7084,nights,2,2
7085,nile,2,2
7086,ninth,2,1
7087,nitration,2,2
7088,nitrite,2,2
7089,nitrous,2,2
7090,no3,2,2
7091,nonagon,2,2
7092,nonfeeding,2,2
7093,nonoverlapping,2,1
7094,nonzero,2,2
7095,nose,2,1
7096,noticeably,2,2
7097,noticing,2,2
7098,npy,2,2
7099,nucleotides,2,1
7100,null,2,2
7101,numerous,2,2
7102,nurse,2,2
7103,nutritionists,2,2
7104,oacb,2,2
7105,oad,2,2
7106,oap,2,2
7107,oba,2,2
7108,obe,2,2
7109,observes,2,2
7110,oceanic,2,2
7111,ocl,2,2
7112,octet,2,2
7113,odce,2,2
7114,ode,2,2
7115,oef,2,1
7116,olivia,2,1
7117,onward,2,2
7118,operator,2,2
7119,optimizing,2,2
7120,ordering,2,2
7121,ordinary,2,2
7122,ordinates,2,2
7123,orleans,2,1
7124,otl,2,2
7125,ottawa,2,1
7126,outdoor,2,1
7127,outlets,2,2
7128,outspread,2,1
7129,ovaries,2,2
7130,overcast,2,2
7131,overexpression,2,1
7132,overlapped,2,2
7133,overshoot,2,2
7134,overtakes,2,2
7135,ovule,2,2
7136,owls,2,2
7137,owners,2,2
7138,oxalate,2,2
7139,oxidase,2,2
7140,pack,2,2
7141,packages,2,2
7142,pads,2,1
7143,paintings,2,1
7144,paleontology,2,2
7145,panel,2,2
7146,panels,2,1
7147,pao,2,2
7148,parallels,2,2
7149,parasol,2,2
7150,paris,2,2
7151,participants,2,2
7152,participates,2,2
7153,patrolling,2,2
7154,pave,2,1
7155,paved,2,2
7156,pavilion,2,2
7157,paving,2,1
7158,pba,2,2
7159,pbqd,2,1
7160,pca,2,2
7161,pcb,2,2
7162,pcm,2,1
7163,pea,2,1
7164,peach,2,1
7165,peaks,2,2
7166,pear,2,2
7167,pearls,2,1
7168,pebf,2,2
7169,pegs,2,1
7170,pencil,2,2
7171,pendulums,2,1
7172,penultimate,2,2
7173,peppered,2,1
7174,perennial,2,2
7175,peripheral,2,2
7176,personal,2,2
7177,personnel,2,2
7178,perspectives,2,2
7179,pesticides,2,2
7180,pete,2,1
7181,ph3,2,2
7182,pheasant,2,1
7183,photocell,2,1
7184,photodiode,2,1
7185,photography,2,2
7186,phototropism,2,2
7187,photovoltaic,2,2
7188,phreatic,2,2
7189,physoly,2,2
7190,picked,2,1
7191,pickup,2,2
7192,pile,2,2
7193,pilots,2,2
7194,pinch,2,2
7195,pink,2,2
7196,pipette,2,1
7197,pit,2,1
7198,pitch,2,2
7199,pituitary,2,2
7200,plenary,2,2
7201,plug,2,1
7202,plus,2,2
7203,pm10,2,2
7204,pmon,2,2
7205,poe,2,2
7206,poem,2,2
7207,pointers,2,2
7208,policies,2,2
7209,polish,2,2
7210,pollinate,2,2
7211,polluted,2,2
7212,polyline,2,2
7213,polyprotic,2,2
7214,popular,2,2
7215,poq,2,2
7216,pores,2,1
7217,portions,2,2
7218,possibilities,2,2
7219,posterior,2,2
7220,posts,2,1
7221,postsynaptic,2,2
7222,potassium,2,2
7223,pouch,2,1
7224,pounds,2,1
7225,pouring,2,2
7226,pqt,2,2
7227,practice,2,2
7228,practicing,2,2
7229,precedence,2,2
7230,precise,2,2
7231,precursor,2,2
7232,predicting,2,2
7233,predictor,2,2
7234,prefix,2,2
7235,preliminary,2,2
7236,preparation,2,2
7237,prepares,2,2
7238,pres2,2,1
7239,president,2,2
7240,presses,2,2
7241,pressing,2,2
7242,presynaptic,2,2
7243,preventing,2,2
7244,prevention,2,2
7245,priced,2,2
7246,primer,2,2
7247,printing,2,2
7248,proceed,2,2
7249,processed,2,2
7250,profitability,2,2
7251,progeny,2,2
7252,proliferation,2,1
7253,promoter,2,2
7254,prompted,2,2
7255,propanol,2,1
7256,propelled,2,2
7257,propene,2,2
7258,propose,2,2
7259,protected,2,2
7260,psq,2,1
7261,psr,2,2
7262,pudong,2,2
7263,pulmonary,2,1
7264,punch,2,1
7265,punches,2,2
7266,purity,2,1
7267,q3q2q1,2,1
7268,qabo,2,1
7269,qilian,2,2
7270,qingming,2,2
7271,qingzhen,2,2
7272,qps,2,2
7273,qrp,2,2
7274,qrtu,2,2
7275,qualified,2,1
7276,quantitative,2,2
7277,quarantined,2,2
7278,quasi,2,2
7279,quasiparticles,2,1
7280,queen,2,2
7281,rabi,2,1
7282,radiates,2,1
7283,raffinate,2,2
7284,raising,2,2
7285,rammed,2,1
7286,ramming,2,1
7287,ramos,2,1
7288,ranked,2,2
7289,reactant,2,2
7290,reacted,2,2
7291,reacting,2,2
7292,reacts,2,2
7293,rearrangement,2,2
7294,reasoning,2,2
7295,rebound,2,1
7296,receptacle,2,1
7297,recognition,2,2
7298,recombinants,2,1
7299,recurrence,2,2
7300,ref,2,2
7301,reflectivity,2,1
7302,regeneration,2,2
7303,regularly,2,2
7304,regulate,2,2
7305,regulations,2,2
7306,regulatory,2,2
7307,reheated,2,2
7308,relate,2,2
7309,relating,2,2
7310,relations,2,2
7311,relaxation,2,2
7312,reliably,2,2
7313,relies,2,2
7314,remelting,2,2
7315,remember,2,2
7316,removal,2,1
7317,renovation,2,2
7318,replicate,2,2
7319,reserves,2,1
7320,residuals,2,2
7321,resistivities,2,2
7322,resolution,2,2
7323,resonance,2,2
7324,resort,2,1
7325,respects,2,2
7326,restoration,2,2
7327,resulted,2,2
7328,retaining,2,1
7329,retractable,2,1
7330,reversed,2,2
7331,reverses,2,2
7332,reversing,2,1
7333,reviewed,2,2
7334,revitalization,2,2
7335,revolve,2,2
7336,revolving,2,2
7337,ribosomal,2,2
7338,ribosomes,2,2
7339,richter,2,2
7340,ridden,2,2
7341,riemann,2,2
7342,rifle,2,1
7343,riki,2,1
7344,rinderpest,2,2
7345,risen,2,2
7346,rita,2,2
7347,riverbanks,2,2
7348,riverbed,2,2
7349,rom,2,1
7350,roman,2,2
7351,roses,2,2
7352,rotifer,2,2
7353,rounds,2,2
7354,routine,2,2
7355,roving,2,2
7356,rsp,2,2
7357,rstu,2,2
7358,rstv,2,2
7359,rsu,2,2
7360,rsv,2,2
7361,rutherford,2,2
7362,sabc,2,1
7363,sacha,2,1
7364,sailboat,2,1
7365,sal,2,1
7366,salamander,2,2
7367,salmon,2,2
7368,sam,2,1
7369,sandbags,2,2
7370,sandwich,2,1
7371,sandy,2,2
7372,sangluo,2,2
7373,sanya,2,2
7374,sap,2,2
7375,sarcolemma,2,2
7376,sasha,2,1
7377,saturn,2,2
7378,sau3ai,2,1
7379,says,2,2
7380,sb2,2,1
7381,sbh3,2,2
7382,schemes,2,2
7383,schools,2,1
7384,scientist,2,2
7385,screens,2,2
7386,screw,2,1
7387,seamlessly,2,2
7388,search,2,2
7389,seashore,2,2
7390,seated,2,1
7391,secretes,2,2
7392,sedan,2,1
7393,sedimentary,2,2
7394,sediments,2,1
7395,seedling,2,2
7396,seeing,2,2
7397,selfed,2,1
7398,sending,2,2
7399,senescence,2,1
7400,sensitivity,2,2
7401,serine,2,2
7402,serves,2,2
7403,settle,2,2
7404,shaanxi,2,2
7405,shadows,2,2
7406,shafts,2,1
7407,shaken,2,1
7408,shall,2,2
7409,sharing,2,2
7410,sharply,2,2
7411,sheath,2,2
7412,sheep,2,2
7413,sheila,2,1
7414,shellfish,2,2
7415,shelves,2,1
7416,shielding,2,2
7417,shifted,2,2
7418,shilin,2,2
7419,shining,2,2
7420,shipped,2,2
7421,shirt,2,1
7422,shoe,2,2
7423,shone,2,2
7424,shortwave,2,2
7425,shots,2,2
7426,shrank,2,2
7427,shrink,2,2
7428,shunt,2,2
7429,shut,2,2
7430,siblings,2,2
7431,sidelength,2,2
7432,siderophores,2,1
7433,sierra,2,2
7434,silt,2,1
7435,silted,2,2
7436,silting,2,2
7437,silvered,2,2
7438,simbel,2,2
7439,simone,2,1
7440,simplifying,2,2
7441,sink,2,2
7442,sinus,2,2
7443,sio2,2,1
7444,sisters,2,2
7445,sixty,2,2
7446,skateboards,2,1
7447,skeletal,2,2
7448,skeleton,2,2
7449,skills,2,2
7450,slanted,2,1
7451,slippage,2,2
7452,sloped,2,2
7453,slot,2,1
7454,slows,2,2
7455,smelt,2,2
7456,smelter,2,2
7457,smelting,2,2
7458,snap,2,1
7459,soaking,2,1
7460,soared,2,2
7461,socioeconomic,2,2
7462,software,2,2
7463,sol,2,1
7464,solenoids,2,2
7465,southwesternmost,2,1
7466,soybeans,2,1
7467,spacer,2,1
7468,spacewalking,2,1
7469,spaghetti,2,1
7470,speaker,2,2
7471,speaking,2,2
7472,specializes,2,2
7473,speeding,2,2
7474,spend,2,2
7475,sperm,2,2
7476,spermatocytes,2,1
7477,spilling,2,2
7478,sport,2,2
7479,sports,2,2
7480,sportswear,2,2
7481,spotted,2,2
7482,spread,2,2
7483,spreads,2,2
7484,squirrel,2,2
7485,squirrels,2,2
7486,src,2,2
7487,stabilize,2,2
7488,stabilized,2,2
7489,stably,2,2
7490,stacks,2,1
7491,stained,2,2
7492,stairs,2,2
7493,stalagmites,2,2
7494,stalk,2,2
7495,stamping,2,2
7496,standardized,2,2
7497,startup,2,2
7498,starve,2,2
7499,stems,2,2
7500,steph,2,1
7501,steppe,2,1
7502,stereoisomers,2,2
7503,sterile,2,1
7504,stokes,2,1
7505,stomata,2,1
7506,stomatal,2,2
7507,stood,2,2
7508,stormer,2,1
7509,strawberries,2,2
7510,streetlight,2,2
7511,streetlights,2,2
7512,strike,2,2
7513,striking,2,2
7514,strokes,2,1
7515,stronger,2,2
7516,strontium,2,1
7517,style,2,2
7518,subjects,2,2
7519,substitutions,2,2
7520,subsystems,2,1
7521,subtending,2,2
7522,subtilis,2,1
7523,subtraction,2,2
7524,sudden,2,2
7525,suffered,2,2
7526,suffering,2,2
7527,suit,2,2
7528,suitcase,2,1
7529,sulfite,2,1
7530,sulfoxide,2,2
7531,sunflowers,2,1
7532,sunshade,2,1
7533,sunspot,2,1
7534,suppression,2,2
7535,surveyed,2,2
7536,survive,2,2
7537,sustained,2,2
7538,swap,2,2
7539,swapped,2,1
7540,symbiotic,2,1
7541,syncronous,2,2
7542,synthesize,2,1
7543,synthesizes,2,2
7544,syringe,2,2
7545,tablets,2,2
7546,tabular,2,1
7547,tabulated,2,2
7548,taihang,2,2
7549,taitung,2,2
7550,tanks,2,2
7551,tapes,2,1
7552,targets,2,2
7553,task,2,2
7554,taste,2,2
7555,tax,2,1
7556,taxes,2,2
7557,taylor,2,1
7558,tea,2,2
7559,tectonic,2,1
7560,tectonics,2,2
7561,tem,2,2
7562,temporary,2,2
7563,termite,2,2
7564,thaliana,2,2
7565,theme,2,2
7566,thicknesses,2,2
7567,think,2,2
7568,thirty,2,2
7569,thomas,2,2
7570,thorax,2,2
7571,thrusters,2,1
7572,tianjin,2,2
7573,tighten,2,1
7574,tightrope,2,1
7575,tikzpicture,2,1
7576,tiling,2,1
7577,tire,2,1
7578,tissues,2,2
7579,tomatoes,2,2
7580,too,2,2
7581,toppings,2,2
7582,toss,2,2
7583,totipotent,2,2
7584,tournament,2,2
7585,tracked,2,2
7586,trained,2,2
7587,trainees,2,1
7588,trainer,2,1
7589,tranquil,2,2
7590,transconductances,2,2
7591,transitioned,2,2
7592,transitions,2,2
7593,transmit,2,2
7594,transmittance,2,1
7595,transmitting,2,2
7596,transparencies,2,1
7597,transports,2,2
7598,trapeziums,2,2
7599,trefoil,2,1
7600,trials,2,2
7601,triangulated,2,1
7602,tries,2,2
7603,triomino,2,1
7604,trioxide,2,2
7605,trisect,2,2
7606,trolleybuses,2,2
7607,tromino,2,1
7608,trominos,2,1
7609,troops,2,1
7610,trucks,2,2
7611,tsui,2,1
7612,tualang,2,2
7613,tulip,2,2
7614,tunable,2,1
7615,turbulent,2,2
7616,turtle,2,1
7617,tuv,2,2
7618,tuvr,2,1
7619,twin,2,2
7620,twyz,2,2
7621,ultimately,2,2
7622,umbrella,2,2
7623,umbrellas,2,2
7624,uncoloured,2,1
7625,understanding,2,2
7626,undissolved,2,2
7627,unfolding,2,2
7628,unicycle,2,1
7629,unless,2,2
7630,unlimited,2,2
7631,unmanned,2,2
7632,unpainted,2,1
7633,unpowered,2,2
7634,unprecedented,2,2
7635,unrelated,2,2
7636,unsaturated,2,2
7637,unshorted,2,2
7638,unsymmetrical,2,2
7639,unusually,2,2
7640,uppermost,2,2
7641,uptake,2,2
7642,uracil,2,2
7643,urey,2,2
7644,urumqi,2,2
7645,usage,2,2
7646,usher,2,2
7647,ushuaia,2,2
7648,utilized,2,2
7649,valleys,2,2
7650,vanilla,2,2
7651,vaporization,2,2
7652,var,2,2
7653,variant,2,2
7654,veins,2,2
7655,venezuela,2,1
7656,verge,2,2
7657,version,2,2
7658,vietnam,2,2
7659,vietnamese,2,2
7660,violated,2,2
7661,violet,2,1
7662,visualized,2,2
7663,vowel,2,2
7664,voyage,2,2
7665,vt2,2,2
7666,wafers,2,2
7667,wait,2,2
7668,walkways,2,1
7669,walled,2,2
7670,wanda,2,1
7671,wands,2,1
7672,wangjiazhai,2,2
7673,wanzhou,2,2
7674,waterbird,2,1
7675,waterlogging,2,1
7676,watt,2,2
7677,weaken,2,2
7678,weaker,2,2
7679,weakest,2,2
7680,wears,2,2
7681,weasels,2,1
7682,weathered,2,2
7683,weathertong,2,2
7684,wedges,2,1
7685,weekly,2,2
7686,weightlessness,2,1
7687,welcomed,2,2
7688,westward,2,1
7689,wharf,2,2
7690,whenever,2,2
7691,whichever,2,2
7692,whistle,2,1
7693,whistles,2,1
7694,wholesale,2,2
7695,whom,2,2
7696,winged,2,1
7697,wingless,2,2
7698,winner,2,2
7699,wiring,2,1
7700,wisconsin,2,1
7701,wished,2,2
7702,wolves,2,2
7703,words,2,2
7704,worked,2,2
7705,workflow,2,2
7706,worm,2,2
7707,xiaofang,2,1
7708,yanshan,2,2
7709,yarkand,2,2
7710,yesterday,2,2
7711,younger,2,2
7712,zag,2,2
7713,zaozhuang,2,2
7714,zeeman,2,1
7715,zeros,2,2
7716,zhangjiakou,2,1
7717,zhou,2,2
7718,ziel,2,2
7719,zig,2,2
7720,zigzag,2,2
7721,zigzagging,2,1
7722,zirconium,2,2
7723,zonation,2,2
7724,zpf,2,1
7725,zwx,2,2
7726,zygotic,2,1
7727,zyw,2,1
7728,zyx,2,2
7729,01c,1,1
7730,01s,1,1
7731,03a9,1,1
7732,04kg,1,1
7733,09x,1,1
7734,0cm,1,1
7735,10000t,1,1
7736,1000m,1,1
7737,100km,1,1
7738,100v,1,1
7739,10a,1,1
7740,10cm,1,1
7741,10h,1,1
7742,10l,1,1
7743,10mv,1,1
7744,10n,1,1
7745,10r,1,1
7746,10u,1,1
7747,10w,1,1
7748,11a,1,1
7749,11kv,1,1
7750,11kw,1,1
7751,11r0,1,1
7752,127g,1,1
7753,12cm,1,1
7754,12f,1,1
7755,12l,1,1
7756,12m,1,1
7757,13cm,1,1
7758,13g,1,1
7759,13m,1,1
7760,13th,1,1
7761,140n,1,1
7762,14h,1,1
7763,14h30min,1,1
7764,14n,1,1
7765,14x,1,1
7766,150v,1,1
7767,15cm,1,1
7768,15km,1,1
7769,15min,1,1
7770,15s,1,1
7771,15th,1,1
7772,1600m,1,1
7773,16b,1,1
7774,16n,1,1
7775,16p,1,1
7776,16qam,1,1
7777,16r,1,1
7778,1780s,1,1
7779,180v,1,1
7780,18x,1,1
7781,1ab,1,1
7782,1ao,1,1
7783,1atm,1,1
7784,1cdo,1,1
7785,1ma,1,1
7786,2000m,1,1
7787,2000t,1,1
7788,200k,1,1
7789,200mm,1,1
7790,2011th,1,1
7791,2012th,1,1
7792,2019a,1,1
7793,2019b,1,1
7794,2019c,1,1
7795,2019d,1,1
7796,2022nd,1,1
7797,2023rd,1,1
7798,20b,1,1
7799,20c,1,1
7800,20l,1,1
7801,20min,1,1
7802,20mm,1,1
7803,20n,1,1
7804,20t,1,1
7805,2200v,1,1
7806,220sin,1,1
7807,22nd,1,1
7808,24h,1,1
7809,24v,1,1
7810,250k,1,1
7811,250n,1,1
7812,25cm,1,1
7813,25mv,1,1
7814,25r,1,1
7815,25th,1,1
7816,273k,1,1
7817,27th,1,1
7818,280k,1,1
7819,28th,1,1
7820,298k,1,1
7821,2aa,1,1
7822,2ac,1,1
7823,2ao,1,1
7824,2cf,1,1
7825,2cn,1,1
7826,2co2,1,1
7827,2cq,1,1
7828,2db,1,1
7829,2dc,1,1
7830,2ec,1,1
7831,2ed,1,1
7832,2em,1,1
7833,2eo,1,1
7834,2fe,1,1
7835,2hd,1,1
7836,2hno,1,1
7837,2kl,1,1
7838,2lm,1,1
7839,2mc,1,1
7840,2mn,1,1
7841,2ms,1,1
7842,2mx,1,1
7843,2na,1,1
7844,2nacl,1,1
7845,2nc,1,1
7846,2nch,1,1
7847,2nh,1,1
7848,2nh3,1,1
7849,2no2,1,1
7850,2nt,1,1
7851,2o2,1,1
7852,2of,1,1
7853,2pq,1,1
7854,2qd,1,1
7855,2xy,1,1
7856,300m,1,1
7857,3099m,1,1
7858,30h,1,1
7859,30kv,1,1
7860,30min,1,1
7861,30v,1,1
7862,311sin,1,1
7863,311sin100,1,1
7864,32mg,1,1
7865,342mm,1,1
7866,3500m,1,1
7867,36j,1,1
7868,36k,1,1
7869,3776m,1,1
7870,37th,1,1
7871,3ac,1,1
7872,3bc,1,1
7873,3cd,1,1
7874,3ce,1,1
7875,3cf,1,1
7876,3cm,1,1
7877,3coh,1,1
7878,3db,1,1
7879,3df,1,1
7880,3dg8,1,1
7881,3dn,1,1
7882,3ec,1,1
7883,3fc,1,1
7884,3h2o,1,1
7885,3mb,1,1
7886,3mg,1,1
7887,3mn,1,1
7888,3nad,1,1
7889,3nadh,1,1
7890,3no,1,1
7891,3no2,1,1
7892,3oa,1,1
7893,3od,1,1
7894,3om,1,1
7895,400v,1,1
7896,40m,1,1
7897,40min,1,1
7898,40n,1,1
7899,40rad,1,1
7900,40v,1,1
7901,40w,1,1
7902,44w,1,1
7903,452b,1,1
7904,46s,1,1
7905,46th,1,1
7906,4ax,1,1
7907,4hno3,1,1
7908,4kg,1,1
7909,4km,1,1
7910,4ktr,1,1
7911,4mg,1,1
7912,4ms,1,1
7913,4n2,1,1
7914,4no,1,1
7915,4om,1,1
7916,4pb,1,1
7917,4qb,1,1
7918,500g,1,1
7919,500k,1,1
7920,500t,1,1
7921,50hz,1,1
7922,50min,1,1
7923,50s,1,1
7924,52v,1,1
7925,53rd,1,1
7926,54th,1,1
7927,573g,1,1
7928,5atm,1,1
7929,5kg,1,1
7930,5pc,1,1
7931,5r0,1,1
7932,60ev,1,1
7933,60s,1,1
7934,60v,1,1
7935,60w,1,1
7936,628t,1,1
7937,66w,1,1
7938,6bp,1,1
7939,74ls161,1,1
7940,74v,1,1
7941,8000kg,1,1
7942,800k,1,1
7943,800m,1,1
7944,800mm,1,1
7945,8085a,1,1
7946,80n,1,1
7947,80s,1,1
7948,8gl,1,1
7949,8mg,1,1
7950,90s,1,1
7951,93k,1,1
7952,96m,1,1
7953,abandoned,1,1
7954,abbas,1,1
7955,abcdefg,1,1
7956,abcp,1,1
7957,abcq,1,1
7958,abdf,1,1
7959,abdomen,1,1
7960,abec,1,1
7961,abfc,1,1
7962,abg,1,1
7963,abgd,1,1
7964,abh,1,1
7965,abih,1,1
7966,ablate,1,1
7967,abmn,1,1
7968,abnmd,1,1
7969,aboard,1,1
7970,abpc,1,1
7971,abq,1,1
7972,abscissae,1,1
7973,absolutely,1,1
7974,absr,1,1
7975,abutting,1,1
7976,aca,1,1
7977,acbd,1,1
7978,accelerators,1,1
7979,accept,1,1
7980,acceptance,1,1
7981,acceptor,1,1
7982,accessibility,1,1
7983,accessory,1,1
7984,acclaimed,1,1
7985,accomplish,1,1
7986,accomplished,1,1
7987,accumulator,1,1
7988,aced,1,1
7989,acetabularia,1,1
7990,acfg,1,1
7991,acgd,1,1
7992,achi,1,1
7993,achievable,1,1
7994,achromaticity,1,1
7995,acq,1,1
7996,acquire,1,1
7997,acquired,1,1
7998,acquisition,1,1
7999,acth,1,1
8000,adaptability,1,1
8001,adaptation,1,1
8002,adaptations,1,1
8003,adcb,1,1
8004,addresses,1,1
8005,adeg,1,1
8006,adg,1,1
8007,adhg,1,1
8008,adiabatically,1,1
8009,adjustments,1,1
8010,adn,1,1
8011,adoe,1,1
8012,adorned,1,1
8013,adrenocorticotropic,1,1
8014,adriana,1,1
8015,adsorbing,1,1
8016,advances,1,1
8017,advocated,1,1
8018,ady,1,1
8019,aecd,1,1
8020,aedb,1,1
8021,aee,1,1
8022,aegh,1,1
8023,aeh,1,1
8024,aeks,1,1
8025,aem,1,1
8026,aeod,1,1
8027,aeph,1,1
8028,aeration,1,1
8029,aerial,1,1
8030,aeronautics,1,1
8031,aerosols,1,1
8032,aerospace,1,1
8033,afd,1,1
8034,afferent,1,1
8035,affiliated,1,1
8036,afh,1,1
8037,afr,1,1
8038,african,1,1
8039,agch,1,1
8040,agcl,1,1
8041,agfb,1,1
8042,aggravate,1,1
8043,aggravation,1,1
8044,aggregation,1,1
8045,aghi,1,1
8046,agi,1,1
8047,agq,1,1
8048,agro,1,1
8049,ahc,1,1
8050,ahf,1,1
8051,ahg,1,1
8052,aib,1,1
8053,aic,1,1
8054,aid,1,1
8055,aiming,1,1
8056,aims,1,1
8057,airborne,1,1
8058,airports,1,1
8059,ajabchchija,1,1
8060,aje,1,1
8061,ajicb,1,1
8062,akash,1,1
8063,akb,1,1
8064,akin,1,1
8065,aladdin,1,1
8066,alarm,1,1
8067,algael,1,1
8068,algebra,1,1
8069,alicia,1,1
8070,alignment,1,1
8071,alive,1,1
8072,alkaline,1,1
8073,alligator,1,1
8074,aloft,1,1
8075,alongside,1,1
8076,alpha,1,1
8077,alphabet,1,1
8078,alphabetic,1,1
8079,alps,1,1
8080,alternatively,1,1
8081,altimeter,1,1
8082,alumnus,1,1
8083,ambiguously,1,1
8084,amc8,1,1
8085,amd,1,1
8086,amde,1,1
8087,amery,1,1
8088,aminotransferase,1,1
8089,amongst,1,1
8090,amphibious,1,1
8091,amplifiers,1,1
8092,ampn,1,1
8093,amy,1,1
8094,anaerobic,1,1
8095,analogy,1,1
8096,analyzes,1,1
8097,anaphase,1,1
8098,anastasia,1,1
8099,anchor,1,1
8100,anchored,1,1
8101,ancients,1,1
8102,andrea,1,1
8103,andy,1,1
8104,angeles,1,1
8105,aniline,1,1
8106,animolympiad,1,1
8107,anion,1,1
8108,anita,1,1
8109,ankle,1,1
8110,anmd,1,1
8111,anne,1,1
8112,annotated,1,1
8113,annotating,1,1
8114,announced,1,1
8115,annular,1,1
8116,anomalous,1,1
8117,ansatz,1,1
8118,antennas,1,1
8119,anterior,1,1
8120,anther,1,1
8121,antimicrobial,1,1
8122,aoa,1,1
8123,aobcpd,1,1
8124,aobp,1,1
8125,aoi,1,1
8126,aon,1,1
8127,aorta,1,1
8128,apartment,1,1
8129,apcd,1,1
8130,apg,1,1
8131,apice,1,1
8132,apn,1,1
8133,appendix,1,1
8134,apples,1,1
8135,applicable,1,1
8136,appreciated,1,1
8137,appropriately,1,1
8138,approve,1,1
8139,approximates,1,1
8140,approximating,1,1
8141,approximations,1,1
8142,apqm,1,1
8143,apqrs,1,1
8144,aqb,1,1
8145,aqc,1,1
8146,aqcp,1,1
8147,aquaporin,1,1
8148,arable,1,1
8149,arachnids,1,1
8150,arcade,1,1
8151,archaeological,1,1
8152,archery,1,1
8153,argument,1,1
8154,armrest,1,1
8155,armrests,1,1
8156,arno,1,1
8157,arose,1,1
8158,aroused,1,1
8159,arriving,1,1
8160,articles,1,1
8161,artificially,1,1
8162,artistic,1,1
8163,arts,1,1
8164,ashy,1,1
8165,asking,1,1
8166,aspen,1,1
8167,assemble,1,1
8168,assembles,1,1
8169,assembling,1,1
8170,assess,1,1
8171,assumes,1,1
8172,asterisk,1,1
8173,asteroid,1,1
8174,asters,1,1
8175,aswan,1,1
8176,asymmetric,1,1
8177,asynchronous,1,1
8178,ate,1,1
8179,atown,1,1
8180,atrophy,1,1
8181,attach,1,1
8182,attachment,1,1
8183,attack,1,1
8184,attended,1,1
8185,attenuation,1,1
8186,attenuator,1,1
8187,attitude,1,1
8188,attributed,1,1
8189,authorities,1,1
8190,autumnal,1,1
8191,averages,1,1
8192,averaging,1,1
8193,averculus,1,1
8194,avogadro,1,1
8195,avoids,1,1
8196,awarding,1,1
8197,awards,1,1
8198,aware,1,1
8199,axles,1,1
8200,axon,1,1
8201,axonal,1,1
8202,axyz,1,1
8203,ayrshire,1,1
8204,azaleas,1,1
8205,azc,1,1
8206,azra,1,1
8207,b8s,1,1
8208,bacb,1,1
8209,bacl,1,1
8210,bacteriophage,1,1
8211,bacterium,1,1
8212,baffles,1,1
8213,bait,1,1
8214,bak,1,1
8215,balcony,1,1
8216,bald,1,1
8217,bamh,1,1
8218,bamhi,1,1
8219,bananas,1,1
8220,bandar,1,1
8221,bandgap,1,1
8222,bandpass,1,1
8223,bang,1,1
8224,baosteel,1,1
8225,baotai,1,1
8226,barb,1,1
8227,barbs,1,1
8228,baris,1,1
8229,barn,1,1
8230,barney,1,1
8231,baroreceptors,1,1
8232,barry,1,1
8233,bask,1,1
8234,bath,1,1
8235,baton,1,1
8236,battle,1,1
8237,battleships,1,1
8238,bax,1,1
8239,bayonets,1,1
8240,bcb,1,1
8241,bcgf,1,1
8242,bche,1,1
8243,bchi,1,1
8244,bcm,1,1
8245,bcme,1,1
8246,bcn,1,1
8247,bcos,1,1
8248,bdce,1,1
8249,bdef,1,1
8250,bdeo,1,1
8251,bdfe,1,1
8252,bdm,1,1
8253,bdo,1,1
8254,bdoe,1,1
8255,bea,1,1
8256,bean,1,1
8257,beattie,1,1
8258,beautification,1,1
8259,beaver,1,1
8260,becf,1,1
8261,beech,1,1
8262,beef,1,1
8263,beginners,1,1
8264,begonias,1,1
8265,begun,1,1
8266,beh,1,1
8267,behaves,1,1
8268,beih,1,1
8269,beings,1,1
8270,believes,1,1
8271,bella,1,1
8272,beloit,1,1
8273,belonging,1,1
8274,benefited,1,1
8275,bengal,1,1
8276,benjamin,1,1
8277,benzene,1,1
8278,benzoic,1,1
8279,beof,1,1
8280,bernoulli,1,1
8281,betown,1,1
8282,betsy,1,1
8283,betty,1,1
8284,bfg,1,1
8285,bfge,1,1
8286,bfpe,1,1
8287,bhd,1,1
8288,bia,1,1
8289,biases,1,1
8290,bicolor,1,1
8291,bid,1,1
8292,bidirectional,1,1
8293,bijk,1,1
8294,biked,1,1
8295,bikers,1,1
8296,billiards,1,1
8297,billowing,1,1
8298,biodiversity,1,1
8299,biofilter,1,1
8300,biologist,1,1
8301,bioremediation,1,1
8302,bisexual,1,1
8303,bistable,1,1
8304,bites,1,1
8305,bjf,1,1
8306,blackboard,1,1
8307,blackbodies,1,1
8308,blade,1,1
8309,blanks,1,1
8310,blc,1,1
8311,blob,1,1
8312,blobs,1,1
8313,blockage,1,1
8314,bloodstream,1,1
8315,blooming,1,1
8316,blooms,1,1
8317,blows,1,1
8318,bluejays,1,1
8319,blurred,1,1
8320,bmd,1,1
8321,bmt,1,1
8322,bodily,1,1
8323,bohr,1,1
8324,boil,1,1
8325,bologna,1,1
8326,bolted,1,1
8327,bolts,1,1
8328,bomb,1,1
8329,bones,1,1
8330,bony,1,1
8331,boosters,1,1
8332,boq,1,1
8333,born,1,1
8334,borne,1,1
8335,botanical,1,1
8336,bottlenose,1,1
8337,bottomed,1,1
8338,bottomless,1,1
8339,bottommost,1,1
8340,bought,1,1
8341,bowlike,1,1
8342,bows,1,1
8343,boys,1,1
8344,bpa,1,1
8345,bpq,1,1
8346,branched,1,1
8347,branching,1,1
8348,brave,1,1
8349,bravely,1,1
8350,breakers,1,1
8351,brewing,1,1
8352,bridget,1,1
8353,bridging,1,1
8354,briefly,1,1
8355,brightly,1,1
8356,britain,1,1
8357,broadening,1,1
8358,brocade,1,1
8359,bronchioles,1,1
8360,brothers,1,1
8361,brushed,1,1
8362,brushing,1,1
8363,brushstrokes,1,1
8364,bsc,1,1
8365,buffalo,1,1
8366,buffered,1,1
8367,builder,1,1
8368,bulletin,1,1
8369,bungee,1,1
8370,bunnies,1,1
8371,bunny,1,1
8372,buoys,1,1
8373,buried,1,1
8374,burnout,1,1
8375,burns,1,1
8376,burst,1,1
8377,bursts,1,1
8378,bury,1,1
8379,businesses,1,1
8380,buttoned,1,1
8381,buy,1,1
8382,bwl,1,1
8383,byline,1,1
8384,bza,1,1
8385,c4h10,1,1
8386,c5h12,1,1
8387,c6h5cl,1,1
8388,c6h5cooh,1,1
8389,c6h5nh2,1,1
8390,c6h5no2,1,1
8391,ca6140,1,1
8392,caco3,1,1
8393,cafg,1,1
8394,cai,1,1
8395,calculable,1,1
8396,calculating,1,1
8397,calf,1,1
8398,calibrated,1,1
8399,calibration,1,1
8400,calligraphy,1,1
8401,calls,1,1
8402,calyx,1,1
8403,cam,1,1
8404,camel,1,1
8405,campbell,1,1
8406,camped,1,1
8407,candidate,1,1
8408,cang,1,1
8409,cannas,1,1
8410,canyon,1,1
8411,capability,1,1
8412,capacitation,1,1
8413,capacities,1,1
8414,caps,1,1
8415,capturing,1,1
8416,caravan,1,1
8417,carbohydrate,1,1
8418,carbohydrates,1,1
8419,cardiovascular,1,1
8420,caribou,1,1
8421,carlin,1,1
8422,carolina,1,1
8423,carotenoids,1,1
8424,carp,1,1
8425,carpel,1,1
8426,carriages,1,1
8427,cassette,1,1
8428,casting,1,1
8429,casts,1,1
8430,catalase,1,1
8431,catalytic,1,1
8432,catalyzing,1,1
8433,catapults,1,1
8434,cathedrals,1,1
8435,cathie,1,1
8436,cats,1,1
8437,cattle,1,1
8438,cava,1,1
8439,cbg,1,1
8440,cbo,1,1
8441,ccp,1,1
8442,cd4060,1,1
8443,cd555,1,1
8444,cdab,1,1
8445,cdbp,1,1
8446,cdc,1,1
8447,cdco,1,1
8448,cdgb,1,1
8449,cdnm,1,1
8450,cdpq,1,1
8451,cea,1,1
8452,ceases,1,1
8453,cedf,1,1
8454,cefh,1,1
8455,celebratory,1,1
8456,centremost,1,1
8457,centrifugation,1,1
8458,centromere,1,1
8459,centrosome,1,1
8460,ceo,1,1
8461,ceremony,1,1
8462,cetown,1,1
8463,cfh,1,1
8464,cgd,1,1
8465,cgp,1,1
8466,cgpf,1,1
8467,ch2,1,1
8468,ch2oh,1,1
8469,ch3ch2ch2cho,1,1
8470,ch3ch2ch2oh,1,1
8471,ch3co,1,1
8472,chairman,1,1
8473,changzhen,1,1
8474,changzheng,1,1
8475,chantal,1,1
8476,charles,1,1
8477,charm,1,1
8478,chase,1,1
8479,cheaply,1,1
8480,checked,1,1
8481,chelicerates,1,1
8482,chemicals,1,1
8483,chenggong,1,1
8484,chenille,1,1
8485,cherry,1,1
8486,chest,1,1
8487,chile,1,1
8488,chipmunk,1,1
8489,chipmunks,1,1
8490,chiral,1,1
8491,chive,1,1
8492,chlorobenzene,1,1
8493,chlorophylls,1,1
8494,choh,1,1
8495,cholera,1,1
8496,cholerae,1,1
8497,cholesterol,1,1
8498,chongming,1,1
8499,christina,1,1
8500,chromatids,1,1
8501,chronically,1,1
8502,chrysalis,1,1
8503,chuan,1,1
8504,chuck,1,1
8505,chungus,1,1
8506,church,1,1
8507,chutes,1,1
8508,cicada,1,1
8509,cichlids,1,1
8510,circuitry,1,1
8511,circularly,1,1
8512,circulate,1,1
8513,circulating,1,1
8514,circumbinary,1,1
8515,circumcentre,1,1
8516,citizen,1,1
8517,citizens,1,1
8518,citrus,1,1
8519,cjg,1,1
8520,clad,1,1
8521,cladding,1,1
8522,cladophora,1,1
8523,claimed,1,1
8524,clam,1,1
8525,clamp,1,1
8526,clamping,1,1
8527,clams,1,1
8528,clara,1,1
8529,classic,1,1
8530,classify,1,1
8531,classrooms,1,1
8532,claudette,1,1
8533,clay,1,1
8534,clayey,1,1
8535,cleaned,1,1
8536,clearance,1,1
8537,cleft,1,1
8538,cleuza,1,1
8539,clever,1,1
8540,clf,1,1
8541,climbed,1,1
8542,climber,1,1
8543,clinging,1,1
8544,clk2,1,1
8545,clone,1,1
8546,cloning,1,1
8547,clotting,1,1
8548,cloudy,1,1
8549,clubs,1,1
8550,cmd,1,1
8551,cmjkn,1,1
8552,cms,1,1
8553,cntv,1,1
8554,coastline,1,1
8555,coaxially,1,1
8556,cobweb,1,1
8557,cocked,1,1
8558,coconut,1,1
8559,coiled,1,1
8560,colby,1,1
8561,collapsed,1,1
8562,collect,1,1
8563,colonize,1,1
8564,colony,1,1
8565,coloration,1,1
8566,colossal,1,1
8567,colourings,1,1
8568,columnar,1,1
8569,combat,1,1
8570,comfort,1,1
8571,command,1,1
8572,commence,1,1
8573,commissions,1,1
8574,committed,1,1
8575,compact,1,1
8576,companding,1,1
8577,compensate,1,1
8578,competitor,1,1
8579,complement,1,1
8580,complements,1,1
8581,compliance,1,1
8582,compose,1,1
8583,composing,1,1
8584,comprised,1,1
8585,computing,1,1
8586,con,1,1
8587,concavo,1,1
8588,concern,1,1
8589,concerning,1,1
8590,conclude,1,1
8591,concluding,1,1
8592,condensers,1,1
8593,conducive,1,1
8594,condyle,1,1
8595,cones,1,1
8596,confirm,1,1
8597,conformational,1,1
8598,conforming,1,1
8599,confucius,1,1
8600,conidia,1,1
8601,conifers,1,1
8602,conjugate,1,1
8603,conoesucidae,1,1
8604,consanguineous,1,1
8605,consequence,1,1
8606,consequences,1,1
8607,consequently,1,1
8608,conserves,1,1
8609,considerable,1,1
8610,considerably,1,1
8611,considerations,1,1
8612,constitute,1,1
8613,constructs,1,1
8614,consulted,1,1
8615,consuming,1,1
8616,containment,1,1
8617,contaminated,1,1
8618,contamination,1,1
8619,context,1,1
8620,continuity,1,1
8621,continuum,1,1
8622,contours,1,1
8623,contradiction,1,1
8624,contrast,1,1
8625,contributions,1,1
8626,controllability,1,1
8627,convective,1,1
8628,converges,1,1
8629,conversely,1,1
8630,conveyed,1,1
8631,convolution,1,1
8632,convolutional,1,1
8633,coolant,1,1
8634,cooperative,1,1
8635,coordinated,1,1
8636,cope,1,1
8637,corms,1,1
8638,cornwall,1,1
8639,coronavirus,1,1
8640,corps,1,1
8641,correlations,1,1
8642,correlator,1,1
8643,corroded,1,1
8644,corrosion,1,1
8645,cos,1,1
8646,cosb,1,1
8647,cosmonaut,1,1
8648,counterattack,1,1
8649,countermeasure,1,1
8650,counterurbanization,1,1
8651,covid,1,1
8652,coyote,1,1
8653,cpa,1,1
8654,cpnq,1,1
8655,crab,1,1
8656,crafts,1,1
8657,cranked,1,1
8658,crassa,1,1
8659,craters,1,1
8660,crawling,1,1
8661,creases,1,1
8662,creation,1,1
8663,creative,1,1
8664,creature,1,1
8665,creatures,1,1
8666,crept,1,1
8667,crescent,1,1
8668,crisscross,1,1
8669,crocodiles,1,1
8670,cropland,1,1
8671,cropping,1,1
8672,crossbars,1,1
8673,crossings,1,1
8674,crouching,1,1
8675,crowns,1,1
8676,crucial,1,1
8677,crust,1,1
8678,crystal,1,1
8679,crystals,1,1
8680,cuk,1,1
8681,curious,1,1
8682,curtain,1,1
8683,curve1,1,1
8684,curve2,1,1
8685,cushions,1,1
8686,cuthbert,1,1
8687,cutlery,1,1
8688,cuttlefish,1,1
8689,cw337,1,1
8690,cw7812,1,1
8691,cybotes,1,1
8692,cycads,1,1
8693,cyclically,1,1
8694,cycling,1,1
8695,cysteine,1,1
8696,cytokinin,1,1
8697,cytoskeleton,1,1
8698,czr,1,1
8699,d4h,1,1
8700,d7h,1,1
8701,daba,1,1
8702,dacheng,1,1
8703,dah,1,1
8704,dahlias,1,1
8705,damage,1,1
8706,dampness,1,1
8707,dancing,1,1
8708,daniela,1,1
8709,dap,1,1
8710,daphne,1,1
8711,dar,1,1
8712,dbcm,1,1
8713,dbfe,1,1
8714,dc0,1,1
8715,dcfe,1,1
8716,dcji,1,1
8717,dco,1,1
8718,dead,1,1
8719,debf,1,1
8720,decaying,1,1
8721,decays,1,1
8722,declining,1,1
8723,decolorization,1,1
8724,decorate,1,1
8725,decoration,1,1
8726,deduce,1,1
8727,deduced,1,1
8728,deers,1,1
8729,defa,1,1
8730,defc,1,1
8731,defeating,1,1
8732,deficiency,1,1
8733,deficient,1,1
8734,deforestation,1,1
8735,degenerate,1,1
8736,degenerately,1,1
8737,degf,1,1
8738,degh,1,1
8739,deh,1,1
8740,dehydration,1,1
8741,deletes,1,1
8742,deletion,1,1
8743,deliveryman,1,1
8744,demands,1,1
8745,democratic,1,1
8746,demultiplexer,1,1
8747,demux,1,1
8748,dendritic,1,1
8749,densely,1,1
8750,denser,1,1
8751,dental,1,1
8752,departed,1,1
8753,departure,1,1
8754,depicting,1,1
8755,deplete,1,1
8756,deposit,1,1
8757,depositional,1,1
8758,depressing,1,1
8759,depressions,1,1
8760,depths,1,1
8761,derivation,1,1
8762,derivatives,1,1
8763,derives,1,1
8764,descended,1,1
8765,descriptions,1,1
8766,desertified,1,1
8767,desire,1,1
8768,desktop,1,1
8769,destructive,1,1
8770,detach,1,1
8771,detached,1,1
8772,detectors,1,1
8773,determines,1,1
8774,detritus,1,1
8775,developers,1,1
8776,deviate,1,1
8777,deviations,1,1
8778,devoid,1,1
8779,dexamethasone,1,1
8780,dfm,1,1
8781,dge,1,1
8782,dgme,1,1
8783,dhg,1,1
8784,dhpg,1,1
8785,di0,1,1
8786,di7,1,1
8787,diatomic,1,1
8788,diatoms,1,1
8789,dicebar,1,1
8790,differentiates,1,1
8791,diffuses,1,1
8792,digested,1,1
8793,digestive,1,1
8794,dimensionless,1,1
8795,dimer,1,1
8796,dimethylpropane,1,1
8797,diminished,1,1
8798,dimmer,1,1
8799,dimming,1,1
8800,dinitrogen,1,1
8801,dinner,1,1
8802,dipoles,1,1
8803,dipped,1,1
8804,directionally,1,1
8805,dirty,1,1
8806,disappear,1,1
8807,discarded,1,1
8808,discharging,1,1
8809,disconnect,1,1
8810,discovers,1,1
8811,discreteness,1,1
8812,discussed,1,1
8813,dispatch,1,1
8814,dispenser,1,1
8815,dispersion,1,1
8816,dissect,1,1
8817,dissected,1,1
8818,dissecting,1,1
8819,dissects,1,1
8820,distillate,1,1
8821,distillation,1,1
8822,distinguished,1,1
8823,distinguishing,1,1
8824,distressed,1,1
8825,diver,1,1
8826,divers,1,1
8827,divert,1,1
8828,divisions,1,1
8829,divisor,1,1
8830,divisors,1,1
8831,djh,1,1
8832,dmbn,1,1
8833,dnas,1,1
8834,doa,1,1
8835,docked,1,1
8836,doctor,1,1
8837,dof,1,1
8838,dogwood,1,1
8839,dolphins,1,1
8840,dominance,1,1
8841,donghai,1,1
8842,dongxing,1,1
8843,dongying,1,1
8844,donors,1,1
8845,dopant,1,1
8846,dormant,1,1
8847,doubles,1,1
8848,douglas,1,1
8849,downs,1,1
8850,dozens,1,1
8851,dpb,1,1
8852,dpe,1,1
8853,dpqb,1,1
8854,dragged,1,1
8855,dribbles,1,1
8856,driest,1,1
8857,drifted,1,1
8858,drill,1,1
8859,drinking,1,1
8860,dripped,1,1
8861,dripping,1,1
8862,drips,1,1
8863,drones,1,1
8864,dropping,1,1
8865,drosomycin,1,1
8866,drummers,1,1
8867,drumming,1,1
8868,dumas,1,1
8869,duodenum,1,1
8870,durban,1,1
8871,dvd,1,1
8872,dyes,1,1
8873,e2f,1,1
8874,eagles,1,1
8875,eao,1,1
8876,ear,1,1
8877,eared,1,1
8878,earn,1,1
8879,earns,1,1
8880,ears,1,1
8881,earthen,1,1
8882,ease,1,1
8883,eased,1,1
8884,easier,1,1
8885,easter,1,1
8886,eaters,1,1
8887,ebp,1,1
8888,eca,1,1
8889,eco,1,1
8890,economical,1,1
8891,ecotone,1,1
8892,edfg,1,1
8893,editing,1,1
8894,efa,1,1
8895,efdc,1,1
8896,effectors,1,1
8897,efficiently,1,1
8898,efgb,1,1
8899,efgd,1,1
8900,efgp,1,1
8901,efhg,1,1
8902,efo,1,1
8903,efog,1,1
8904,egb,1,1
8905,egf,1,1
8906,egfh,1,1
8907,eggplant,1,1
8908,eggshells,1,1
8909,egn,1,1
8910,ego,1,1
8911,egypt,1,1
8912,einstein,1,1
8913,ejci,1,1
8914,elapses,1,1
8915,eldest,1,1
8916,electrophilic,1,1
8917,electrophoretic,1,1
8918,electroscope,1,1
8919,electrostatics,1,1
8920,elegant,1,1
8921,elena,1,1
8922,elevated,1,1
8923,eleventh,1,1
8924,eliminated,1,1
8925,elimination,1,1
8926,elisa,1,1
8927,elk,1,1
8928,elks,1,1
8929,ellen,1,1
8930,ellie,1,1
8931,elliott,1,1
8932,ellipse,1,1
8933,ellis,1,1
8934,elsa,1,1
8935,ema,1,1
8936,embeds,1,1
8937,embodied,1,1
8938,embracing,1,1
8939,embryogenesis,1,1
8940,emerald,1,1
8941,emergent,1,1
8942,emf,1,1
8943,emfp,1,1
8944,emirates,1,1
8945,emperor,1,1
8946,empf,1,1
8947,emphatically,1,1
8948,emporium,1,1
8949,emu,1,1
8950,enabling,1,1
8951,enantiomer,1,1
8952,enc,1,1
8953,encirclements,1,1
8954,encode,1,1
8955,encodes,1,1
8956,endangers,1,1
8957,ended,1,1
8958,endocrinologists,1,1
8959,endonuclease,1,1
8960,endosymbiotic,1,1
8961,endothermic,1,1
8962,endotherms,1,1
8963,endow,1,1
8964,energizes,1,1
8965,enfm,1,1
8966,engineered,1,1
8967,enhanced,1,1
8968,enhancing,1,1
8969,enlightenment,1,1
8970,enol,1,1
8971,enolization,1,1
8972,ensured,1,1
8973,enthronement,1,1
8974,entirety,1,1
8975,entities,1,1
8976,entity,1,1
8977,entrances,1,1
8978,entrepreneur,1,1
8979,environmentally,1,1
8980,envisioned,1,1
8981,enyzyme,1,1
8982,eoa,1,1
8983,eofd,1,1
8984,epd,1,1
8985,epf,1,1
8986,epicenter,1,1
8987,epidemic,1,1
8988,epinephrine,1,1
8989,equalities,1,1
8990,equiangular,1,1
8991,equilaterial,1,1
8992,equivalently,1,1
8993,erasure,1,1
8994,erie,1,1
8995,eruptions,1,1
8996,escaped,1,1
8997,escarpment,1,1
8998,essential,1,1
8999,essentially,1,1
9000,establishment,1,1
9001,estimates,1,1
9002,estimating,1,1
9003,estrogen,1,1
9004,eukaryotes,1,1
9005,eum,1,1
9006,euro,1,1
9007,europa,1,1
9008,evacuating,1,1
9009,evaporated,1,1
9010,evergreen,1,1
9011,everyday,1,1
9012,evita,1,1
9013,evolves,1,1
9014,evolving,1,1
9015,examination,1,1
9016,excavating,1,1
9017,exception,1,1
9018,excitatory,1,1
9019,excite,1,1
9020,exclusion,1,1
9021,exclusive,1,1
9022,exclusively,1,1
9023,execution,1,1
9024,exemption,1,1
9025,exercised,1,1
9026,exergonic,1,1
9027,exhibit,1,1
9028,exon,1,1
9029,exothermic,1,1
9030,expanding,1,1
9031,expands,1,1
9032,expecting,1,1
9033,expeditions,1,1
9034,expel,1,1
9035,experimentally,1,1
9036,explaining,1,1
9037,explicit,1,1
9038,exponent,1,1
9039,exported,1,1
9040,exports,1,1
9041,expressing,1,1
9042,ext,1,1
9043,exterminated,1,1
9044,extinction,1,1
9045,extinguished,1,1
9046,extracellularly,1,1
9047,extremities,1,1
9048,eyelet,1,1
9049,fabrics,1,1
9050,fabry,1,1
9051,fac,1,1
9052,facet,1,1
9053,facilitate,1,1
9054,fae,1,1
9055,failed,1,1
9056,fainting,1,1
9057,fairy,1,1
9058,fans,1,1
9059,fantasy,1,1
9060,farad,1,1
9061,farads,1,1
9062,farthing,1,1
9063,fatal,1,1
9064,fatalities,1,1
9065,fatty,1,1
9066,faulted,1,1
9067,fbc,1,1
9068,fbcg,1,1
9069,fbd,1,1
9070,fcd,1,1
9071,fcde,1,1
9072,fce,1,1
9073,fctu,1,1
9074,fda,1,1
9075,fdc,1,1
9076,fdce,1,1
9077,feasts,1,1
9078,feathers,1,1
9079,featuring,1,1
9080,feeder,1,1
9081,feeders,1,1
9082,fees,1,1
9083,feh,1,1
9084,felix,1,1
9085,fell,1,1
9086,fenghuang,1,1
9087,fenhe,1,1
9088,fermi,1,1
9089,fertile,1,1
9090,fertilization,1,1
9091,fertilizes,1,1
9092,fetlock,1,1
9093,fewest,1,1
9094,fghj,1,1
9095,fgjk,1,1
9096,fhb,1,1
9097,fifa,1,1
9098,fifteen,1,1
9099,fifty,1,1
9100,fighter,1,1
9101,figs,1,1
9102,figuref,1,1
9103,filtered,1,1
9104,finch,1,1
9105,finding,1,1
9106,finishing,1,1
9107,finland,1,1
9108,firmly,1,1
9109,firmness,1,1
9110,firstly,1,1
9111,fisher,1,1
9112,fixation,1,1
9113,fjh,1,1
9114,flanks,1,1
9115,flaps,1,1
9116,flashes,1,1
9117,flashing,1,1
9118,flatbed,1,1
9119,flatness,1,1
9120,flattened,1,1
9121,flattening,1,1
9122,flattest,1,1
9123,fleet,1,1
9124,flew,1,1
9125,flexibly,1,1
9126,flicking,1,1
9127,float,1,1
9128,floors,1,1
9129,fluctuates,1,1
9130,fluoresces,1,1
9131,flutter,1,1
9132,fluxes,1,1
9133,fmn,1,1
9134,fmo,1,1
9135,foc,1,1
9136,foldable,1,1
9137,folk,1,1
9138,follower,1,1
9139,footage,1,1
9140,footpoints,1,1
9141,footprints,1,1
9142,forearm,1,1
9143,forks,1,1
9144,formic,1,1
9145,formulation,1,1
9146,fossil,1,1
9147,fossils,1,1
9148,founded,1,1
9149,fourteen,1,1
9150,fourteenth,1,1
9151,fowls,1,1
9152,foxes,1,1
9153,fpd,1,1
9154,fqhe,1,1
9155,fragmental,1,1
9156,francisco,1,1
9157,frank,1,1
9158,freeze,1,1
9159,freshly,1,1
9160,freshmen,1,1
9161,frictions,1,1
9162,friendly,1,1
9163,fringing,1,1
9164,froglet,1,1
9165,fry,1,1
9166,fulfill,1,1
9167,fumigation,1,1
9168,fun,1,1
9169,functionality,1,1
9170,functionally,1,1
9171,fundamentally,1,1
9172,funded,1,1
9173,funnels,1,1
9174,furniture,1,1
9175,fursilla,1,1
9176,furthest,1,1
9177,fused,1,1
9178,fusing,1,1
9179,futsal,1,1
9180,fuzhou,1,1
9181,gae,1,1
9182,galapagos,1,1
9183,galileo,1,1
9184,gall,1,1
9185,gallons,1,1
9186,gameboard,1,1
9187,gar,1,1
9188,gardner,1,1
9189,garter,1,1
9190,gasoline,1,1
9191,gaspar,1,1
9192,gastrointestinal,1,1
9193,gated,1,1
9194,gateway,1,1
9195,gathering,1,1
9196,gating,1,1
9197,gauge,1,1
9198,gca,1,1
9199,gcb,1,1
9200,gcd,1,1
9201,gce,1,1
9202,gcf,1,1
9203,gdc,1,1
9204,gdx,1,1
9205,gearboxes,1,1
9206,geetha,1,1
9207,geh,1,1
9208,gemstone,1,1
9209,genomic,1,1
9210,geocenter,1,1
9211,geodetic,1,1
9212,geomagnetic,1,1
9213,geranium,1,1
9214,gerberas,1,1
9215,gerdellen,1,1
9216,gerhard,1,1
9217,germinate,1,1
9218,gertimtonase,1,1
9219,gfd,1,1
9220,gfih,1,1
9221,ggg,1,1
9222,gggcccaagctgagatga,1,1
9223,ghij,1,1
9224,ghk,1,1
9225,ghz,1,1
9226,giant,1,1
9227,giants,1,1
9228,glaciers,1,1
9229,glands,1,1
9230,glh,1,1
9231,glide,1,1
9232,glob,1,1
9233,globally,1,1
9234,gloves,1,1
9235,glows,1,1
9236,glucagon,1,1
9237,glucocorticoid,1,1
9238,glucocorticoids,1,1
9239,glycolysis,1,1
9240,glycoproteins,1,1
9241,gme,1,1
9242,gmin,1,1
9243,gnm,1,1
9244,goals,1,1
9245,goldsmith,1,1
9246,gone,1,1
9247,goose,1,1
9248,gothic,1,1
9249,grackles,1,1
9250,graded,1,1
9251,gradients,1,1
9252,graduations,1,1
9253,graft,1,1
9254,grana,1,1
9255,granary,1,1
9256,grant,1,1
9257,grants,1,1
9258,granules,1,1
9259,graphically,1,1
9260,grasped,1,1
9261,grasping,1,1
9262,gravelly,1,1
9263,graze,1,1
9264,grazed,1,1
9265,grazes,1,1
9266,grazing,1,1
9267,greenhouses,1,1
9268,gregor,1,1
9269,grinding,1,1
9270,grouping,1,1
9271,guangming,1,1
9272,guanyun,1,1
9273,guaranteed,1,1
9274,guarantees,1,1
9275,guava,1,1
9276,guesses,1,1
9277,guided,1,1
9278,gulf,1,1
9279,gunpowder,1,1
9280,guo,1,1
9281,gymnospermous,1,1
9282,h2o,1,1
9283,h2so4,1,1
9284,habitats,1,1
9285,hac,1,1
9286,haikou,1,1
9287,haipeng,1,1
9288,haiti,1,1
9289,halflenses,1,1
9290,halflines,1,1
9291,halfpipe,1,1
9292,halfway,1,1
9293,halt,1,1
9294,hammered,1,1
9295,hammers,1,1
9296,handed,1,1
9297,handheld,1,1
9298,hannes,1,1
9299,hanni,1,1
9300,hansi,1,1
9301,happening,1,1
9302,happily,1,1
9303,hardness,1,1
9304,hares,1,1
9305,harmed,1,1
9306,harmful,1,1
9307,harmonically,1,1
9308,harmonics,1,1
9309,harvested,1,1
9310,hatch,1,1
9311,hawaii,1,1
9312,hawks,1,1
9313,hazard,1,1
9314,hbo,1,1
9315,hbv,1,1
9316,hcg,1,1
9317,hco,1,1
9318,hdb,1,1
9319,hea,1,1
9320,headed,1,1
9321,headlight,1,1
9322,headwind,1,1
9323,hears,1,1
9324,heartbeat,1,1
9325,heavier,1,1
9326,heaviest,1,1
9327,hector,1,1
9328,hefg,1,1
9329,hello,1,1
9330,helped,1,1
9331,helper,1,1
9332,helping,1,1
9333,hen,1,1
9334,henle,1,1
9335,henna,1,1
9336,hens,1,1
9337,hepatitis,1,1
9338,hepu,1,1
9339,herbivorous,1,1
9340,herdsmen,1,1
9341,hermaphrodite,1,1
9342,hers,1,1
9343,herself,1,1
9344,heterozygous,1,1
9345,hex,1,1
9346,hexachloroplatinate,1,1
9347,hexadecimal,1,1
9348,hexagram,1,1
9349,hexane,1,1
9350,hexaploid,1,1
9351,hgk,1,1
9352,hgnm,1,1
9353,highs,1,1
9354,hike,1,1
9355,hiked,1,1
9356,hiking,1,1
9357,hilbert,1,1
9358,himalayas,1,1
9359,himself,1,1
9360,hinder,1,1
9361,hindered,1,1
9362,hindiii,1,1
9363,histones,1,1
9364,hiv,1,1
9365,hl1,1,1
9366,hl2,1,1
9367,hmg,1,1
9368,hobby,1,1
9369,hognose,1,1
9370,holidays,1,1
9371,holometabolous,1,1
9372,honeycombs,1,1
9373,hoof,1,1
9374,hooke,1,1
9375,hopping,1,1
9376,hormones,1,1
9377,horses,1,1
9378,horseshoe,1,1
9379,hotel,1,1
9380,hottest,1,1
9381,hovering,1,1
9382,hualien,1,1
9383,hurdles,1,1
9384,huron,1,1
9385,hurricane,1,1
9386,husband,1,1
9387,husk,1,1
9388,hwa,1,1
9389,hydride,1,1
9390,hydrology,1,1
9391,hydrophobic,1,1
9392,hydrostatic,1,1
9393,hydroxylamine,1,1
9394,hyperbolas,1,1
9395,hypertonic,1,1
9396,hypognathous,1,1
9397,hypothalamus,1,1
9398,iced,1,1
9399,icelandic,1,1
9400,icme,1,1
9401,icon,1,1
9402,icons,1,1
9403,icy,1,1
9404,idealised,1,1
9405,idealities,1,1
9406,ideality,1,1
9407,ideally,1,1
9408,identities,1,1
9409,idiom,1,1
9410,idmt,1,1
9411,ifnar,1,1
9412,igbts,1,1
9413,ignite,1,1
9414,ii1,1,1
9415,ii2,1,1
9416,ijkl,1,1
9417,ili,1,1
9418,illegible,1,1
9419,illinois,1,1
9420,illness,1,1
9421,illuminance,1,1
9422,illuminate,1,1
9423,illuminates,1,1
9424,image4,1,1
9425,imagehere,1,1
9426,immerse,1,1
9427,immunity,1,1
9428,impacting,1,1
9429,impaired,1,1
9430,imparting,1,1
9431,impassable,1,1
9432,imperfections,1,1
9433,implicant,1,1
9434,implicit,1,1
9435,implies,1,1
9436,impure,1,1
9437,impurities,1,1
9438,inability,1,1
9439,inaccurate,1,1
9440,inaccurately,1,1
9441,inactivated,1,1
9442,inadvisable,1,1
9443,incidents,1,1
9444,inclusive,1,1
9445,incoming,1,1
9446,incompletely,1,1
9447,incorrectly,1,1
9448,increment,1,1
9449,incremental,1,1
9450,incubated,1,1
9451,incur,1,1
9452,independents,1,1
9453,indirectly,1,1
9454,indonesia,1,1
9455,inductances,1,1
9456,industrialization,1,1
9457,inelastically,1,1
9458,infected,1,1
9459,infectious,1,1
9460,inferior,1,1
9461,inflorescence,1,1
9462,ing,1,1
9463,ingenious,1,1
9464,ingredient,1,1
9465,inhabit,1,1
9466,inhaled,1,1
9467,inhaling,1,1
9468,inherent,1,1
9469,inhibitory,1,1
9470,inhibits,1,1
9471,inhomogeneous,1,1
9472,initiation,1,1
9473,inject,1,1
9474,injects,1,1
9475,injured,1,1
9476,injuries,1,1
9477,injury,1,1
9478,inlet,1,1
9479,innocent,1,1
9480,innovation,1,1
9481,inoculated,1,1
9482,inorganic,1,1
9483,inrun,1,1
9484,inscribe,1,1
9485,insectivores,1,1
9486,inseminate,1,1
9487,insertion,1,1
9488,insoluble,1,1
9489,inspection,1,1
9490,inspiring,1,1
9491,instability,1,1
9492,instances,1,1
9493,instructed,1,1
9494,instruction,1,1
9495,insufficient,1,1
9496,integrator,1,1
9497,integrity,1,1
9498,intelligent,1,1
9499,intentionally,1,1
9500,interacts,1,1
9501,intercepting,1,1
9502,interdependent,1,1
9503,interested,1,1
9504,interfere,1,1
9505,interferon,1,1
9506,intergalactic,1,1
9507,interglacial,1,1
9508,interlocking,1,1
9509,interpreted,1,1
9510,interrelation,1,1
9511,interstellar,1,1
9512,intervention,1,1
9513,intracellular,1,1
9514,invariably,1,1
9515,invasion,1,1
9516,inversely,1,1
9517,invert,1,1
9518,inverters,1,1
9519,invested,1,1
9520,invited,1,1
9521,inviting,1,1
9522,ios,1,1
9523,ireland,1,1
9524,iris,1,1
9525,irises,1,1
9526,irradiated,1,1
9527,irrigating,1,1
9528,isabella,1,1
9529,ischemia,1,1
9530,isi,1,1
9531,isle,1,1
9532,islets,1,1
9533,isohyet,1,1
9534,isolating,1,1
9535,isopleth,1,1
9536,isopleths,1,1
9537,isostatic,1,1
9538,isotonic,1,1
9539,isotropic,1,1
9540,israel,1,1
9541,issue,1,1
9542,j80,1,1
9543,jac,1,1
9544,jackals,1,1
9545,jacked,1,1
9546,jacking,1,1
9547,james,1,1
9548,janet,1,1
9549,japanese,1,1
9550,jasper,1,1
9551,jeff,1,1
9552,jellfish,1,1
9553,jellyfish,1,1
9554,jerry,1,1
9555,jerusalem,1,1
9556,jettisoned,1,1
9557,jewellery,1,1
9558,jianghuai,1,1
9559,jiaotong,1,1
9560,jilly,1,1
9561,jinding,1,1
9562,jinping,1,1
9563,jkm,1,1
9564,jkmn,1,1
9565,jlk,1,1
9566,jlm,1,1
9567,jml,1,1
9568,jmp,1,1
9569,joana,1,1
9570,jodhvir,1,1
9571,johannes,1,1
9572,johnny,1,1
9573,johnson,1,1
9574,joints,1,1
9575,jordan,1,1
9576,joseph,1,1
9577,jpl,1,1
9578,judgment,1,1
9579,judgments,1,1
9580,juices,1,1
9581,jumped,1,1
9582,jumper,1,1
9583,jun,1,1
9584,jury,1,1
9585,juvenile,1,1
9586,kangaria,1,1
9587,kangoraland,1,1
9588,kanguria,1,1
9589,kaohsiung,1,1
9590,karl,1,1
9591,kate,1,1
9592,kazakh,1,1
9593,kazakhstan,1,1
9594,kazan,1,1
9595,kelly,1,1
9596,kelp,1,1
9597,kelvin,1,1
9598,kev,1,1
9599,keystone,1,1
9600,kfc,1,1
9601,khj,1,1
9602,kicking,1,1
9603,kidney,1,1
9604,killifish,1,1
9605,killing,1,1
9606,king,1,1
9607,kingfishers,1,1
9608,kirsten,1,1
9609,kitchen,1,1
9610,kites,1,1
9611,kitty,1,1
9612,kjl,1,1
9613,klmj,1,1
9614,km1,1,1
9615,knew,1,1
9616,knife,1,1
9617,knock,1,1
9618,knocked,1,1
9619,knotted,1,1
9620,korean,1,1
9621,krebs,1,1
9622,kristina,1,1
9623,krypton,1,1
9624,kwh,1,1
9625,labeling,1,1
9626,labile,1,1
9627,labium,1,1
9628,laborers,1,1
9629,lacking,1,1
9630,lacks,1,1
9631,lactate,1,1
9632,lactose,1,1
9633,ladybirds,1,1
9634,ladybug,1,1
9635,lag,1,1
9636,lagged,1,1
9637,lags,1,1
9638,lakebed,1,1
9639,landfall,1,1
9640,lanterns,1,1
9641,larmor,1,1
9642,larvae,1,1
9643,lasagna,1,1
9644,lasers,1,1
9645,lasting,1,1
9646,laszlo,1,1
9647,latent,1,1
9648,lathe,1,1
9649,laughlin,1,1
9650,laura,1,1
9651,lauren,1,1
9652,lawrence,1,1
9653,laying,1,1
9654,lbm,1,1
9655,lbq,1,1
9656,lcl,1,1
9657,lea,1,1
9658,leaflet,1,1
9659,leaflets,1,1
9660,leafstalk,1,1
9661,leaked,1,1
9662,leans,1,1
9663,leap,1,1
9664,leased,1,1
9665,leftover,1,1
9666,legged,1,1
9667,lei,1,1
9668,lengthening,1,1
9669,lengthens,1,1
9670,lenses,1,1
9671,leonardo,1,1
9672,leonhard,1,1
9673,lessened,1,1
9674,leukocyte,1,1
9675,lever,1,1
9676,levitation,1,1
9677,lgd,1,1
9678,liaoning,1,1
9679,liar,1,1
9680,liars,1,1
9681,libreville,1,1
9682,lidless,1,1
9683,lids,1,1
9684,lifecycle,1,1
9685,lifetime,1,1
9686,liftoff,1,1
9687,ligate,1,1
9688,ligation,1,1
9689,likelihood,1,1
9690,lilies,1,1
9691,limbs,1,1
9692,limitations,1,1
9693,limits,1,1
9694,limpets,1,1
9695,lined,1,1
9696,linkage,1,1
9697,liquids,1,1
9698,lisas,1,1
9699,lists,1,1
9700,lit,1,1
9701,liupanshui,1,1
9702,liuzhou,1,1
9703,livelihood,1,1
9704,liver,1,1
9705,lkm,1,1
9706,lkn,1,1
9707,lm317,1,1
9708,lmpq,1,1
9709,lnm,1,1
9710,loading,1,1
9711,lobed,1,1
9712,locality,1,1
9713,localized,1,1
9714,locate,1,1
9715,loci,1,1
9716,lock,1,1
9717,locked,1,1
9718,locking,1,1
9719,locust,1,1
9720,logarithm,1,1
9721,logically,1,1
9722,longji,1,1
9723,loose,1,1
9724,los,1,1
9725,lose,1,1
9726,losing,1,1
9727,lots,1,1
9728,louguantai,1,1
9729,lowermost,1,1
9730,lowry,1,1
9731,lows,1,1
9732,lpf,1,1
9733,lqm,1,1
9734,lsb,1,1
9735,luca,1,1
9736,luck,1,1
9737,lumens,1,1
9738,lunch,1,1
9739,lycopene,1,1
9740,lzp,1,1
9741,m7130,1,1
9742,macs,1,1
9743,madagascar,1,1
9744,maddie,1,1
9745,maggot,1,1
9746,magician,1,1
9747,magnetism,1,1
9748,magnetization,1,1
9749,magnetohydrodynamic,1,1
9750,magneton,1,1
9751,magnetosphere,1,1
9752,mail,1,1
9753,maintenance,1,1
9754,majority,1,1
9755,malacca,1,1
9756,malaika,1,1
9757,malaria,1,1
9758,malignant,1,1
9759,mall,1,1
9760,mama,1,1
9761,mammal,1,1
9762,mammalian,1,1
9763,mammals,1,1
9764,mandibles,1,1
9765,mandibular,1,1
9766,mantis,1,1
9767,maob,1,1
9768,maple,1,1
9769,margie,1,1
9770,marginally,1,1
9771,markedly,1,1
9772,marketing,1,1
9773,markings,1,1
9774,marmot,1,1
9775,marriage,1,1
9776,marrying,1,1
9777,marta,1,1
9778,martial,1,1
9779,martinho,1,1
9780,math,1,1
9781,mathematically,1,1
9782,matias,1,1
9783,matthias,1,1
9784,maximal,1,1
9785,mbing,1,1
9786,mbn,1,1
9787,mbnd,1,1
9788,mdb,1,1
9789,mdf,1,1
9790,mding,1,1
9791,meadow,1,1
9792,mealworm,1,1
9793,meant,1,1
9794,meanwhile,1,1
9795,mechanically,1,1
9796,mechanics,1,1
9797,mediates,1,1
9798,medication,1,1
9799,melt,1,1
9800,melts,1,1
9801,membranes,1,1
9802,memories,1,1
9803,menus,1,1
9804,merges,1,1
9805,message,1,1
9806,met,1,1
9807,metabolically,1,1
9808,metamorphism,1,1
9809,meteor,1,1
9810,meteoroids,1,1
9811,metropolitan,1,1
9812,mfn,1,1
9813,mgq,1,1
9814,mhc,1,1
9815,mhj,1,1
9816,micro,1,1
9817,microclimate,1,1
9818,micrograph,1,1
9819,microorganism,1,1
9820,midday,1,1
9821,midlines,1,1
9822,midsummer,1,1
9823,midtread,1,1
9824,mild,1,1
9825,milkweed,1,1
9826,mill,1,1
9827,millennia,1,1
9828,millifarads,1,1
9829,millihenry,1,1
9830,millivolts,1,1
9831,minded,1,1
9832,miniature,1,1
9833,minimizing,1,1
9834,ministries,1,1
9835,ministry,1,1
9836,minora,1,1
9837,mirrored,1,1
9838,mirrors,1,1
9839,miss,1,1
9840,mist,1,1
9841,mistakenly,1,1
9842,mitotic,1,1
9843,mjia,1,1
9844,mjn,1,1
9845,mkn,1,1
9846,mnl,1,1
9847,mnqr,1,1
9848,mock,1,1
9849,modeling,1,1
9850,moderate,1,1
9851,modifying,1,1
9852,modulating,1,1
9853,mohe,1,1
9854,moisten,1,1
9855,molco2,1,1
9856,mold,1,1
9857,molt,1,1
9858,molting,1,1
9859,momenta,1,1
9860,momentarily,1,1
9861,moments,1,1
9862,monarch,1,1
9863,mond,1,1
9864,monday,1,1
9865,mongoose,1,1
9866,monkeys,1,1
9867,monocot,1,1
9868,monomolecular,1,1
9869,monovalent,1,1
9870,monoxide,1,1
9871,montane,1,1
9872,morakot,1,1
9873,moray,1,1
9874,mornings,1,1
9875,morphological,1,1
9876,mortar,1,1
9877,motherland,1,1
9878,motives,1,1
9879,motorcycles,1,1
9880,mox,1,1
9881,mpq,1,1
9882,mqn,1,1
9883,mqr,1,1
9884,mrn,1,1
9885,mrnp,1,1
9886,mrq,1,1
9887,msbs,1,1
9888,msq,1,1
9889,mtc,1,1
9890,mudflats,1,1
9891,mules,1,1
9892,multicellular,1,1
9893,multiples,1,1
9894,multiplexed,1,1
9895,multiplicity,1,1
9896,multiplied,1,1
9897,multiply,1,1
9898,municipal,1,1
9899,muscles,1,1
9900,muscular,1,1
9901,musical,1,1
9902,mussels,1,1
9903,mutagens,1,1
9904,mutualism,1,1
9905,mvar,1,1
9906,myi,1,1
9907,mysid,1,1
9908,mysteries,1,1
9909,nadph,1,1
9910,nahco,1,1
9911,naked,1,1
9912,nanhui,1,1
9913,nanoseconds,1,1
9914,nansha,1,1
9915,nap,1,1
9916,narrower,1,1
9917,nation,1,1
9918,nationals,1,1
9919,navigator,1,1
9920,navy,1,1
9921,ndg,1,1
9922,nearer,1,1
9923,neatly,1,1
9924,nectar,1,1
9925,needlelike,1,1
9926,needles,1,1
9927,negation,1,1
9928,neglects,1,1
9929,negligibly,1,1
9930,negotiate,1,1
9931,neighborhood,1,1
9932,nekton,1,1
9933,nematode,1,1
9934,nerves,1,1
9935,nervous,1,1
9936,neurospora,1,1
9937,neutrality,1,1
9938,neutralization,1,1
9939,niagara,1,1
9940,nice,1,1
9941,nico,1,1
9942,nif2,1,1
9943,nik,1,1
9944,nina,1,1
9945,nitrate,1,1
9946,nitrobacter,1,1
9947,nitrobenzene,1,1
9948,nml,1,1
9949,nobr,1,1
9950,noc,1,1
9951,nod,1,1
9952,nodal,1,1
9953,nof,1,1
9954,noisy,1,1
9955,nolloth,1,1
9956,nonadjacent,1,1
9957,noncongruent,1,1
9958,nonmagnetic,1,1
9959,nontransparent,1,1
9960,nontrivial,1,1
9961,normalization,1,1
9962,northerly,1,1
9963,northside,1,1
9964,notations,1,1
9965,noted,1,1
9966,notes,1,1
9967,novel,1,1
9968,nqrm,1,1
9969,nrt,1,1
9970,nsted,1,1
9971,ntc,1,1
9972,nth,1,1
9973,nucleic,1,1
9974,nucleolus,1,1
9975,numeric,1,1
9976,nymphs,1,1
9977,oabcde,1,1
9978,oabp,1,1
9979,oadc,1,1
9980,oapb,1,1
9981,oapq,1,1
9982,obac,1,1
9983,obch,1,1
9984,oben,1,1
9985,obesity,1,1
9986,obey,1,1
9987,objectives,1,1
9988,oblong,1,1
9989,obm,1,1
9990,observational,1,1
9991,occupying,1,1
9992,oce,1,1
9993,oceans,1,1
9994,och,1,1
9995,ocmn,1,1
9996,octahedrons,1,1
9997,octave,1,1
9998,odb,1,1
9999,odbc,1,1
10000,odec,1,1
10001,oebf,1,1
10002,oecd,1,1
10003,oed,1,1
10004,oem,1,1
10005,oen,1,1
10006,oersted,1,1
10007,ofb,1,1
10008,ofe,1,1
10009,ofeh,1,1
10010,offered,1,1
10011,offering,1,1
10012,offers,1,1
10013,officer,1,1
10014,oge,1,1
10015,ohmic,1,1
10016,okinawa,1,1
10017,omne,1,1
10018,opa,1,1
10019,opcr,1,1
10020,ope,1,1
10021,openings,1,1
10022,opinion,1,1
10023,opinions,1,1
10024,opn,1,1
10025,opportunities,1,1
10026,opportunity,1,1
10027,opposed,1,1
10028,opposing,1,1
10029,opq,1,1
10030,opqr,1,1
10031,optimize,1,1
10032,options,1,1
10033,optocoupler,1,1
10034,oqc,1,1
10035,oragnism,1,1
10036,orangutan,1,1
10037,orbiter,1,1
10038,orchard,1,1
10039,orienting,1,1
10040,originated,1,1
10041,orthocenter,1,1
10042,orthogonal,1,1
10043,oscillated,1,1
10044,ostrich,1,1
10045,otter,1,1
10046,ounce,1,1
10047,ounces,1,1
10048,outcome,1,1
10049,outdoors,1,1
10050,outgoing,1,1
10051,outlier,1,1
10052,outwardly,1,1
10053,outwards,1,1
10054,overcomes,1,1
10055,overcurrent,1,1
10056,overflowed,1,1
10057,overflowing,1,1
10058,overlappingly,1,1
10059,overloaded,1,1
10060,overnight,1,1
10061,overtook,1,1
10062,ovules,1,1
10063,owned,1,1
10064,oxidation,1,1
10065,oxygenated,1,1
10066,oxyz,1,1
10067,pac,1,1
10068,packet,1,1
10069,packing,1,1
10070,padded,1,1
10071,paddle,1,1
10072,paddy,1,1
10073,pages,1,1
10074,paired,1,1
10075,pairwise,1,1
10076,palace,1,1
10077,palate,1,1
10078,palindrome,1,1
10079,palm,1,1
10080,pancreatic,1,1
10081,panda,1,1
10082,pandemic,1,1
10083,panicle,1,1
10084,panning,1,1
10085,pans,1,1
10086,paq,1,1
10087,paqb,1,1
10088,paqc,1,1
10089,parabolas,1,1
10090,parachutes,1,1
10091,paradox,1,1
10092,parallelepipeds,1,1
10093,parallelpiped,1,1
10094,parallely,1,1
10095,parcel,1,1
10096,parental,1,1
10097,parks,1,1
10098,passband,1,1
10099,pasta,1,1
10100,pastoral,1,1
10101,patch,1,1
10102,pathogen,1,1
10103,pauli,1,1
10104,paver,1,1
10105,paw,1,1
10106,pays,1,1
10107,pbd,1,1
10108,pbe,1,1
10109,pbef,1,1
10110,pbo,1,1
10111,pbt,1,1
10112,pce,1,1
10113,pcq,1,1
10114,pdb,1,1
10115,pdc,1,1
10116,pdf,1,1
10117,pearson,1,1
10118,peas,1,1
10119,pec,1,1
10120,pedigrees,1,1
10121,pedipalp,1,1
10122,peg,1,1
10123,pelicans,1,1
10124,pelvis,1,1
10125,pendant,1,1
10126,pendants,1,1
10127,penetrant,1,1
10128,penny,1,1
10129,pentagram,1,1
10130,pentane,1,1
10131,pentominoes,1,1
10132,peptides,1,1
10133,percentages,1,1
10134,pericarp,1,1
10135,perilune,1,1
10136,peritubular,1,1
10137,periwinkle,1,1
10138,periwinkles,1,1
10139,permit,1,1
10140,permitted,1,1
10141,perot,1,1
10142,persisted,1,1
10143,persistent,1,1
10144,pertain,1,1
10145,pet28a,1,1
10146,petra,1,1
10147,petrel,1,1
10148,petri,1,1
10149,pets,1,1
10150,pfe,1,1
10151,pfm,1,1
10152,pharynx,1,1
10153,phasors,1,1
10154,phenotypically,1,1
10155,philosophy,1,1
10156,phosphatase,1,1
10157,phosphine,1,1
10158,phosphorous,1,1
10159,photocurrent,1,1
10160,photoelectron,1,1
10161,photomicrograph,1,1
10162,photophosphorylation,1,1
10163,photosensitive,1,1
10164,physicists,1,1
10165,picciotto,1,1
10166,picoseconds,1,1
10167,pieced,1,1
10168,piecewise,1,1
10169,piedmont,1,1
10170,pier,1,1
10171,pig,1,1
10172,pikas,1,1
10173,piled,1,1
10174,pinnately,1,1
10175,pipework,1,1
10176,piscivorous,1,1
10177,pistil,1,1
10178,pistils,1,1
10179,pith,1,1
10180,placement,1,1
10181,plaintain,1,1
10182,planarity,1,1
10183,plankticorous,1,1
10184,planktons,1,1
10185,plantain,1,1
10186,plastid,1,1
10187,plateaus,1,1
10188,platelet,1,1
10189,platforms,1,1
10190,playback,1,1
10191,played,1,1
10192,pleasing,1,1
10193,plentiful,1,1
10194,plk,1,1
10195,pma,1,1
10196,pmf,1,1
10197,pmosfet,1,1
10198,pnm,1,1
10199,pnp,1,1
10200,po4,1,1
10201,pob,1,1
10202,poc,1,1
10203,pod,1,1
10204,pof,1,1
10205,poh,1,1
10206,pointy,1,1
10207,poisonous,1,1
10208,polarizability,1,1
10209,polarize,1,1
10210,polled,1,1
10211,pollinates,1,1
10212,pollination,1,1
10213,polyhedra,1,1
10214,polylines,1,1
10215,polyominos,1,1
10216,polyp,1,1
10217,polypeptides,1,1
10218,ponds,1,1
10219,popularity,1,1
10220,populated,1,1
10221,pore,1,1
10222,pos,1,1
10223,pose,1,1
10224,posed,1,1
10225,poses,1,1
10226,postal,1,1
10227,potency,1,1
10228,pours,1,1
10229,poverty,1,1
10230,pqc,1,1
10231,pqcb,1,1
10232,pqj,1,1
10233,pqm,1,1
10234,pqrstu,1,1
10235,pqu,1,1
10236,prab,1,1
10237,practical,1,1
10238,practiced,1,1
10239,practices,1,1
10240,prairie,1,1
10241,praised,1,1
10242,praying,1,1
10243,prc,1,1
10244,precious,1,1
10245,prediction,1,1
10246,predictions,1,1
10247,predominant,1,1
10248,prefabricated,1,1
10249,prefactors,1,1
10250,prefecture,1,1
10251,preferential,1,1
10252,preimeter,1,1
10253,prepare,1,1
10254,pres1,1,1
10255,presenting,1,1
10256,preserve,1,1
10257,preserves,1,1
10258,press,1,1
10259,pressurize,1,1
10260,prevalence,1,1
10261,preventive,1,1
10262,preyed,1,1
10263,primarily,1,1
10264,primers,1,1
10265,primes,1,1
10266,principles,1,1
10267,priti,1,1
10268,pro,1,1
10269,probable,1,1
10270,proboscis,1,1
10271,procee,1,1
10272,proceeded,1,1
10273,proceeding,1,1
10274,professional,1,1
10275,professionals,1,1
10276,professor,1,1
10277,profitable,1,1
10278,profusely,1,1
10279,programmed,1,1
10280,progress,1,1
10281,projectiles,1,1
10282,prokaryotic,1,1
10283,prokelisia,1,1
10284,prolong,1,1
10285,prom,1,1
10286,promptly,1,1
10287,prompts,1,1
10288,promulgated,1,1
10289,propelling,1,1
10290,properly,1,1
10291,prophase,1,1
10292,propionic,1,1
10293,proposes,1,1
10294,propulsion,1,1
10295,prospects,1,1
10296,prosperous,1,1
10297,protease,1,1
10298,protect,1,1
10299,protecting,1,1
10300,protects,1,1
10301,proteomic,1,1
10302,proteomics,1,1
10303,protocooperation,1,1
10304,protoplast,1,1
10305,protoplasts,1,1
10306,protostar,1,1
10307,protruding,1,1
10308,protrusions,1,1
10309,prq,1,1
10310,prs,1,1
10311,prsv,1,1
10312,pseudo,1,1
10313,pst,1,1
10314,pulsating,1,1
10315,punkte,1,1
10316,pupils,1,1
10317,purchased,1,1
10318,purification,1,1
10319,pursuing,1,1
10320,pursuit,1,1
10321,putting,1,1
10322,pxv,1,1
10323,pyeongchang,1,1
10324,pyramids,1,1
10325,pythagoras,1,1
10326,qaidam,1,1
10327,qca,1,1
10328,qigong,1,1
10329,qinling,1,1
10330,qjk,1,1
10331,qlm,1,1
10332,qpc,1,1
10333,qpm,1,1
10334,qrt,1,1
10335,qst,1,1
10336,qtp,1,1
10337,quadrangle,1,1
10338,quadrates,1,1
10339,quadruplets,1,1
10340,qualification,1,1
10341,qualifiers,1,1
10342,qualitatively,1,1
10343,quarries,1,1
10344,quasielectrons,1,1
10345,quasihole,1,1
10346,quasisquare,1,1
10347,quasistatically,1,1
10348,quest,1,1
10349,quick,1,1
10350,quintisection,1,1
10351,quota,1,1
10352,raccoons,1,1
10353,racecar,1,1
10354,racemes,1,1
10355,rachis,1,1
10356,rack,1,1
10357,radiate,1,1
10358,radiating,1,1
10359,radiative,1,1
10360,radix,1,1
10361,rafting,1,1
10362,ragged,1,1
10363,rainforest,1,1
10364,rains,1,1
10365,rainstorms,1,1
10366,raisins,1,1
10367,ramps,1,1
10368,ran,1,1
10369,ranching,1,1
10370,ranged,1,1
10371,raphael,1,1
10372,rationality,1,1
10373,rats,1,1
10374,ravioli,1,1
10375,razor,1,1
10376,rbc,1,1
10377,rcp,1,1
10378,rcq,1,1
10379,reader,1,1
10380,readily,1,1
10381,reagents,1,1
10382,realizing,1,1
10383,rearranged,1,1
10384,rearranging,1,1
10385,reassemble,1,1
10386,reassembled,1,1
10387,rebates,1,1
10388,rebecca,1,1
10389,recall,1,1
10390,recapture,1,1
10391,recession,1,1
10392,rechts,1,1
10393,recipients,1,1
10394,recognizable,1,1
10395,recognizing,1,1
10396,recommends,1,1
10397,reconstructed,1,1
10398,recorder,1,1
10399,recover,1,1
10400,recovered,1,1
10401,recreation,1,1
10402,recreational,1,1
10403,rectification,1,1
10404,rectifiers,1,1
10405,recurring,1,1
10406,recursively,1,1
10407,redesigned,1,1
10408,redrawn,1,1
10409,redundant,1,1
10410,reef,1,1
10411,reefs,1,1
10412,referable,1,1
10413,referenced,1,1
10414,refineries,1,1
10415,refinery,1,1
10416,refueling,1,1
10417,refuge,1,1
10418,regard,1,1
10419,regards,1,1
10420,regraded,1,1
10421,regulating,1,1
10422,reinforce,1,1
10423,reinforced,1,1
10424,relatedness,1,1
10425,relationships,1,1
10426,reliable,1,1
10427,religious,1,1
10428,relocate,1,1
10429,relocating,1,1
10430,repeatedly,1,1
10431,repetition,1,1
10432,repetitions,1,1
10433,replaces,1,1
10434,replenish,1,1
10435,replicative,1,1
10436,reports,1,1
10437,repositioned,1,1
10438,representative,1,1
10439,republican,1,1
10440,requirement,1,1
10441,reserved,1,1
10442,resettlement,1,1
10443,reshape,1,1
10444,reshaped,1,1
10445,residence,1,1
10446,resisting,1,1
10447,resonant,1,1
10448,responded,1,1
10449,respondents,1,1
10450,responding,1,1
10451,responses,1,1
10452,responsivity,1,1
10453,restaurants,1,1
10454,restores,1,1
10455,restrict,1,1
10456,restricted,1,1
10457,restrictions,1,1
10458,restricts,1,1
10459,resume,1,1
10460,retains,1,1
10461,rethrow,1,1
10462,retirement,1,1
10463,retraction,1,1
10464,retreating,1,1
10465,retrieved,1,1
10466,retrovirus,1,1
10467,reubber,1,1
10468,revealed,1,1
10469,revealing,1,1
10470,review,1,1
10471,rhizome,1,1
10472,rhythms,1,1
10473,ribbed,1,1
10474,richer,1,1
10475,rid,1,1
10476,ridges,1,1
10477,riding,1,1
10478,rigidly,1,1
10479,rigorous,1,1
10480,rigorously,1,1
10481,ripe,1,1
10482,ripens,1,1
10483,ritzolierre,1,1
10484,riverbeds,1,1
10485,rnase,1,1
10486,roadbed,1,1
10487,roadmap,1,1
10488,roam,1,1
10489,robes,1,1
10490,robin,1,1
10491,rojas,1,1
10492,rollers,1,1
10493,rooftop,1,1
10494,rory,1,1
10495,ros,1,1
10496,rosemary,1,1
10497,rotations,1,1
10498,roughness,1,1
10499,rounding,1,1
10500,routh,1,1
10501,routines,1,1
10502,rps,1,1
10503,rqb,1,1
10504,rscf,1,1
10505,rts,1,1
10506,rtv,1,1
10507,rubbed,1,1
10508,rug,1,1
10509,runaway,1,1
10510,ruolin,1,1
10511,ruptured,1,1
10512,rushed,1,1
10513,rushes,1,1
10514,rust,1,1
10515,rut,1,1
10516,rxn,1,1
10517,ryb,1,1
10518,ryx,1,1
10519,rzt,1,1
10520,sab,1,1
10521,saccharin,1,1
10522,sacs,1,1
10523,safeguarding,1,1
10524,saibei,1,1
10525,saint,1,1
10526,salaam,1,1
10527,saliva,1,1
10528,saminadayar,1,1
10529,san,1,1
10530,sandpit,1,1
10531,sandstone,1,1
10532,sanmao,1,1
10533,sanmenxia,1,1
10534,sanqing,1,1
10535,sapling,1,1
10536,sascha,1,1
10537,satisfactory,1,1
10538,saved,1,1
10539,saves,1,1
10540,sawn,1,1
10541,sawyer,1,1
10542,sb1,1,1
10543,sbc,1,1
10544,scalene,1,1
10545,scaling,1,1
10546,scaly,1,1
10547,scavengers,1,1
10548,scenarios,1,1
10549,schedule,1,1
10550,scheduled,1,1
10551,schema,1,1
10552,schmidt,1,1
10553,scoring,1,1
10554,scorpion,1,1
10555,scotland,1,1
10556,scrape,1,1
10557,scratches,1,1
10558,screws,1,1
10559,sculls,1,1
10560,scyphozoa,1,1
10561,seafloor,1,1
10562,seamless,1,1
10563,seaside,1,1
10564,seating,1,1
10565,secretary,1,1
10566,secrete,1,1
10567,secures,1,1
10568,securing,1,1
10569,seedless,1,1
10570,seem,1,1
10571,seems,1,1
10572,selecting,1,1
10573,selective,1,1
10574,sell,1,1
10575,sells,1,1
10576,semen,1,1
10577,semiaxes,1,1
10578,send,1,1
10579,senior,1,1
10580,seoul,1,1
10581,sepals,1,1
10582,separating,1,1
10583,served,1,1
10584,servo,1,1
10585,settings,1,1
10586,settled,1,1
10587,severity,1,1
10588,shadings,1,1
10589,shake,1,1
10590,sheepskin,1,1
10591,sheng,1,1
10592,shenzhen,1,1
10593,shield,1,1
10594,shifts,1,1
10595,shimbun,1,1
10596,shocked,1,1
10597,shoes,1,1
10598,shoot,1,1
10599,shops,1,1
10600,shores,1,1
10601,shortages,1,1
10602,shortcomings,1,1
10603,shorten,1,1
10604,shortening,1,1
10605,shortens,1,1
10606,showcased,1,1
10607,shrevei,1,1
10608,shrews,1,1
10609,shrimps,1,1
10610,shrinkage,1,1
10611,shrinks,1,1
10612,shrouded,1,1
10613,shrub,1,1
10614,shrubs,1,1
10615,shu,1,1
10616,shutting,1,1
10617,shuttle,1,1
10618,sid,1,1
10619,siderophore,1,1
10620,sidewalk,1,1
10621,sideways,1,1
10622,signaling,1,1
10623,signposts,1,1
10624,signs,1,1
10625,similarities,1,1
10626,simulate,1,1
10627,simulated,1,1
10628,simulating,1,1
10629,sinc,1,1
10630,sinensis,1,1
10631,singapore,1,1
10632,singly,1,1
10633,sino,1,1
10634,sinusoidally,1,1
10635,sittwe,1,1
10636,skateboarder,1,1
10637,skated,1,1
10638,skidding,1,1
10639,skilled,1,1
10640,skunks,1,1
10641,skydiver,1,1
10642,skydiving,1,1
10643,sledding,1,1
10644,slender,1,1
10645,slice,1,1
10646,sliced,1,1
10647,slim,1,1
10648,slingshot,1,1
10649,slogans,1,1
10650,slots,1,1
10651,slowest,1,1
10652,slowing,1,1
10653,sludge,1,1
10654,sma,1,1
10655,smallmouth,1,1
10656,smartphone,1,1
10657,smartphones,1,1
10658,smell,1,1
10659,smith,1,1
10660,smoke,1,1
10661,smudge,1,1
10662,snapped,1,1
10663,snapshot,1,1
10664,sneaker,1,1
10665,snooker,1,1
10666,snowboarding,1,1
10667,snowfall,1,1
10668,snugly,1,1
10669,soaked,1,1
10670,sofas,1,1
10671,soften,1,1
10672,softer,1,1
10673,soils,1,1
10674,soldier,1,1
10675,soles,1,1
10676,solvable,1,1
10677,somatostatin,1,1
10678,soot,1,1
10679,sorts,1,1
10680,southernmost,1,1
10681,sow,1,1
10682,spacewalk,1,1
10683,spades,1,1
10684,spans,1,1
10685,spartina,1,1
10686,spatially,1,1
10687,spatula,1,1
10688,specifically,1,1
10689,specified,1,1
10690,specify,1,1
10691,spectacle,1,1
10692,spectrograph,1,1
10693,spectrophotometrically,1,1
10694,speculated,1,1
10695,speculation,1,1
10696,speedometer,1,1
10697,spell,1,1
10698,spider,1,1
10699,spiders,1,1
10700,spindle,1,1
10701,spirally,1,1
10702,spirit,1,1
10703,spoke,1,1
10704,sponsored,1,1
10705,sporophylls,1,1
10706,sporozoites,1,1
10707,spouses,1,1
10708,spq,1,1
10709,sprays,1,1
10710,spreading,1,1
10711,springboard,1,1
10712,sprint,1,1
10713,sprinting,1,1
10714,sprouting,1,1
10715,spt,1,1
10716,spurious,1,1
10717,spurred,1,1
10718,sq1,1,1
10719,sq2,1,1
10720,sqrt,1,1
10721,squats,1,1
10722,stacking,1,1
10723,stadium,1,1
10724,staff,1,1
10725,staggered,1,1
10726,stair,1,1
10727,stakes,1,1
10728,stalactites,1,1
10729,stalagmite,1,1
10730,stalls,1,1
10731,stamen,1,1
10732,stamens,1,1
10733,stan,1,1
10734,standoff,1,1
10735,starlike,1,1
10736,starvation,1,1
10737,statistically,1,1
10738,steadily,1,1
10739,steelheads,1,1
10740,steep,1,1
10741,steepest,1,1
10742,stefan,1,1
10743,stephen,1,1
10744,stepless,1,1
10745,stepping,1,1
10746,sterilizing,1,1
10747,sticker,1,1
10748,sticky,1,1
10749,stigma,1,1
10750,stimulate,1,1
10751,stimulates,1,1
10752,stipulate,1,1
10753,stipulated,1,1
10754,stoneflies,1,1
10755,stories,1,1
10756,storing,1,1
10757,stp,1,1
10758,straddles,1,1
10759,straighten,1,1
10760,strands,1,1
10761,straw,1,1
10762,strawberry,1,1
10763,strecke,1,1
10764,stress,1,1
10765,stretching,1,1
10766,strongly,1,1
10767,strung,1,1
10768,stuff,1,1
10769,stumbles,1,1
10770,sturdy,1,1
10771,suan,1,1
10772,subayang,1,1
10773,subdivided,1,1
10774,subei,1,1
10775,substation,1,1
10776,substrates,1,1
10777,subtends,1,1
10778,subunits,1,1
10779,suburbanization,1,1
10780,subways,1,1
10781,succeed,1,1
10782,success,1,1
10783,suck,1,1
10784,sue,1,1
10785,suffers,1,1
10786,suggestion,1,1
10787,suggests,1,1
10788,suitably,1,1
10789,sulfurous,1,1
10790,summarizing,1,1
10791,sunan,1,1
10792,sunfish,1,1
10793,sunrises,1,1
10794,sunsets,1,1
10795,sunspots,1,1
10796,supercapacitor,1,1
10797,supercapacitors,1,1
10798,supplemented,1,1
10799,supposing,1,1
10800,surf,1,1
10801,surge,1,1
10802,surprised,1,1
10803,surprisingly,1,1
10804,surveys,1,1
10805,survivorship,1,1
10806,susan,1,1
10807,susceptances,1,1
10808,susceptibility,1,1
10809,susceptible,1,1
10810,suspects,1,1
10811,sustain,1,1
10812,sustainably,1,1
10813,sutong,1,1
10814,suzanna,1,1
10815,suzhou,1,1
10816,svalbard,1,1
10817,swamps,1,1
10818,swapping,1,1
10819,sweating,1,1
10820,sweden,1,1
10821,sweetener,1,1
10822,swept,1,1
10823,symbiont,1,1
10824,symbiosis,1,1
10825,symbolizing,1,1
10826,synapses,1,1
10827,synced,1,1
10828,syngeneic,1,1
10829,synthesized,1,1
10830,synthesizing,1,1
10831,syria,1,1
10832,tacho,1,1
10833,tactic,1,1
10834,tadpoles,1,1
10835,tagging,1,1
10836,tailfin,1,1
10837,tailgate,1,1
10838,tails,1,1
10839,tailwind,1,1
10840,taiwanese,1,1
10841,takada,1,1
10842,taklamakan,1,1
10843,tamara,1,1
10844,tandem,1,1
10845,tangshan,1,1
10846,tanker,1,1
10847,taoist,1,1
10848,taped,1,1
10849,taping,1,1
10850,taranto,1,1
10851,tarzan,1,1
10852,tasks,1,1
10853,tasmania,1,1
10854,tastebuds,1,1
10855,taxis,1,1
10856,tbp,1,1
10857,tear,1,1
10858,tears,1,1
10859,technicians,1,1
10860,technique,1,1
10861,technologies,1,1
10862,ted,1,1
10863,tedio,1,1
10864,telecommunications,1,1
10865,telemetry,1,1
10866,tell,1,1
10867,telling,1,1
10868,tells,1,1
10869,tellurium,1,1
10870,temporal,1,1
10871,tend,1,1
10872,tended,1,1
10873,tendency,1,1
10874,tends,1,1
10875,tens,1,1
10876,tense,1,1
10877,terminates,1,1
10878,terrace,1,1
10879,terraced,1,1
10880,terrasse,1,1
10881,tess,1,1
10882,tessellation,1,1
10883,tethered,1,1
10884,tetrabromide,1,1
10885,tetrachloride,1,1
10886,tetrahedra,1,1
10887,tetraploid,1,1
10888,textbooks,1,1
10889,thalassemia,1,1
10890,thaw,1,1
10891,theoretical,1,1
10892,thermodynamics,1,1
10893,thermometer,1,1
10894,thicken,1,1
10895,thigh,1,1
10896,things,1,1
10897,thinking,1,1
10898,thinner,1,1
10899,thinning,1,1
10900,thirteen,1,1
10901,thn,1,1
10902,thomson,1,1
10903,though,1,1
10904,thought,1,1
10905,thp,1,1
10906,threadlike,1,1
10907,threat,1,1
10908,threatened,1,1
10909,threatens,1,1
10910,thresholds,1,1
10911,threw,1,1
10912,thrilling,1,1
10913,throat,1,1
10914,thruster,1,1
10915,thunder,1,1
10916,thunderclouds,1,1
10917,thursday,1,1
10918,thyme,1,1
10919,thymine,1,1
10920,thyristorized,1,1
10921,tian,1,1
10922,tianshan,1,1
10923,ticker,1,1
10924,ticket,1,1
10925,tidal,1,1
10926,tidally,1,1
10927,tie,1,1
10928,ties,1,1
10929,tiger,1,1
10930,tigers,1,1
10931,tilting,1,1
10932,tim,1,1
10933,tim23,1,1
10934,timed,1,1
10935,timely,1,1
10936,timetable,1,1
10937,tired,1,1
10938,toads,1,1
10939,tobacco,1,1
10940,toggle,1,1
10941,token,1,1
10942,tokens,1,1
10943,tongling,1,1
10944,tongue,1,1
10945,toni,1,1
10946,tonicity,1,1
10947,toninho,1,1
10948,tony,1,1
10949,tools,1,1
10950,toothed,1,1
10951,toothfish,1,1
10952,topless,1,1
10953,topology,1,1
10954,toppled,1,1
10955,topples,1,1
10956,tops,1,1
10957,toroid,1,1
10958,toroidal,1,1
10959,torr,1,1
10960,torymus,1,1
10961,totem,1,1
10962,tough,1,1
10963,tours,1,1
10964,toxic,1,1
10965,toxins,1,1
10966,tpa,1,1
10967,traceable,1,1
10968,trachea,1,1
10969,tracing,1,1
10970,tracking,1,1
10971,tract,1,1
10972,tractor,1,1
10973,traded,1,1
10974,trading,1,1
10975,trail,1,1
10976,trailer,1,1
10977,trailing,1,1
10978,transaction,1,1
10979,transcribed,1,1
10980,transcriptase,1,1
10981,transferring,1,1
10982,transformations,1,1
10983,transforming,1,1
10984,transients,1,1
10985,transitional,1,1
10986,translational,1,1
10987,translocation,1,1
10988,transmitivity,1,1
10989,transmits,1,1
10990,transnational,1,1
10991,transporter,1,1
10992,transversals,1,1
10993,traverse,1,1
10994,traverses,1,1
10995,trenches,1,1
10996,tri,1,1
10997,triac,1,1
10998,trick,1,1
10999,triominoes,1,1
11000,triples,1,1
11001,tripped,1,1
11002,trisected,1,1
11003,triton,1,1
11004,tropics,1,1
11005,troposphere,1,1
11006,tropospheric,1,1
11007,truther,1,1
11008,trying,1,1
11009,tsp,1,1
11010,tsr,1,1
11011,tubule,1,1
11012,tuesday,1,1
11013,tulips,1,1
11014,tumors,1,1
11015,tuna,1,1
11016,tune,1,1
11017,tunneled,1,1
11018,turbid,1,1
11019,turbines,1,1
11020,turbulence,1,1
11021,turkey,1,1
11022,turntables,1,1
11023,turtles,1,1
11024,tvs,1,1
11025,twins,1,1
11026,twist,1,1
11027,twists,1,1
11028,twrv,1,1
11029,uacgaacauugg,1,1
11030,ubc,1,1
11031,ujt,1,1
11032,ultra,1,1
11033,ultraviolet,1,1
11034,umbel,1,1
11035,unary,1,1
11036,unattainable,1,1
11037,unbalanced,1,1
11038,unbelievable,1,1
11039,uncertain,1,1
11040,uncertainty,1,1
11041,unclear,1,1
11042,uncontrolled,1,1
11043,uncovered,1,1
11044,und,1,1
11045,underdeveloped,1,1
11046,understood,1,1
11047,undertake,1,1
11048,undertaken,1,1
11049,undertakes,1,1
11050,undulation,1,1
11051,unexpected,1,1
11052,unhighlighted,1,1
11053,unicellular,1,1
11054,unidirectional,1,1
11055,unified,1,1
11056,unijunction,1,1
11057,uninflated,1,1
11058,uninterrupted,1,1
11059,unipolar,1,1
11060,unisexual,1,1
11061,unknowns,1,1
11062,unlinked,1,1
11063,unloaded,1,1
11064,unnecessary,1,1
11065,unplanted,1,1
11066,unpredictable,1,1
11067,unreliable,1,1
11068,unsat,1,1
11069,unseen,1,1
11070,unsoldered,1,1
11071,updraught,1,1
11072,upgrade,1,1
11073,uplift,1,1
11074,ups,1,1
11075,urgent,1,1
11076,uru,1,1
11077,usable,1,1
11078,usain,1,1
11079,usefulness,1,1
11080,ut1,1,1
11081,utde,1,1
11082,utilizable,1,1
11083,uwxy,1,1
11084,vab,1,1
11085,vabc,1,1
11086,vac,1,1
11087,vacation,1,1
11088,vacuoles,1,1
11089,valentin,1,1
11090,valeriu,1,1
11091,variations,1,1
11092,vbing,1,1
11093,vcd,1,1
11094,vd2,1,1
11095,vdc,1,1
11096,vding,1,1
11097,vegetarian,1,1
11098,vena,1,1
11099,vendor,1,1
11100,venn,1,1
11101,venture,1,1
11102,venue,1,1
11103,verified,1,1
11104,verify,1,1
11105,verse,1,1
11106,vertebrates,1,1
11107,vessels,1,1
11108,vibrates,1,1
11109,vibrio,1,1
11110,viedma,1,1
11111,vii,1,1
11112,villa,1,1
11113,vinci,1,1
11114,violating,1,1
11115,vision,1,1
11116,visiting,1,1
11117,visitors,1,1
11118,visually,1,1
11119,vjia,1,1
11120,volumetric,1,1
11121,volunteer,1,1
11122,voracious,1,1
11123,vorne,1,1
11124,voted,1,1
11125,voter,1,1
11126,voting,1,1
11127,vru,1,1
11128,vswr,1,1
11129,vt3,1,1
11130,vulnerable,1,1
11131,vulture,1,1
11132,vut,1,1
11133,vwx,1,1
11134,vwy,1,1
11135,vxy,1,1
11136,vyi,1,1
11137,wafer,1,1
11138,wagons,1,1
11139,waived,1,1
11140,wand,1,1
11141,waning,1,1
11142,warms,1,1
11143,warn,1,1
11144,warned,1,1
11145,wasps,1,1
11146,waterbirds,1,1
11147,waterfront,1,1
11148,waters,1,1
11149,waterside,1,1
11150,waterworks,1,1
11151,wattmeter,1,1
11152,wavefront,1,1
11153,waveguide,1,1
11154,waxing,1,1
11155,weakens,1,1
11156,weakness,1,1
11157,wearing,1,1
11158,weaving,1,1
11159,webs,1,1
11160,wedding,1,1
11161,wednesday,1,1
11162,weeds,1,1
11163,weekday,1,1
11164,welcome,1,1
11165,welcoming,1,1
11166,welded,1,1
11167,wenchang,1,1
11168,wendy,1,1
11169,werner,1,1
11170,wetness,1,1
11171,wha,1,1
11172,whereas,1,1
11173,whereby,1,1
11174,whilst,1,1
11175,whip,1,1
11176,whiplike,1,1
11177,whitefly,1,1
11178,whitish,1,1
11179,win,1,1
11180,windless,1,1
11181,windows,1,1
11182,windowsill,1,1
11183,winglike,1,1
11184,wins,1,1
11185,wintering,1,1
11186,wiped,1,1
11187,wipes,1,1
11188,wireframe,1,1
11189,wireless,1,1
11190,wise,1,1
11191,wishes,1,1
11192,withered,1,1
11193,wizard,1,1
11194,wobble,1,1
11195,wolf,1,1
11196,wolverines,1,1
11197,wonder,1,1
11198,wonderland,1,1
11199,workboat,1,1
11200,workshops,1,1
11201,worldwide,1,1
11202,worsen,1,1
11203,worship,1,1
11204,woven,1,1
11205,wrist,1,1
11206,wristwatch,1,1
11207,writing,1,1
11208,wrongly,1,1
11209,wtz,1,1
11210,wuv,1,1
11211,wuzhou,1,1
11212,wxzy,1,1
11213,wyx,1,1
11214,x0y,1,1
11215,xbc,1,1
11216,xho,1,1
11217,xiamen,1,1
11218,xiang,1,1
11219,xiangjiang,1,1
11220,xiangshan,1,1
11221,xiangtan,1,1
11222,xiaocong,1,1
11223,xiaoman,1,1
11224,xiaomi,1,1
11225,xiaoqiang,1,1
11226,xiaowen,1,1
11227,xiaoxin,1,1
11228,xiaoying,1,1
11229,xiaozan,1,1
11230,xiaozhang,1,1
11231,xlabel,1,1
11232,xmax,1,1
11233,xmin,1,1
11234,xpy,1,1
11235,xqy,1,1
11236,xry,1,1
11237,xsy,1,1
11238,xtick,1,1
11239,xty,1,1
11240,xuelong,1,1
11241,xuetong,1,1
11242,xyw,1,1
11243,yancheng,1,1
11244,yangshan,1,1
11245,yao,1,1
11246,yarlung,1,1
11247,yenisei,1,1
11248,yett,1,1
11249,yielded,1,1
11250,yielding,1,1
11251,yields,1,1
11252,yingze,1,1
11253,ylabel,1,1
11254,ymajorgrids,1,1
11255,ymax,1,1
11256,ymin,1,1
11257,york,1,1
11258,youth,1,1
11259,ytick,1,1
11260,yulong,1,1
11261,yunan,1,1
11262,yunxia,1,1
11263,yuxin,1,1
11264,ywz,1,1
11265,zangbo,1,1
11266,zeit,1,1
11267,zeroes,1,1
11268,zhaozhou,1,1
11269,zheng,1,1
11270,zhongming,1,1
11271,zhuang,1,1
11272,zilda,1,1
11273,zmin,1,1
11274,znco,1,1
11275,zonality,1,1
11276,zooplanktons,1,1
11277,zxw,1,1
11278,zxy,1,1
