rank,word,count,doc_count
1,length,2240,1949
2,structure,1514,829
3,axis,1448,747
4,intersects,1270,919
5,square,1226,825
6,abcd,1167,1003
7,circuit,1127,958
8,transition,1057,725
9,field,1012,449
10,mass,959,654
11,voltage,901,569
12,region,894,704
13,graph,892,651
14,circle,869,593
15,force,863,545
16,magnetic,834,292
17,system,822,671
18,direction,820,615
19,segment,812,517
20,magnitude,805,548
21,angle,804,659
22,function,801,544
23,horizontal,775,522
24,triangle,762,569
25,velocity,737,473
26,plane,710,444
27,radius,708,563
28,rectangle,705,505
29,current,703,507
30,distance,701,553
31,speed,682,462
32,expression,675,662
33,bonds,666,334
34,water,652,338
35,china,639,510
36,midpoint,629,548
37,ball,623,187
38,resistance,601,428
39,uniform,578,443
40,connected,572,480
41,perpendicular,571,492
42,power,551,351
43,constant,550,449
44,sides,547,493
45,surface,547,363
46,electric,532,242
47,coordinate,522,437
48,intersect,514,484
49,acceleration,506,376
50,quadrilateral,504,416
51,population,495,288
52,light,494,270
53,numbers,488,287
54,schematic,485,475
55,block,484,162
56,maximum,484,415
57,smiles,478,478
58,moving,477,421
59,output,477,388
60,ground,476,288
61,center,472,380
62,temperature,472,303
63,but,470,469
64,lines,453,370
65,connect,450,382
66,rod,449,137
67,table,442,277
68,ratio,433,394
69,coordinates,427,369
70,map,426,409
71,equal,425,380
72,friction,420,256
73,squares,419,289
74,height,416,328
75,distribution,409,354
76,coil,408,134
77,charge,401,257
78,energy,400,276
79,food,398,369
80,motion,392,289
81,parabola,391,195
82,diameter,385,348
83,process,382,318
84,perimeter,378,311
85,drawn,376,327
86,passes,372,354
87,river,367,214
88,circular,362,220
89,components,358,356
90,electron,356,161
91,hydrogen,354,348
92,vertical,353,284
93,air,350,242
94,minimum,345,323
95,linear,328,262
96,parallel,328,284
97,city,326,228
98,car,325,75
99,positive,325,257
100,rhombus,325,252
101,changes,324,281
102,paper,318,213
103,shaded,318,290
104,cartesian,316,313
105,particle,315,117
106,straight,309,257
107,bisects,307,266
108,gas,307,121
109,pressure,305,193
110,circles,303,172
111,fixed,292,256
112,ideal,292,261
113,proportion,288,221
114,moves,287,246
115,sum,287,225
116,unit,285,250
117,coefficient,280,227
118,average,276,219
119,metal,275,117
120,inclined,270,111
121,day,269,188
122,land,268,189
123,kinetic,260,192
124,acb,255,247
125,earth,253,119
126,gravitational,251,212
127,track,251,66
128,period,250,209
129,spring,250,101
130,vertices,248,217
131,rate,247,183
132,cylinder,246,71
133,wire,246,107
134,bisector,245,207
135,initial,245,213
136,second,245,203
137,base,243,183
138,tangent,242,209
139,country,238,175
140,equilateral,238,205
141,web,238,230
142,represents,234,192
143,triangles,234,167
144,some,232,219
145,use,231,211
146,out,229,208
147,bac,226,213
148,half,226,157
149,form,225,212
150,move,225,195
151,moment,224,190
152,flow,223,206
153,induction,223,182
154,under,222,208
155,vertex,222,191
156,values,221,207
157,aob,220,170
158,level,220,187
159,range,219,212
160,potential,218,134
161,inverse,216,162
162,midpoints,216,207
163,common,213,212
164,chart,212,172
165,questions,211,210
166,diagonal,210,195
167,negligible,210,198
168,closed,208,182
169,down,208,177
170,likely,208,207
171,they,208,192
172,rectangular,207,167
173,rope,207,89
174,starts,207,183
175,she,206,131
176,edge,205,148
177,over,205,182
178,folded,204,197
179,intersecting,204,187
180,ring,204,66
181,curve,203,154
182,terms,203,189
183,exactly,202,190
184,off,202,169
185,data,199,174
186,arc,198,150
187,equation,198,186
188,made,198,182
189,bottom,197,144
190,development,197,168
191,load,196,141
192,smooth,196,169
193,precipitation,195,151
194,represent,194,180
195,taken,194,188
196,diagonals,193,188
197,directly,193,190
198,cell,192,125
199,may,192,176
200,wooden,192,68
201,just,191,174
202,stage,191,173
203,uniformly,191,156
204,volume,191,130
205,switch,189,131
206,cycle,188,154
207,difference,188,169
208,order,188,173
209,cube,187,89
210,reaches,187,167
211,write,187,173
212,belt,186,65
213,gravity,186,167
214,across,185,156
215,choose,185,184
216,inequality,185,164
217,meters,184,125
218,due,183,168
219,regions,183,151
220,amount,182,152
221,frequency,182,136
222,reason,182,182
223,section,182,154
224,times,182,165
225,array,181,94
226,reaction,181,129
227,resistor,180,138
228,altitude,179,155
229,density,178,146
230,extension,177,172
231,per,177,144
232,inscribed,176,161
233,horizontally,175,156
234,factor,174,163
235,supply,173,138
236,applied,172,153
237,degrees,172,169
238,signal,172,127
239,slope,171,90
240,natural,170,153
241,plate,169,79
242,turns,168,130
243,identical,167,160
244,lies,166,149
245,passing,166,155
246,string,166,76
247,zero,166,153
248,phase,165,126
249,capacitor,164,105
250,falls,164,153
251,grid,164,112
252,group,164,84
253,material,164,135
254,rails,164,38
255,board,163,55
256,lengths,163,149
257,information,162,160
258,beijing,161,111
259,loop,161,78
260,arrow,160,150
261,picture,160,142
262,chord,159,144
263,jia,159,126
264,wave,159,83
265,charged,158,103
266,cross,158,143
267,wind,158,85
268,assuming,157,148
269,location,157,133
270,parallelogram,157,137
271,vertically,157,143
272,cells,156,99
273,mainly,156,151
274,complete,155,147
275,relative,155,129
276,characteristics,154,150
277,plates,154,60
278,width,154,129
279,plant,153,119
280,strength,153,122
281,white,153,103
282,big,152,127
283,box,152,55
284,formed,152,144
285,segments,152,132
286,them,152,146
287,boc,151,127
288,isosceles,151,143
289,latitude,151,122
290,organism,151,147
291,regular,151,119
292,take,151,144
293,growth,150,114
294,origin,150,130
295,world,150,135
296,year,150,128
297,intensity,149,127
298,collision,147,62
299,foot,146,126
300,aoc,145,126
301,body,145,90
302,connecting,145,130
303,acid,144,92
304,shape,144,118
305,thin,144,99
306,black,143,83
307,five,143,127
308,measured,143,128
309,see,143,134
310,experiment,142,112
311,initially,142,135
312,remains,142,126
313,smaller,142,109
314,transfer,142,116
315,nearest,141,141
316,primary,141,95
317,sliding,141,99
318,wall,141,93
319,conveyor,140,25
320,make,140,125
321,more,140,132
322,possible,140,135
323,province,140,99
324,solar,139,108
325,transformer,139,92
326,you,139,105
327,orbit,138,63
328,concentration,137,101
329,depicted,137,137
330,quadrant,137,104
331,released,137,126
332,industrial,136,101
333,local,136,125
334,condition,135,130
335,lower,134,113
336,urban,134,101
337,decimal,133,131
338,draw,133,117
339,ray,133,82
340,agricultural,132,109
341,angled,132,121
342,north,132,115
343,round,132,127
344,steps,132,120
345,together,132,119
346,transistor,132,102
347,gene,131,54
348,island,130,74
349,results,130,122
350,chemical,129,125
351,near,129,119
352,enters,128,96
353,molecules,128,125
354,student,128,92
355,climate,127,99
356,industry,127,98
357,respect,127,124
358,upward,127,109
359,angular,126,101
360,compared,126,126
361,lie,126,118
362,much,126,115
363,sea,126,99
364,chain,125,114
365,frame,125,46
366,new,125,97
367,diode,124,101
368,obtain,124,119
369,opposite,124,118
370,stationary,124,110
371,considered,123,116
372,contour,123,104
373,production,123,98
374,corresponding,122,114
375,hexagon,122,77
376,always,121,113
377,equilibrium,121,95
378,work,121,101
379,letter,120,111
380,ade,119,109
381,cut,119,98
382,pass,119,109
383,seconds,119,99
384,intersection,118,103
385,whose,118,109
386,pushing,117,114
387,rectangles,117,80
388,figures,116,101
389,labeled,116,109
390,satellite,116,47
391,upper,116,94
392,heat,115,80
393,highest,115,104
394,indicate,115,102
395,sequence,115,88
396,electromotive,114,94
397,written,114,91
398,disk,112,28
399,must,112,105
400,relatively,112,105
401,station,112,58
402,tension,112,83
403,wants,112,104
404,adjacent,111,89
405,divided,111,107
406,space,111,87
407,affected,110,106
408,characteristic,110,104
409,open,110,97
410,exerted,109,96
411,inner,109,74
412,motor,109,49
413,increase,108,101
414,marked,108,95
415,until,108,104
416,clockwise,107,98
417,directed,107,92
418,our,107,87
419,represented,107,105
420,zone,107,74
421,every,105,92
422,secondary,105,75
423,semicircle,105,71
424,suppose,105,101
425,weather,105,84
426,displacement,104,81
427,illustrate,104,104
428,induced,104,80
429,mechanistic,104,104
430,negative,104,94
431,path,104,88
432,reading,104,74
433,solid,104,86
434,congruent,103,92
435,interval,103,85
436,original,103,92
437,annual,102,79
438,contact,102,86
439,internal,102,94
440,outside,102,94
441,row,102,69
442,zener,102,48
443,acting,101,82
444,dashed,101,85
445,effect,101,95
446,leaves,101,65
447,particles,101,40
448,profile,101,87
449,reach,101,91
450,relocated,101,101
451,hemisphere,100,91
452,mountain,100,70
453,objects,100,60
454,slides,100,75
455,angles,99,89
456,causing,99,94
457,conductor,99,42
458,extend,99,94
459,kind,99,98
460,makes,99,89
461,ocean,99,72
462,size,99,92
463,sphere,99,53
464,years,99,86
465,external,98,78
466,grey,98,72
467,soil,98,57
468,starting,98,88
469,fold,97,81
470,lowest,96,91
471,electrons,95,39
472,faces,95,69
473,label,95,87
474,probability,95,74
475,product,95,74
476,central,94,89
477,constructed,94,89
478,largest,94,89
479,why,94,94
480,balls,93,52
481,bar,93,60
482,conducting,93,60
483,happen,93,93
484,middle,93,79
485,piece,93,80
486,six,93,81
487,his,92,69
488,rotates,92,81
489,symmetry,92,84
490,content,91,69
491,oabc,91,75
492,plants,91,67
493,tube,91,34
494,column,90,64
495,piston,90,25
496,called,89,85
497,changing,89,84
498,containing,89,83
499,did,89,86
500,life,89,85
501,producer,89,89
502,related,89,85
503,species,89,74
504,without,89,86
505,countries,88,66
506,ends,88,81
507,removed,88,78
508,resources,88,61
509,satisfy,88,88
510,scale,88,79
511,cubes,87,39
512,moon,87,29
513,rotate,87,77
514,rotated,87,82
515,slide,87,65
516,units,87,71
517,abd,86,81
518,action,86,84
519,amplifier,86,77
520,face,86,62
521,model,86,70
522,acd,85,76
523,clock,85,55
524,downward,85,80
525,economic,85,69
526,masses,85,81
527,added,84,73
528,atmospheric,84,75
529,done,84,70
530,increases,84,79
531,pattern,84,73
532,pulley,84,43
533,required,84,81
534,way,84,79
535,ammeter,83,56
536,bod,83,77
537,building,83,63
538,cars,83,35
539,express,83,79
540,greater,83,80
541,pieces,83,51
542,start,83,74
543,topographic,83,82
544,xoy,83,81
545,cities,82,67
546,counterclockwise,82,77
547,slider,82,25
548,statistical,82,69
549,suspended,82,76
550,test,82,50
551,variation,82,71
552,contains,81,71
553,distributed,81,76
554,larger,81,67
555,shaped,81,65
556,weight,81,59
557,net,80,60
558,pair,80,73
559,result,80,75
560,sample,80,62
561,show,80,78
562,static,80,77
563,volts,80,72
564,blocks,79,38
565,composed,79,76
566,least,79,76
567,neglected,79,76
568,network,79,65
569,obtained,79,71
570,road,79,56
571,tenth,79,79
572,west,79,73
573,adc,78,75
574,days,78,64
575,had,78,58
576,illustrated,78,77
577,non,78,70
578,red,78,60
579,similar,78,77
580,smallest,78,76
581,step,78,61
582,sun,78,54
583,takes,78,72
584,transmission,78,50
585,index,77,52
586,materials,77,75
587,onto,77,51
588,peak,77,57
589,pole,77,56
590,yellow,77,52
591,your,77,67
592,approximately,76,71
593,device,76,58
594,normal,76,64
595,outer,76,58
596,planet,76,22
597,south,76,69
598,taking,76,72
599,types,76,68
600,bcd,75,70
601,direct,75,74
602,forward,75,69
603,gain,75,70
604,insulating,75,45
605,integers,75,70
606,rotation,75,71
607,terrain,75,70
608,control,74,66
609,might,74,74
610,next,74,68
611,northern,74,72
612,pentagon,74,51
613,phenomenon,74,67
614,problem,74,67
615,accelerated,73,60
616,becomes,73,67
617,directions,73,72
618,elastic,73,63
619,entire,73,67
620,enzyme,73,34
621,fall,73,62
622,front,73,54
623,get,73,63
624,lake,73,40
625,logic,73,60
626,low,73,68
627,thrown,73,51
628,away,72,68
629,charges,72,53
630,color,72,44
631,exists,72,69
632,indicated,72,71
633,produced,72,67
634,third,72,57
635,boundary,71,57
636,cod,71,59
637,flux,71,51
638,formation,71,63
639,generator,71,45
640,higher,71,69
641,increased,71,69
642,real,71,66
643,bad,70,68
644,floor,70,45
645,generated,70,67
646,medium,70,36
647,people,70,52
648,still,70,69
649,thickness,70,58
650,basin,69,58
651,consists,69,66
652,fish,69,49
653,inches,69,37
654,liquid,69,28
655,add,68,45
656,def,68,55
657,edges,68,62
658,environment,68,56
659,feet,68,51
660,free,68,53
661,fruit,68,36
662,immediately,68,60
663,month,68,57
664,products,68,56
665,steady,68,64
666,voltmeter,68,51
667,animal,67,60
668,aod,67,62
669,braking,67,34
670,container,67,40
671,corner,67,54
672,dna,67,39
673,functional,67,43
674,layer,67,46
675,median,67,64
676,plank,67,16
677,pulling,67,48
678,radiation,67,37
679,season,67,59
680,slowly,67,57
681,various,67,60
682,channel,66,45
683,combining,66,66
684,construct,66,60
685,indicates,66,58
686,meet,66,61
687,students,66,41
688,triangular,66,58
689,attached,65,59
690,follows,65,62
691,geological,65,57
692,oil,65,28
693,rotating,65,52
694,steel,65,31
695,sufficiently,65,64
696,begins,64,57
697,bulb,64,34
698,denoted,64,52
699,digit,64,45
700,expressed,64,61
701,influence,64,60
702,lunar,64,24
703,positions,64,59
704,regional,64,62
705,suitable,64,59
706,trapezoid,64,57
707,beam,63,37
708,centimeters,63,56
709,curves,63,56
710,equivalent,63,61
711,experimental,63,50
712,filled,63,59
713,important,63,62
714,landscape,63,51
715,star,63,32
716,trajectory,63,50
717,very,63,62
718,wheel,63,20
719,back,62,53
720,correct,62,60
721,east,62,53
722,flip,62,47
723,green,62,49
724,less,62,60
725,making,62,59
726,operating,62,54
727,railway,62,43
728,springs,62,27
729,stable,62,57
730,summer,62,56
731,unchanged,62,58
732,currents,61,50
733,greatest,61,61
734,need,61,60
735,person,61,32
736,refers,61,61
737,axes,60,54
738,coincides,60,58
739,flower,60,38
740,found,60,57
741,major,60,57
742,measures,60,56
743,noon,60,51
744,once,60,57
745,radii,60,57
746,sunrise,60,49
747,tower,60,20
748,travel,60,54
749,turn,60,41
750,undergoes,60,57
751,abe,59,59
752,approximate,59,55
753,become,59,49
754,coast,59,47
755,decrease,59,56
756,frictional,59,45
757,ion,59,31
758,like,59,57
759,necessary,59,59
760,neglect,59,57
761,remain,59,57
762,school,59,46
763,simple,59,47
764,situation,59,57
765,southern,59,58
766,terminals,59,51
767,truck,59,14
768,already,58,58
769,chamber,58,15
770,decreases,58,55
771,drop,58,53
772,graphs,58,56
773,hypotenuse,58,56
774,iron,58,28
775,plot,58,52
776,ways,58,58
777,cause,57,57
778,ecological,57,46
779,floating,57,54
780,hole,57,36
781,inclination,57,51
782,occur,57,57
783,route,57,45
784,seen,57,55
785,trend,57,55
786,variable,57,54
787,carrying,56,50
788,disease,56,32
789,knowledge,56,56
790,landing,56,46
791,law,56,52
792,night,56,51
793,occurs,56,54
794,planting,56,47
795,protein,56,27
796,stop,56,44
797,bus,55,26
798,elevation,55,42
799,forces,55,49
800,functions,55,54
801,moved,55,50
802,percentage,55,49
803,perspective,55,55
804,spatial,55,45
805,vegetation,55,47
806,blue,54,43
807,feedback,54,49
808,forms,54,49
809,heavy,54,38
810,human,54,50
811,hyperbola,54,42
812,integer,54,53
813,lands,54,50
814,magnitudes,54,52
815,rad,54,49
816,resulting,54,52
817,silicon,54,46
818,statement,54,54
819,centers,53,52
820,combined,53,50
821,compare,53,53
822,copper,53,24
823,cylindrical,53,40
824,fill,53,53
825,fraction,53,50
826,gate,53,41
827,hand,53,33
828,hits,53,46
829,impedance,53,40
830,orbital,53,42
831,sinusoidal,53,53
832,states,53,50
833,amounts,52,39
834,appear,52,51
835,basketball,52,11
836,bing,52,45
837,capacitance,52,42
838,final,52,50
839,glass,52,30
840,her,52,37
841,july,52,44
842,movement,52,45
843,opening,52,39
844,proportional,52,47
845,response,52,45
846,shanghai,52,40
847,short,52,51
848,cart,51,14
849,circumference,51,46
850,effective,51,44
851,either,51,49
852,equals,51,50
853,great,51,29
854,impact,51,46
855,instantaneous,51,44
856,series,51,50
857,solenoid,51,19
858,terminal,51,44
859,child,50,25
860,coincide,50,50
861,component,50,43
862,corresponds,50,47
863,forest,50,33
864,instant,50,44
865,leaf,50,41
866,rough,50,48
867,simultaneously,50,48
868,standard,50,33
869,stops,50,39
870,tiles,50,22
871,arranged,49,49
872,best,49,49
873,built,49,46
874,changed,49,44
875,coils,49,41
876,consumption,49,31
877,electrical,49,36
878,emitter,49,44
879,gradually,49,48
880,letters,49,40
881,park,49,38
882,reflected,49,47
883,semicircles,49,33
884,strong,49,44
885,titration,49,36
886,treated,49,48
887,twice,49,48
888,uses,49,47
889,winter,49,46
890,zones,49,37
891,activity,48,34
892,athlete,48,19
893,comes,48,46
894,construction,48,43
895,delta,48,41
896,entering,48,42
897,geographical,48,43
898,january,48,41
899,mark,48,44
900,needed,48,46
901,neglecting,48,47
902,room,48,28
903,seasonal,48,38
904,thread,48,15
905,towards,48,38
906,waveform,48,42
907,bridge,47,37
908,carbon,47,32
909,completely,47,46
910,daily,47,32
911,diagrams,47,41
912,electrostatic,47,31
913,filter,47,37
914,genes,47,32
915,levels,47,41
916,magnet,47,25
917,oxygen,47,28
918,port,47,37
919,rays,47,36
920,reaching,47,44
921,sections,47,36
922,tree,47,34
923,urbanization,47,30
924,who,47,38
925,belong,46,45
926,coe,46,41
927,continent,46,41
928,cylinders,46,9
929,duration,46,40
930,duty,46,30
931,junction,46,39
932,last,46,42
933,longer,46,44
934,needs,46,46
935,perpendicularly,46,42
936,platform,46,22
937,pulse,46,40
938,put,46,43
939,separated,46,45
940,specific,46,38
941,touch,46,43
942,toward,46,43
943,united,46,40
944,whether,46,41
945,whole,46,46
946,enterprise,45,26
947,factors,45,42
948,happens,45,45
949,having,45,42
950,ions,45,21
951,meter,45,39
952,occurred,45,39
953,operation,45,41
954,pipe,45,20
955,pyramid,45,27
956,refer,45,45
957,screen,45,20
958,strip,45,27
959,target,45,28
960,train,45,19
961,traveling,45,41
962,agriculture,44,38
963,battery,44,35
964,boat,44,11
965,converter,44,29
966,corners,44,41
967,counter,44,31
968,diameters,44,43
969,digits,44,35
970,doe,44,43
971,individuals,44,29
972,locations,44,39
973,pendulum,44,15
974,remaining,44,41
975,traveled,44,44
976,wavelength,44,34
977,western,44,35
978,advantage,43,42
979,aoe,43,37
980,continues,43,41
981,eastern,43,41
982,equally,43,41
983,explain,43,43
984,forming,43,42
985,give,43,43
986,groups,43,29
987,incident,43,34
988,pulled,43,39
989,rounded,43,43
990,sectional,43,42
991,semicircular,43,26
992,seven,43,39
993,stone,43,21
994,weak,43,26
995,aed,42,38
996,alternating,42,34
997,arcs,42,37
998,atmosphere,42,36
999,bisectors,42,40
1000,cde,42,40
1001,centered,42,38
1002,controlled,42,36
1003,crop,42,34
1004,example,42,42
1005,flows,42,37
1006,grain,42,21
1007,nine,42,37
1008,old,42,26
1009,outward,42,40
1010,research,42,35
1011,shortest,42,39
1012,well,42,37
1013,ace,41,37
1014,age,41,27
1015,analytical,41,40
1016,bit,41,32
1017,carries,41,34
1018,circulation,41,34
1019,coastal,41,39
1020,crease,41,33
1021,fields,41,26
1022,flies,41,27
1023,mol,41,20
1024,observed,41,38
1025,prime,41,35
1026,principle,41,41
1027,produce,41,41
1028,regarded,41,39
1029,resistors,41,38
1030,ship,41,22
1031,suddenly,41,38
1032,walks,41,27
1033,accordingly,40,40
1034,ant,40,23
1035,coal,40,26
1036,combination,40,40
1037,composition,40,36
1038,die,40,32
1039,enclosed,40,31
1040,flat,40,39
1041,flop,40,28
1042,individual,40,30
1043,khz,40,32
1044,learned,40,40
1045,mean,40,35
1046,national,40,38
1047,parameters,40,40
1048,producing,40,34
1049,share,40,36
1050,sheet,40,27
1051,significant,40,38
1052,spacecraft,40,22
1053,tank,40,17
1054,tied,40,37
1055,transportation,40,34
1056,wide,40,34
1057,wires,40,28
1058,ampere,39,33
1059,bottle,39,10
1060,centre,39,36
1061,close,39,38
1062,coinciding,39,39
1063,coloured,39,26
1064,consumer,39,39
1065,curved,39,26
1066,dark,39,31
1067,dce,39,35
1068,ding,39,36
1069,distances,39,37
1070,driver,39,19
1071,ecosystem,39,34
1072,exits,39,34
1073,externally,39,39
1074,fault,39,26
1075,fly,39,16
1076,full,39,31
1077,harmonic,39,32
1078,kilometers,39,34
1079,loss,39,35
1080,name,39,39
1081,numbered,39,28
1082,oab,39,32
1083,polar,39,34
1084,runoff,39,25
1085,sealed,39,34
1086,shadow,39,29
1087,study,39,35
1088,technology,39,38
1089,transport,39,28
1090,velocities,39,37
1091,allowed,38,35
1092,build,38,34
1093,effects,38,36
1094,efgh,38,32
1095,emitted,38,27
1096,far,38,34
1097,flowing,38,35
1098,freely,38,37
1099,frog,38,18
1100,hit,38,29
1101,normally,38,34
1102,overlap,38,32
1103,rods,38,20
1104,sodium,38,22
1105,standing,38,30
1106,tabletop,38,23
1107,throughout,38,37
1108,utilization,38,25
1109,walls,38,25
1110,xinjiang,38,24
1111,bicycle,37,18
1112,chang,37,26
1113,continuous,37,36
1114,developed,37,35
1115,eight,37,33
1116,enterprises,37,28
1117,environmental,37,37
1118,estimate,37,33
1119,family,37,24
1120,genetic,37,33
1121,here,37,36
1122,inductance,37,33
1123,matter,37,25
1124,molecule,37,27
1125,organisms,37,35
1126,polygon,37,27
1127,prism,37,19
1128,rivers,37,37
1129,sediment,37,23
1130,substance,37,29
1131,affecting,36,35
1132,anhui,36,19
1133,causes,36,36
1134,centres,36,30
1135,disaster,36,28
1136,electricity,36,22
1137,finally,36,35
1138,grass,36,30
1139,ice,36,20
1140,interior,36,30
1141,launch,36,30
1142,little,36,31
1143,method,36,31
1144,mon,36,31
1145,muscle,36,10
1146,noise,36,21
1147,perpendiculars,36,34
1148,proton,36,11
1149,rain,36,25
1150,refractive,36,31
1151,reservoir,36,23
1152,rings,36,20
1153,rise,36,29
1154,selected,36,33
1155,shell,36,21
1156,spheres,36,15
1157,symmetric,36,32
1158,thermal,36,33
1159,analyze,35,33
1160,balloon,35,11
1161,beginning,35,34
1162,boolean,35,33
1163,cards,35,18
1164,consumed,35,30
1165,dae,35,32
1166,dots,35,29
1167,enter,35,32
1168,exit,35,27
1169,frozen,35,12
1170,good,35,32
1171,heating,35,24
1172,keep,35,32
1173,launched,35,30
1174,layout,35,34
1175,longitude,35,33
1176,mechanical,35,34
1177,membrane,35,26
1178,planning,35,30
1179,pointing,35,34
1180,quadratic,35,29
1181,rail,35,19
1182,researchers,35,31
1183,resource,35,21
1184,semi,35,26
1185,since,35,34
1186,stations,35,24
1187,unknown,35,29
1188,vials,35,7
1189,bdc,34,33
1190,blank,34,33
1191,case,34,30
1192,colour,34,27
1193,consisting,34,33
1194,core,34,22
1195,divide,34,33
1196,ensure,34,31
1197,fourth,34,33
1198,head,34,25
1199,held,34,34
1200,increasing,34,33
1201,inward,34,34
1202,mice,34,22
1203,multiple,34,28
1204,often,34,33
1205,opened,34,33
1206,overlapping,34,31
1207,pairs,34,33
1208,proportions,34,29
1209,quantity,34,29
1210,rated,34,28
1211,returns,34,30
1212,rises,34,31
1213,solutions,34,22
1214,belts,33,23
1215,carry,33,31
1216,circumcircle,33,32
1217,closest,33,30
1218,cold,33,29
1219,cone,33,15
1220,correspond,33,33
1221,depth,33,26
1222,elements,33,27
1223,extended,33,31
1224,fluid,33,9
1225,holes,33,22
1226,hundredth,33,33
1227,incorrect,33,32
1228,industries,33,31
1229,measuring,33,31
1230,meridian,33,32
1231,numerical,33,30
1232,partial,33,33
1233,perform,33,28
1234,propagation,33,28
1235,proteins,33,15
1236,raw,33,30
1237,reads,33,19
1238,separation,33,29
1239,sled,33,4
1240,surfaces,33,28
1241,term,33,31
1242,threshold,33,28
1243,titrated,33,33
1244,undergo,33,32
1245,vehicle,33,15
1246,via,33,32
1247,atoms,32,17
1248,bde,32,32
1249,cab,32,31
1250,chosen,32,29
1251,cotton,32,11
1252,cultivated,32,24
1253,element,32,26
1254,elevator,32,8
1255,falling,32,27
1256,famous,32,31
1257,goes,32,28
1258,hours,32,29
1259,ignored,32,32
1260,inductor,32,24
1261,judge,32,31
1262,lamp,32,16
1263,naoh,32,22
1264,pond,32,20
1265,predator,32,32
1266,provided,32,30
1267,random,32,30
1268,site,32,28
1269,snow,32,16
1270,spectrum,32,28
1271,ten,32,31
1272,toll,32,5
1273,travels,32,29
1274,vehicles,32,17
1275,waves,32,16
1276,yangtze,32,26
1277,accelerating,31,28
1278,amplitude,31,25
1279,apart,31,31
1280,boe,31,31
1281,capacity,31,24
1282,carried,31,31
1283,collector,31,25
1284,considering,31,31
1285,contained,31,16
1286,cover,31,24
1287,defined,31,30
1288,described,31,31
1289,diodes,31,26
1290,drive,31,19
1291,dry,31,19
1292,exterior,31,28
1293,infinite,31,27
1294,jumps,31,18
1295,leave,31,28
1296,market,31,29
1297,min,31,22
1298,observation,31,21
1299,pedigree,31,27
1300,quality,31,27
1301,quarter,31,26
1302,speeds,31,31
1303,team,31,21
1304,transistors,31,28
1305,active,30,27
1306,banana,30,9
1307,branch,30,22
1308,card,30,13
1309,chinese,30,27
1310,constants,30,28
1311,continuously,30,30
1312,covered,30,25
1313,dice,30,16
1314,experienced,30,28
1315,film,30,12
1316,folding,30,29
1317,generally,30,30
1318,generation,30,23
1319,houses,30,15
1320,monthly,30,22
1321,painted,30,21
1322,pathway,30,23
1323,plateau,30,24
1324,projectile,30,15
1325,recent,30,30
1326,saturation,30,29
1327,sizes,30,29
1328,spherical,30,22
1329,stages,30,27
1330,strips,30,16
1331,synchronous,30,24
1332,town,30,19
1333,trait,30,15
1334,upon,30,25
1335,vibration,30,21
1336,abo,29,27
1337,accelerates,29,26
1338,adb,29,29
1339,adjusted,29,27
1340,assumed,29,27
1341,barrier,29,12
1342,binary,29,26
1343,brakes,29,19
1344,cable,29,12
1345,calculation,29,25
1346,ceiling,29,27
1347,come,29,28
1348,compute,29,27
1349,consumes,29,29
1350,differences,29,29
1351,dominant,29,29
1352,iii,29,24
1353,impulse,29,27
1354,lewis,29,22
1355,limit,29,28
1356,lying,29,28
1357,manufacturing,29,25
1358,populations,29,25
1359,processing,29,17
1360,project,29,20
1361,setup,29,28
1362,sources,29,21
1363,traffic,29,21
1364,tubes,29,13
1365,turntable,29,6
1366,working,29,23
1367,advantageous,28,21
1368,balance,28,15
1369,band,28,16
1370,bases,28,23
1371,bed,28,20
1372,bond,28,14
1373,bulbs,28,16
1374,cbd,28,27
1375,collides,28,23
1376,consecutive,28,28
1377,crops,28,24
1378,crossing,28,22
1379,developing,28,26
1380,digital,28,24
1381,error,28,26
1382,etc,28,19
1383,even,28,25
1384,flood,28,18
1385,hour,28,23
1386,japan,28,14
1387,past,28,24
1388,percent,28,27
1389,perimeters,28,25
1390,photo,28,22
1391,price,28,20
1392,rectifier,28,23
1393,revolution,28,25
1394,rock,28,17
1395,separate,28,22
1396,shapes,28,21
1397,stem,28,25
1398,substances,28,21
1399,subtropical,28,12
1400,suspension,28,20
1401,absorbed,27,25
1402,aircraft,27,6
1403,atom,27,16
1404,belongs,27,27
1405,cad,27,26
1406,caused,27,27
1407,collected,27,20
1408,contain,27,26
1409,corn,27,17
1410,dac,27,27
1411,date,27,22
1412,dimensions,27,27
1413,distinct,27,24
1414,droplet,27,7
1415,efficiency,27,27
1416,eoc,27,19
1417,fully,27,25
1418,game,27,19
1419,illustrates,27,27
1420,mercury,27,7
1421,miles,27,14
1422,mountains,27,23
1423,nutrient,27,14
1424,oriented,27,24
1425,performed,27,27
1426,periods,27,24
1427,plain,27,23
1428,plan,27,24
1429,plasmid,27,14
1430,play,27,27
1431,provide,27,26
1432,race,27,14
1433,release,27,24
1434,rheostat,27,19
1435,role,27,27
1436,sector,27,23
1437,self,27,25
1438,sketch,27,27
1439,spectral,27,22
1440,stands,27,26
1441,touches,27,27
1442,transmitted,27,20
1443,vacuum,27,25
1444,winding,27,15
1445,abcdef,26,23
1446,able,26,26
1447,amplification,26,19
1448,analysis,26,26
1449,apple,26,12
1450,axle,26,16
1451,bacteria,26,14
1452,calculated,26,24
1453,cases,26,14
1454,ch3,26,7
1455,climatic,26,26
1456,containers,26,16
1457,cost,26,21
1458,dbc,26,26
1459,develop,26,24
1460,divides,26,26
1461,electrophoresis,26,17
1462,enough,26,24
1463,enthalpy,26,7
1464,fog,26,14
1465,gray,26,17
1466,heart,26,16
1467,highway,26,16
1468,isotherm,26,22
1469,itself,26,25
1470,labor,26,19
1471,landform,26,21
1472,laser,26,9
1473,later,26,26
1474,male,26,21
1475,meteorological,26,18
1476,overall,26,25
1477,passed,26,25
1478,photograph,26,18
1479,pqrs,26,20
1480,pure,26,23
1481,ramp,26,13
1482,reflect,26,26
1483,restriction,26,16
1484,rice,26,12
1485,safety,26,16
1486,schematically,26,26
1487,successfully,26,22
1488,symbol,26,21
1489,upwards,26,25
1490,usually,26,24
1491,view,26,25
1492,xiao,26,18
1493,abco,25,18
1494,algae,25,25
1495,amino,25,13
1496,ampicillin,25,7
1497,ancient,25,21
1498,august,25,24
1499,automobile,25,16
1500,bce,25,25
1501,blood,25,17
1502,collide,25,21
1503,compounds,25,24
1504,crossed,25,18
1505,delay,25,19
1506,desertification,25,9
1507,designed,25,25
1508,dioxide,25,20
1509,emits,25,23
1510,evaporation,25,15
1511,garden,25,18
1512,inequalities,25,25
1513,injected,25,22
1514,investigation,25,24
1515,islands,25,19
1516,jump,25,17
1517,kinds,25,24
1518,leaving,25,23
1519,legs,25,24
1520,max,25,14
1521,mid,25,25
1522,mutant,25,14
1523,photosynthesis,25,20
1524,poured,25,10
1525,prices,25,21
1526,provinces,25,23
1527,pump,25,10
1528,reflects,25,25
1529,satisfies,25,24
1530,scientific,25,21
1531,shorter,25,24
1532,similarity,25,22
1533,switching,25,24
1534,temperatures,25,22
1535,thick,25,24
1536,transparent,25,17
1537,wound,25,20
1538,abcde,24,20
1539,activities,24,23
1540,actual,24,22
1541,aef,24,23
1542,celestial,24,13
1543,centripetal,24,18
1544,clear,24,23
1545,co2,24,13
1546,completed,24,19
1547,correctly,24,23
1548,demand,24,17
1549,disasters,24,23
1550,draws,24,20
1551,electromagnetic,24,14
1552,elliptical,24,16
1553,equator,24,21
1554,established,24,22
1555,exist,24,23
1556,female,24,16
1557,global,24,22
1558,growing,24,19
1559,haze,24,11
1560,interference,24,15
1561,inverter,24,20
1562,june,24,22
1563,longest,24,24
1564,million,24,20
1565,minutes,24,21
1566,mode,24,23
1567,nerve,24,12
1568,operational,24,22
1569,pacific,24,21
1570,parameter,24,23
1571,paths,24,23
1572,pictured,24,24
1573,positively,24,23
1574,prevailing,24,18
1575,prevent,24,21
1576,provincial,24,20
1577,pull,24,21
1578,readings,24,20
1579,recessive,24,21
1580,residential,24,16
1581,rigid,24,20
1582,rotational,24,18
1583,seawater,24,17
1584,signals,24,16
1585,solstice,24,20
1586,split,24,19
1587,sunlight,24,19
1588,terminator,24,20
1589,tourism,24,18
1590,transferred,24,21
1591,translated,24,21
1592,turned,24,19
1593,volumes,24,22
1594,wild,24,16
1595,animals,23,19
1596,better,23,20
1597,children,23,15
1598,commercial,23,19
1599,comparison,23,23
1600,culture,23,12
1601,dart,23,10
1602,dependency,23,11
1603,drawing,23,22
1604,egg,23,17
1605,evolution,23,22
1606,insulated,23,21
1607,joined,23,22
1608,layers,23,19
1609,maintain,23,23
1610,matrix,23,16
1611,negatively,23,23
1612,orbits,23,19
1613,organic,23,12
1614,passenger,23,12
1615,reached,23,23
1616,regarding,23,23
1617,resultant,23,20
1618,return,23,23
1619,root,23,18
1620,sand,23,16
1621,sites,23,17
1622,strings,23,15
1623,sub,23,20
1624,sunset,23,21
1625,surrounding,23,22
1626,tiangong,23,12
1627,torque,23,22
1628,trends,23,23
1629,true,23,23
1630,unity,23,22
1631,voltages,23,21
1632,wheat,23,16
1633,window,23,12
1634,wing,23,10
1635,ambient,22,9
1636,bias,22,18
1637,boiling,22,17
1638,code,22,17
1639,concentrations,22,20
1640,constraints,22,22
1641,consume,22,22
1642,create,22,22
1643,deceleration,22,17
1644,downwards,22,20
1645,endpoints,22,20
1646,entry,22,9
1647,expressions,22,21
1648,flag,22,14
1649,flagpole,22,10
1650,formula,22,18
1651,gets,22,20
1652,gives,22,22
1653,glucose,22,9
1654,identify,22,22
1655,inputs,22,21
1656,investment,22,14
1657,kangaroo,22,14
1658,kept,22,22
1659,know,22,22
1660,lane,22,9
1661,machine,22,15
1662,minimized,22,22
1663,mixed,22,12
1664,neighbouring,22,16
1665,octagon,22,17
1666,poles,22,19
1667,rainfall,22,15
1668,rapid,22,22
1669,reasonable,22,22
1670,received,22,18
1671,relation,22,19
1672,respiration,22,16
1673,ropes,22,17
1674,scientists,22,18
1675,sound,22,5
1676,stream,22,10
1677,transformation,22,22
1678,valley,22,16
1679,wxyz,22,20
1680,achieve,21,21
1681,adult,21,21
1682,ahead,21,17
1683,aluminum,21,13
1684,apb,21,15
1685,behavior,21,19
1686,bird,21,17
1687,butterfly,21,18
1688,chromosome,21,11
1689,class,21,15
1690,colored,21,17
1691,compound,21,18
1692,concentric,21,16
1693,cookies,21,3
1694,decelerated,21,17
1695,december,21,21
1696,deflection,21,17
1697,determined,21,21
1698,dielectric,21,11
1699,discharge,21,17
1700,driving,21,19
1701,dryer,21,5
1702,empty,21,18
1703,exchange,21,14
1704,eye,21,15
1705,flops,21,19
1706,forecast,21,20
1707,fourier,21,19
1708,frictionless,21,16
1709,general,21,21
1710,graphic,21,21
1711,guangzhou,21,14
1712,guide,21,9
1713,heated,21,16
1714,hitting,21,21
1715,hung,21,14
1716,hydrological,21,14
1717,hydropower,21,12
1718,ignore,21,21
1719,infinitely,21,18
1720,labelled,21,18
1721,logical,21,20
1722,modulation,21,18
1723,photosynthetic,21,14
1724,pqr,21,20
1725,randomly,21,21
1726,runs,21,16
1727,showing,21,21
1728,sided,21,19
1729,support,21,21
1730,textual,21,21
1731,tourist,21,13
1732,towns,21,17
1733,2no,20,11
1734,airplane,20,11
1735,alleles,20,11
1736,amperes,20,20
1737,applies,20,19
1738,appropriate,20,19
1739,bacterial,20,15
1740,bmatrix,20,6
1741,butane,20,6
1742,cdef,20,13
1743,collisions,20,14
1744,conductive,20,14
1745,configuration,20,18
1746,convex,20,18
1747,county,20,16
1748,course,20,20
1749,cubic,20,17
1750,cup,20,9
1751,dates,20,16
1752,decelerate,20,16
1753,defg,20,15
1754,dissipated,20,18
1755,earlier,20,19
1756,europe,20,18
1757,expected,20,17
1758,experiences,20,19
1759,factories,20,18
1760,flowering,20,9
1761,flowers,20,13
1762,fundamental,20,20
1763,gap,20,15
1764,hexagons,20,13
1765,inch,20,16
1766,incline,20,13
1767,isotherms,20,19
1768,joining,20,18
1769,kite,20,12
1770,lattice,20,17
1771,leading,20,17
1772,migration,20,13
1773,ming,20,14
1774,molecular,20,15
1775,multi,20,14
1776,october,20,19
1777,organ,20,20
1778,orientation,20,17
1779,originally,20,20
1780,patterns,20,14
1781,perfectly,20,20
1782,physical,20,20
1783,portion,20,19
1784,rear,20,11
1785,receives,20,18
1786,ripple,20,18
1787,rms,20,19
1788,scores,20,15
1789,seed,20,12
1790,southeast,20,19
1791,stability,20,18
1792,supplied,20,20
1793,took,20,20
1794,transform,20,18
1795,turning,20,13
1796,varies,20,19
1797,viewed,20,19
1798,walk,20,17
1799,wet,20,10
1800,acts,19,19
1801,addition,19,18
1802,amp,19,19
1803,appears,19,17
1804,basic,19,19
1805,birth,19,16
1806,bob,19,10
1807,camera,19,8
1808,cargo,19,6
1809,carrier,19,16
1810,chengdu,19,14
1811,chongqing,19,14
1812,cluster,19,15
1813,coefficients,19,19
1814,coin,19,7
1815,coins,19,8
1816,coli,19,11
1817,colours,19,12
1818,currently,19,18
1819,died,19,19
1820,divisible,19,14
1821,docking,19,9
1822,dominoes,19,6
1823,early,19,16
1824,endpoint,19,18
1825,enzymes,19,11
1826,factory,19,16
1827,fast,19,17
1828,future,19,19
1829,gases,19,16
1830,geographic,19,19
1831,golden,19,11
1832,hcl,19,18
1833,hemoglobin,19,11
1834,illumination,19,18
1835,interaction,19,15
1836,keeping,19,19
1837,laid,19,19
1838,maximized,19,18
1839,molar,19,17
1840,ningxia,19,14
1841,northwest,19,17
1842,octahedron,19,8
1843,particular,19,19
1844,peter,19,13
1845,police,19,3
1846,property,19,19
1847,quadrilaterals,19,16
1848,quiescent,19,16
1849,reduced,19,19
1850,reduction,19,11
1851,relativistic,19,12
1852,seeds,19,12
1853,semiconductor,19,12
1854,september,19,19
1855,sign,19,14
1856,simplified,19,19
1857,solve,19,19
1858,stored,19,17
1859,supporting,19,18
1860,tracks,19,11
1861,village,19,11
1862,volt,19,15
1863,wedge,19,7
1864,wheels,19,15
1865,acids,18,15
1866,additional,18,18
1867,aec,18,18
1868,affect,18,18
1869,agar,18,10
1870,aligned,18,17
1871,anomaly,18,8
1872,available,18,16
1873,baffle,18,8
1874,balanced,18,17
1875,basket,18,8
1876,bounded,18,18
1877,cabin,18,5
1878,carnivore,18,18
1879,centroid,18,18
1880,charts,18,15
1881,chromosomes,18,17
1882,closely,18,18
1883,combine,18,18
1884,concentrated,18,16
1885,creating,18,17
1886,dam,18,12
1887,decreased,18,18
1888,design,18,16
1889,domino,18,4
1890,earthquake,18,7
1891,eats,18,18
1892,electronic,18,14
1893,emergency,18,11
1894,erosion,18,11
1895,ethylene,18,5
1896,exact,18,18
1897,extending,18,17
1898,facing,18,14
1899,feeds,18,18
1900,flesh,18,9
1901,gel,18,9
1902,grade,18,10
1903,house,18,12
1904,humans,18,17
1905,hydroxide,18,13
1906,infer,18,18
1907,interactions,18,18
1908,intersections,18,18
1909,march,18,16
1910,meeting,18,13
1911,minor,18,17
1912,mount,18,8
1913,november,18,18
1914,occurrence,18,18
1915,outputs,18,15
1916,patient,18,9
1917,performance,18,15
1918,pistons,18,4
1919,proposed,18,18
1920,quantities,18,14
1921,quickly,18,18
1922,reduce,18,17
1923,reference,18,17
1924,regression,18,14
1925,regulator,18,17
1926,relevant,18,18
1927,removing,18,12
1928,resistances,18,18
1929,rim,18,13
1930,ripening,18,10
1931,running,18,15
1932,shift,18,14
1933,spacing,18,18
1934,started,18,17
1935,statistic,18,18
1936,stick,18,13
1937,street,18,8
1938,suburbs,18,14
1939,sums,18,14
1940,supplies,18,17
1941,systems,18,17
1942,tangency,18,17
1943,tarim,18,11
1944,transverse,18,17
1945,typical,18,18
1946,workers,18,14
1947,agglomeration,17,14
1948,birds,17,14
1949,breaks,17,10
1950,cloud,17,13
1951,community,17,16
1952,company,17,13
1953,comparing,17,17
1954,compressed,17,13
1955,conduct,17,17
1956,conducted,17,17
1957,dab,17,17
1958,describes,17,16
1959,differential,17,13
1960,dotted,17,15
1961,engine,17,9
1962,eof,17,16
1963,experience,17,16
1964,extract,17,10
1965,favorable,17,17
1966,feed,17,17
1967,fig,17,7
1968,flight,17,15
1969,geometric,17,13
1970,greatly,17,17
1971,herbivore,17,17
1972,hinge,17,8
1973,however,17,17
1974,hyperbolic,17,11
1975,include,17,17
1976,insect,17,15
1977,jiangsu,17,13
1978,latitudes,17,16
1979,look,17,16
1980,lost,17,15
1981,maps,17,14
1982,mechanism,17,14
1983,metres,17,13
1984,monochromatic,17,13
1985,months,17,16
1986,observatory,17,7
1987,obvious,17,17
1988,opamp,17,15
1989,operates,17,17
1990,orange,17,11
1991,pcr,17,12
1992,player,17,11
1993,precisely,17,17
1994,qinghai,17,9
1995,rates,17,15
1996,reactance,17,13
1997,refraction,17,11
1998,sampling,17,15
1999,service,17,14
2000,shandong,17,12
2001,smoothly,17,16
2002,spaced,17,16
2003,stacked,17,17
2004,swing,17,10
2005,symmetrical,17,17
2006,traits,17,12
2007,vector,17,13
2008,went,17,17
2009,10m,16,14
2010,abscissa,16,16
2011,accelerate,16,16
2012,accompanying,16,16
2013,administrative,16,13
2014,advantages,16,15
2015,airflow,16,14
2016,analytic,16,16
2017,april,16,12
2018,autonomous,16,15
2019,behind,16,15
2020,biological,16,12
2021,centimetres,16,16
2022,classified,16,12
2023,colliding,16,16
2024,columns,16,14
2025,computer,16,12
2026,connection,16,14
2027,created,16,16
2028,dec,16,15
2029,depends,16,16
2030,detection,16,14
2031,district,16,5
2032,division,16,10
2033,door,16,5
2034,economy,16,13
2035,equipment,16,14
2036,evacuated,16,16
2037,exceed,16,15
2038,exploration,16,14
2039,extensions,16,16
2040,filament,16,8
2041,fresh,16,10
2042,genotypes,16,14
2043,goods,16,8
2044,gradient,16,10
2045,hemispherical,16,9
2046,hint,16,15
2047,indicator,16,15
2048,inferred,16,16
2049,jumping,16,10
2050,laundry,16,4
2051,means,16,15
2052,mirror,16,12
2053,morning,16,14
2054,movable,16,15
2055,notices,16,15
2056,obc,16,16
2057,observer,16,5
2058,occurring,16,16
2059,oscillation,16,11
2060,oscillator,16,15
2061,outlet,16,10
2062,plans,16,16
2063,positioned,16,15
2064,prepared,16,16
2065,processes,16,16
2066,proportionality,16,14
2067,recorded,16,16
2068,reflective,16,4
2069,resistive,16,16
2070,reverse,16,12
2071,rows,16,14
2072,rubber,16,8
2073,satisfying,16,16
2074,score,16,13
2075,serial,16,13
2076,sets,16,15
2077,shenzhou,16,10
2078,shot,16,10
2079,significance,16,16
2080,spiral,16,7
2081,statistics,16,16
2082,stiffness,16,16
2083,structural,16,16
2084,synthesis,16,15
2085,tangents,16,16
2086,tennis,16,4
2087,throws,16,15
2088,thrust,16,10
2089,touching,16,16
2090,transformed,16,16
2091,trees,16,13
2092,undergoing,16,15
2093,variables,16,16
2094,vegetable,16,11
2095,worker,16,6
2096,yunnan,16,14
2097,zoning,16,16
2098,12v,15,15
2099,accelerations,15,15
2100,acute,15,13
2101,aefg,15,11
2102,anna,15,9
2103,astronaut,15,9
2104,autosomal,15,13
2105,avoid,15,12
2106,backboard,15,4
2107,bank,15,13
2108,beaker,15,7
2109,bec,15,14
2110,begin,15,14
2111,brick,15,11
2112,broken,15,14
2113,bug,15,7
2114,bullet,15,4
2115,cae,15,15
2116,catches,15,12
2117,chords,15,13
2118,closing,15,14
2119,collection,15,8
2120,consumers,15,13
2121,continue,15,15
2122,controlling,15,11
2123,corridor,15,10
2124,critical,15,11
2125,dense,15,12
2126,detected,15,11
2127,devices,15,12
2128,dimensional,15,15
2129,doing,15,14
2130,downstream,15,11
2131,droplets,15,7
2132,dust,15,9
2133,eac,15,13
2134,easily,15,14
2135,eat,15,14
2136,embankment,15,7
2137,evening,15,15
2138,evidence,15,13
2139,fibers,15,10
2140,fruits,15,6
2141,genotype,15,12
2142,going,15,15
2143,hall,15,6
2144,holds,15,15
2145,implemented,15,15
2146,independent,15,15
2147,independently,15,15
2148,insects,15,11
2149,installed,15,14
2150,led,15,12
2151,lift,15,13
2152,lima,15,7
2153,marks,15,12
2154,massless,15,15
2155,mathematical,15,14
2156,meets,15,14
2157,momentum,15,10
2158,mos,15,12
2159,mouse,15,14
2160,northeast,15,15
2161,nymph,15,13
2162,offspring,15,13
2163,operate,15,15
2164,oxide,15,14
2165,pab,15,15
2166,periodic,15,13
2167,petroleum,15,12
2168,phone,15,6
2169,presence,15,15
2170,probe,15,11
2171,provides,15,15
2172,pulleys,15,9
2173,push,15,13
2174,remove,15,11
2175,replaced,15,15
2176,resistivity,15,15
2177,rolling,15,12
2178,routes,15,15
2179,saw,15,13
2180,settlement,15,10
2181,showed,15,14
2182,sine,15,14
2183,sitting,15,10
2184,ski,15,9
2185,storage,15,12
2186,structures,15,15
2187,studied,15,15
2188,studying,15,15
2189,superconducting,15,6
2190,textile,15,11
2191,thyristor,15,7
2192,timing,15,15
2193,tributary,15,8
2194,trolley,15,5
2195,uncharged,15,15
2196,unshaded,15,15
2197,upstream,15,11
2198,vapor,15,13
2199,visible,15,13
2200,word,15,11
2201,writes,15,14
2202,yes,15,15
2203,allelic,14,8
2204,arrangement,14,13
2205,bands,14,9
2206,bandwidth,14,11
2207,baseband,14,13
2208,bef,14,14
2209,bode,14,13
2210,border,14,11
2211,bright,14,10
2212,brown,14,10
2213,capacitors,14,12
2214,cardiac,14,11
2215,cbe,14,12
2216,chi,14,14
2217,circumscribed,14,14
2218,colors,14,13
2219,competent,14,7
2220,composite,14,12
2221,compression,14,11
2222,converted,14,12
2223,costs,14,12
2224,crosswalk,14,3
2225,cuts,14,13
2226,cutting,14,11
2227,decompose,14,14
2228,drew,14,14
2229,eggs,14,11
2230,electrode,14,9
2231,elongation,14,10
2232,export,14,9
2233,farthest,14,13
2234,few,14,14
2235,fiber,14,12
2236,filling,14,13
2237,fine,14,14
2238,fishing,14,7
2239,folds,14,13
2240,follow,14,14
2241,gates,14,12
2242,gently,14,12
2243,geography,14,14
2244,groundwater,14,11
2245,hairless,14,3
2246,hereditary,14,11
2247,improve,14,14
2248,incidence,14,11
2249,india,14,12
2250,interest,14,14
2251,introduced,14,13
2252,inverting,14,12
2253,investigate,14,14
2254,kangaroos,14,7
2255,keeps,14,14
2256,kilometer,14,12
2257,kingdom,14,11
2258,lighter,14,9
2259,losses,14,13
2260,mainland,14,11
2261,maintains,14,12
2262,matches,14,12
2263,members,14,10
2264,mhz,14,10
2265,minute,14,11
2266,monkey,14,4
2267,mutual,14,14
2268,navigation,14,12
2269,nearly,14,14
2270,neutral,14,14
2271,permafrost,14,7
2272,phenotypes,14,10
2273,planned,14,14
2274,policy,14,10
2275,pollen,14,9
2276,pool,14,5
2277,potentials,14,13
2278,previous,14,13
2279,problems,14,14
2280,realized,14,14
2281,reducing,14,10
2282,referred,14,14
2283,respective,14,14
2284,rocket,14,8
2285,rolled,14,14
2286,rolls,14,14
2287,satellites,14,10
2288,scales,14,10
2289,separately,14,14
2290,sized,14,14
2291,spot,14,11
2292,strategy,14,13
2293,strongest,14,14
2294,subjected,14,13
2295,sunshine,14,9
2296,swings,14,12
2297,taut,14,11
2298,throwing,14,9
2299,tons,14,11
2300,tropical,14,12
2301,vegetables,14,12
2302,week,14,12
2303,weights,14,8
2304,yield,14,11
2305,ability,13,12
2306,absorption,13,7
2307,adding,13,13
2308,affects,13,13
2309,antarctic,13,13
2310,aquatic,13,12
2311,aspect,13,13
2312,associated,13,11
2313,astronomical,13,8
2314,barrel,13,6
2315,becoming,13,11
2316,bigger,13,11
2317,biggest,13,13
2318,brain,13,12
2319,breeding,13,11
2320,bring,13,13
2321,canada,13,9
2322,catch,13,12
2323,cents,13,4
2324,chose,13,7
2325,complex,13,11
2326,conduction,13,11
2327,contents,13,13
2328,daytime,13,13
2329,deep,13,13
2330,deposition,13,12
2331,differentiation,13,12
2332,dining,13,3
2333,dipole,13,7
2334,dissipation,13,10
2335,drought,13,8
2336,emission,13,12
2337,entered,13,12
2338,equations,13,13
2339,eventually,13,13
2340,fan,13,5
2341,flying,13,11
2342,football,13,5
2343,further,13,13
2344,gold,13,8
2345,han,13,8
2346,heights,13,11
2347,hollow,13,12
2348,home,13,11
2349,incenter,13,13
2350,inextensible,13,13
2351,intermolecular,13,13
2352,joule,13,13
2353,lights,13,10
2354,lithosphere,13,11
2355,logo,13,8
2356,mars,13,4
2357,measurements,13,13
2358,medians,13,13
2359,mother,13,8
2360,norway,13,5
2361,npn,13,12
2362,odd,13,12
2363,own,13,12
2364,partially,13,11
2365,permeability,13,11
2366,placing,13,13
2367,png,13,13
2368,projection,13,11
2369,reasons,13,13
2370,remote,13,12
2371,rocks,13,13
2372,rst,13,12
2373,run,13,12
2374,salt,13,9
2375,sampled,13,11
2376,seasons,13,13
2377,sec,13,11
2378,selection,13,12
2379,significantly,13,12
2380,situated,13,13
2381,soft,13,13
2382,southwest,13,13
2383,spokes,13,7
2384,statements,13,12
2385,sulfate,13,11
2386,surrounded,13,11
2387,teacher,13,12
2388,territory,13,13
2389,thereby,13,13
2390,therefore,13,13
2391,tibet,13,10
2392,tile,13,10
2393,trisection,13,12
2394,trunk,13,7
2395,versus,13,13
2396,x0008,13,12
2397,xiaoming,13,11
2398,abf,12,11
2399,actively,12,12
2400,adjoining,12,12
2401,allele,12,8
2402,american,12,11
2403,amusement,12,12
2404,arid,12,10
2405,artificial,12,12
2406,atm,12,11
2407,bae,12,12
2408,baf,12,12
2409,bars,12,5
2410,became,12,10
2411,biased,12,12
2412,billboard,12,3
2413,bits,12,11
2414,bohai,12,8
2415,books,12,5
2416,bounces,12,12
2417,boundaries,12,8
2418,boxes,12,7
2419,branches,12,11
2420,brazil,12,9
2421,bricks,12,7
2422,cdb,12,11
2423,century,12,12
2424,circuited,12,11
2425,conclusion,12,12
2426,confidence,12,12
2427,count,12,11
2428,crane,12,6
2429,crosses,12,7
2430,cultivation,12,12
2431,curvature,12,7
2432,darth,12,3
2433,depict,12,12
2434,desert,12,12
2435,diamond,12,12
2436,differ,12,12
2437,doping,12,7
2438,drainage,12,11
2439,drops,12,11
2440,exert,12,9
2441,explore,12,12
2442,exposed,12,10
2443,fastest,12,12
2444,february,12,12
2445,fed,12,12
2446,finite,12,11
2447,fountain,12,3
2448,fringe,12,9
2449,got,12,4
2450,grape,12,8
2451,grasshopper,12,12
2452,gun,12,10
2453,him,12,9
2454,hold,12,11
2455,hybridization,12,9
2456,income,12,8
2457,inductive,12,12
2458,influencing,12,12
2459,inherited,12,12
2460,instead,12,12
2461,internally,12,8
2462,jilin,12,7
2463,john,12,7
2464,judged,12,12
2465,laboratory,12,10
2466,lander,12,6
2467,larva,12,11
2468,leg,12,11
2469,link,12,11
2470,loess,12,9
2471,lossless,12,12
2472,magic,12,8
2473,measurement,12,12
2474,metabolic,12,10
2475,mouth,12,10
2476,municipality,12,8
2477,nyquist,12,8
2478,observe,12,12
2479,oleic,12,2
2480,paint,12,7
2481,pearl,12,10
2482,performs,12,12
2483,phenotype,12,8
2484,planes,12,11
2485,producers,12,12
2486,prove,12,12
2487,railways,12,9
2488,ranging,12,12
2489,reciprocal,12,10
2490,reflection,12,11
2491,ride,12,7
2492,roads,12,10
2493,rpm,12,8
2494,said,12,11
2495,sandstorms,12,8
2496,seat,12,9
2497,sensor,12,10
2498,shaft,12,9
2499,shooting,12,10
2500,sichuan,12,9
2501,solubility,12,12
2502,stand,12,8
2503,status,12,12
2504,stones,12,6
2505,substrate,12,12
2506,sucrose,12,5
2507,switches,12,12
2508,tail,12,10
2509,trapezoids,12,9
2510,trigger,12,10
2511,triggered,12,11
2512,trophic,12,9
2513,vader,12,3
2514,valves,12,6
2515,walking,12,12
2516,warm,12,11
2517,waveforms,12,11
2518,wings,12,7
2519,2bc,11,11
2520,2nd,11,10
2521,abcdefgh,11,10
2522,abp,11,11
2523,absolute,11,10
2524,aco,11,7
2525,adjusting,11,10
2526,admittance,11,11
2527,aecf,11,9
2528,airbag,11,2
2529,airport,11,5
2530,annulus,11,4
2531,antarctica,11,11
2532,approaches,11,11
2533,ascent,11,9
2534,asia,11,11
2535,assembled,11,11
2536,balloons,11,7
2537,basis,11,11
2538,bca,11,11
2539,began,11,11
2540,bending,11,9
2541,beq,11,11
2542,beside,11,11
2543,bisecting,11,10
2544,bjt,11,8
2545,brake,11,10
2546,break,11,8
2547,bridges,11,7
2548,bubble,11,2
2549,buffer,11,9
2550,cardboard,11,4
2551,cathode,11,9
2552,cdf,11,11
2553,chromatography,11,7
2554,clothing,11,9
2555,cof,11,11
2556,coleoptile,11,3
2557,commodity,11,7
2558,commonly,11,11
2559,competition,11,10
2560,cooling,11,5
2561,correlation,11,10
2562,cosmic,11,9
2563,dcb,11,10
2564,decomposition,11,10
2565,deer,11,11
2566,delivered,11,11
2567,demonstration,11,11
2568,denotes,11,11
2569,derive,11,10
2570,detergent,11,4
2571,dictionary,11,1
2572,disc,11,6
2573,discovered,11,11
2574,discrete,11,11
2575,display,11,8
2576,dropped,11,7
2577,ead,11,11
2578,eastward,11,8
2579,edc,11,9
2580,enamel,11,4
2581,encloses,11,10
2582,equipped,11,11
2583,escape,11,4
2584,eta,11,11
2585,exam,11,9
2586,excited,11,11
2587,exiting,11,9
2588,experiments,11,11
2589,faced,11,11
2590,feature,11,11
2591,fitted,11,11
2592,fluorescent,11,10
2593,foreign,11,10
2594,freight,11,8
2595,frequencies,11,10
2596,fringes,11,5
2597,generating,11,11
2598,goalkeeper,11,5
2599,grassland,11,11
2600,grow,11,10
2601,guizhou,11,10
2602,hot,11,6
2603,includes,11,11
2604,inflow,11,10
2605,international,11,11
2606,isolines,11,11
2607,jiuquan,11,9
2608,judging,11,11
2609,landscapes,11,11
2610,lily,11,5
2611,links,11,9
2612,logistics,11,7
2613,margin,11,10
2614,minimal,11,10
2615,missing,11,11
2616,motorcycle,11,3
2617,mutation,11,11
2618,newly,11,11
2619,nor,11,11
2620,nuclear,11,9
2621,nucleus,11,9
2622,ocd,11,8
2623,ohm,11,10
2624,ones,11,10
2625,ordered,11,9
2626,oscillations,11,9
2627,outline,11,8
2628,page,11,10
2629,peat,11,2
2630,photographer,11,7
2631,phylogenetic,11,8
2632,prey,11,11
2633,promote,11,11
2634,protons,11,9
2635,public,11,10
2636,pumps,11,5
2637,purely,11,10
2638,purpose,11,11
2639,quadrants,11,10
2640,quantum,11,4
2641,rapidly,11,11
2642,regulated,11,9
2643,regulation,11,9
2644,relocation,11,5
2645,rendezvous,11,8
2646,rent,11,11
2647,report,11,9
2648,ridge,11,9
2649,rising,11,11
2650,roll,11,9
2651,rural,11,11
2652,sequential,11,11
2653,shared,11,11
2654,shares,11,9
2655,slightly,11,11
2656,snail,11,7
2657,southeastern,11,11
2658,special,11,11
2659,stars,11,7
2660,stuck,11,11
2661,sugar,11,10
2662,supports,11,7
2663,tensions,11,10
2664,theory,11,8
2665,thus,11,11
2666,tomato,11,5
2667,trade,11,10
2668,traditional,11,10
2669,varieties,11,9
2670,variety,11,8
2671,want,11,8
2672,wine,11,6
2673,withstand,11,9
2674,xyz,11,10
2675,young,11,11
2676,100m,10,9
2677,10v,10,10
2678,314t,10,7
2679,aba,10,3
2680,absorbs,10,10
2681,accident,10,10
2682,achieved,10,10
2683,adam,10,5
2684,aeb,10,10
2685,afb,10,10
2686,afc,10,10
2687,allowing,10,10
2688,allows,10,10
2689,although,10,10
2690,analyzed,10,10
2691,answers,10,9
2692,arctic,10,9
2693,argon,10,5
2694,arms,10,7
2695,asymptotic,10,10
2696,atlantic,10,10
2697,autumn,10,8
2698,bof,10,10
2699,book,10,6
2700,brightness,10,10
2701,brought,10,10
2702,cake,10,5
2703,call,10,10
2704,cat,10,5
2705,cbf,10,9
2706,ch3ch,10,7
2707,chloride,10,6
2708,chopper,10,9
2709,circuits,10,10
2710,coleoptiles,10,3
2711,coming,10,10
2712,communication,10,9
2713,cord,10,10
2714,cubical,10,7
2715,cuno,10,10
2716,darts,10,8
2717,declined,10,10
2718,departments,10,9
2719,dependence,10,10
2720,depicts,10,10
2721,desired,10,8
2722,desorption,10,2
2723,diaoyu,10,6
2724,displaced,10,7
2725,diurnal,10,9
2726,dividing,10,10
2727,diving,10,5
2728,dollars,10,9
2729,dome,10,4
2730,domestic,10,9
2731,drying,10,3
2732,dryness,10,4
2733,eab,10,10
2734,efc,10,8
2735,employees,10,7
2736,eod,10,10
2737,establish,10,10
2738,european,10,8
2739,extremely,10,10
2740,fifth,10,10
2741,fills,10,9
2742,flask,10,3
2743,gdp,10,5
2744,geostationary,10,5
2745,glasses,10,3
2746,glue,10,5
2747,grows,10,8
2748,hands,10,5
2749,helium,10,8
2750,help,10,10
2751,highly,10,10
2752,hpa,10,10
2753,hundred,10,10
2754,hypothesis,10,9
2755,images,10,8
2756,implement,10,10
2757,included,10,10
2758,inheritance,10,8
2759,inserted,10,7
2760,intensities,10,8
2761,interface,10,10
2762,intervals,10,10
2763,isobars,10,10
2764,jklm,10,10
2765,kunming,10,10
2766,laptop,10,5
2767,lateral,10,10
2768,lens,10,5
2769,locks,10,9
2770,males,10,8
2771,manner,10,10
2772,migrant,10,7
2773,mining,10,8
2774,modes,10,10
2775,moisture,10,7
2776,monsoon,10,10
2777,mosfet,10,7
2778,motionless,10,9
2779,nacl,10,6
2780,narrow,10,9
2781,neighbours,10,5
2782,nodes,10,9
2783,obviously,10,10
2784,package,10,2
2785,passage,10,8
2786,paul,10,6
2787,peptide,10,8
2788,permittivity,10,8
2789,phenomena,10,9
2790,pictures,10,8
2791,planks,10,3
2792,pointed,10,10
2793,produces,10,10
2794,propagates,10,9
2795,pushed,10,10
2796,raindrop,10,2
2797,rainy,10,9
2798,raised,10,10
2799,rapeseed,10,3
2800,rather,10,10
2801,receiving,10,9
2802,records,10,10
2803,reflex,10,8
2804,relaxed,10,7
2805,releases,10,9
2806,replace,10,10
2807,residues,10,4
2808,rides,10,6
2809,rightward,10,9
2810,roller,10,4
2811,russia,10,9
2812,safely,10,8
2813,samples,10,9
2814,saturated,10,9
2815,scheme,10,9
2816,select,10,9
2817,separates,10,8
2818,sequentially,10,10
2819,serve,10,10
2820,sex,10,9
2821,shale,10,9
2822,sharks,10,7
2823,shore,10,8
2824,simplicity,10,10
2825,sky,10,10
2826,sleeved,10,9
2827,slow,10,10
2828,snakes,10,10
2829,sofa,10,2
2830,somewhat,10,7
2831,soybean,10,6
2832,spectrometer,10,10
2833,spinning,10,10
2834,squared,10,10
2835,stabilization,10,8
2836,stack,10,6
2837,subsequently,10,10
2838,suburban,10,7
2839,successively,10,8
2840,sufficient,10,10
2841,super,10,3
2842,taiwan,10,9
2843,tertiary,10,10
2844,testing,10,9
2845,theorem,10,10
2846,thevenin,10,10
2847,thousand,10,10
2848,tightly,10,10
2849,tip,10,8
2850,toothpicks,10,4
2851,training,10,8
2852,transformers,10,10
2853,transported,10,10
2854,trapezium,10,7
2855,tray,10,6
2856,trip,10,10
2857,truth,10,8
2858,tungsten,10,4
2859,turbine,10,3
2860,twelve,10,7
2861,unfolded,10,10
2862,universe,10,6
2863,virtual,10,6
2864,volcanic,10,8
2865,wanted,10,8
2866,weigh,10,8
2867,wrapped,10,8
2868,wrote,10,10
2869,wuhan,10,7
2870,yeast,10,4
2871,accounts,9,8
2872,accumulated,9,6
2873,acf,9,9
2874,adithya,9,3
2875,adjust,9,9
2876,afe,9,9
2877,aged,9,5
2878,ants,9,7
2879,approximated,9,9
2880,arch,9,4
2881,arrives,9,9
2882,atomic,9,9
2883,automatic,9,9
2884,ayding,9,3
2885,bamboo,9,5
2886,beetle,9,9
2887,benefit,9,9
2888,bisect,9,9
2889,blowing,9,7
2890,bush,9,5
2891,button,9,7
2892,cancer,9,5
2893,cef,9,9
2894,charging,9,4
2895,chooses,9,7
2896,chute,9,1
2897,cmos,9,9
2898,cob,9,9
2899,combinations,9,8
2900,conductivity,9,9
2901,conductors,9,5
2902,consistent,9,8
2903,constraint,9,9
2904,coulomb,9,9
2905,counted,9,9
2906,covers,9,8
2907,crawls,9,7
2908,crossbeam,9,3
2909,curling,9,2
2910,department,9,8
2911,depend,9,9
2912,derivative,9,9
2913,deviates,9,9
2914,differentiable,9,9
2915,dissolved,9,4
2916,distilled,9,9
2917,drives,9,9
2918,elapsed,9,8
2919,elderly,9,6
2920,electrodes,9,8
2921,emit,9,9
2922,entries,9,6
2923,evaluate,9,8
2924,event,9,8
2925,excellent,9,9
2926,excess,9,8
2927,existing,9,9
2928,extinct,9,9
2929,eyes,9,7
2930,faster,9,9
2931,features,9,9
2932,fence,9,4
2933,flasks,9,7
2934,fleshed,9,2
2935,fragment,9,6
2936,freezing,9,8
2937,friends,9,4
2938,fujian,9,9
2939,gaps,9,6
2940,generations,9,8
2941,glacier,9,5
2942,gland,9,7
2943,goldfish,9,4
2944,government,9,9
2945,gpcr,9,5
2946,grams,9,7
2947,granite,9,6
2948,greenland,9,4
2949,guangdong,9,7
2950,guiding,9,6
2951,holding,9,8
2952,homogeneous,9,9
2953,iaa,9,3
2954,imaginary,9,9
2955,indicating,9,9
2956,inhibition,9,6
2957,insulin,9,4
2958,isobar,9,9
2959,isotope,9,8
2960,karnaugh,9,8
2961,kunlun,9,8
2962,labels,9,8
2963,laplace,9,9
2964,lead,9,9
2965,lhasa,9,5
2966,listed,9,9
2967,locus,9,7
2968,london,9,8
2969,looks,9,9
2970,luminous,9,5
2971,maintaining,9,9
2972,management,9,9
2973,manages,9,9
2974,maria,9,9
2975,match,9,7
2976,mineral,9,9
2977,mostly,9,9
2978,moths,9,3
2979,multinational,9,5
2980,multiplexer,9,9
2981,nearby,9,9
2982,neither,9,9
2983,nominal,9,9
2984,opens,9,6
2985,oscilloscope,9,7
2986,otherwise,9,9
2987,parabolic,9,7
2988,parents,9,9
2989,particulate,9,9
2990,peninsula,9,7
2991,pentagons,9,6
2992,peru,9,6
2993,physics,9,9
2994,pin,9,7
2995,pipes,9,2
2996,pivot,9,9
2997,plains,9,7
2998,planted,9,8
2999,prominent,9,9
3000,protective,9,7
3001,protractor,9,7
3002,pupa,9,9
3003,puts,9,8
3004,rabbit,9,9
3005,radians,9,7
3006,radio,9,7
3007,rare,9,6
3008,rating,9,8
3009,rectilinear,9,9
3010,referring,9,9
3011,reproductive,9,9
3012,rests,9,9
3013,returned,9,8
3014,rightmost,9,5
3015,rna,9,9
3016,roots,9,9
3017,rose,9,8
3018,rule,9,9
3019,ruler,9,8
3020,safe,9,7
3021,sales,9,5
3022,salinity,9,8
3023,scenario,9,8
3024,scr,9,4
3025,seedlings,9,7
3026,selector,9,4
3027,sheets,9,7
3028,shishi,9,3
3029,skateboard,9,2
3030,slip,9,9
3031,slipping,9,8
3032,sochi,9,3
3033,social,9,9
3034,spinal,9,5
3035,stain,9,5
3036,starch,9,4
3037,stay,9,9
3038,storehouse,9,3
3039,stretched,9,7
3040,subsequent,9,9
3041,successful,9,9
3042,successive,9,9
3043,summarized,9,9
3044,surroundings,9,6
3045,sustainable,9,9
3046,tap,9,5
3047,teaching,9,3
3048,technical,9,9
3049,temperate,9,9
3050,tengchong,9,6
3051,text,9,8
3052,thailand,9,6
3053,threaded,9,9
3054,throw,9,7
3055,tiled,9,6
3056,tom,9,6
3057,tourists,9,7
3058,traced,9,9
3059,treat,9,9
3060,treatment,9,8
3061,try,9,9
3062,tunnel,9,5
3063,underground,9,9
3064,underwater,9,6
3065,varying,9,8
3066,volcano,9,7
3067,weighing,9,8
3068,wilderness,9,3
3069,xijiang,9,3
3070,yuan,9,7
3071,zhongshan,9,6
3072,10k,8,8
3073,1st,8,5
3074,20x,8,6
3075,2ad,8,8
3076,abundant,8,8
3077,accurate,8,8
3078,activated,8,7
3079,adjustment,8,8
3080,adopted,8,8
3081,albinism,8,4
3082,alcohol,8,5
3083,algebraic,8,8
3084,allocation,8,6
3085,allow,8,8
3086,alternately,8,8
3087,altitudes,8,8
3088,amn,8,7
3089,apex,8,8
3090,apogee,8,6
3091,appeared,8,8
3092,armature,8,4
3093,arrange,8,7
3094,art,8,3
3095,asian,8,7
3096,athens,8,6
3097,beds,8,4
3098,besides,8,8
3099,biology,8,8
3100,biomass,8,5
3101,birthday,8,6
3102,blades,8,4
3103,boost,8,7
3104,booth,8,3
3105,bow,8,6
3106,boxplots,8,5
3107,breakdown,8,8
3108,buck,8,7
3109,calcium,8,4
3110,cape,8,4
3111,ced,8,8
3112,chips,8,4
3113,cmhg,8,5
3114,collinear,8,7
3115,comprehensive,8,8
3116,condensation,8,8
3117,coniferous,8,6
3118,continents,8,7
3119,continued,8,8
3120,contract,8,4
3121,conversion,8,8
3122,darkness,8,6
3123,dbce,8,8
3124,dbe,8,7
3125,decline,8,7
3126,decreasing,8,8
3127,deflected,8,7
3128,denmark,8,7
3129,denote,8,8
3130,depression,8,6
3131,dob,8,8
3132,dragonfly,8,8
3133,drilled,8,7
3134,driven,8,8
3135,drosophila,8,1
3136,dye,8,2
3137,dynamics,8,8
3138,dynasty,8,8
3139,efg,8,7
3140,electromagnet,8,4
3141,enclosure,8,2
3142,engaged,8,8
3143,eroded,8,6
3144,establishing,8,8
3145,evenly,8,7
3146,exceeds,8,8
3147,except,8,8
3148,excitation,8,8
3149,existence,8,8
3150,explanation,8,8
3151,eyed,8,3
3152,eyeless,8,2
3153,farmer,8,3
3154,farming,8,8
3155,feeding,8,8
3156,fewer,8,8
3157,fire,8,5
3158,firing,8,7
3159,fragments,8,6
3160,furnace,8,3
3161,gains,8,8
3162,garbage,8,3
3163,gev,8,1
3164,glued,8,7
3165,glume,8,2
3166,grounded,8,7
3167,hainan,8,4
3168,harbin,8,7
3169,headquarters,8,7
3170,hectares,8,8
3171,heihe,8,4
3172,hemispheres,8,5
3173,henan,8,6
3174,hexagonal,8,6
3175,hexi,8,5
3176,hidden,8,6
3177,hillside,8,5
3178,historical,8,7
3179,horse,8,7
3180,humidity,8,8
3181,hypothetical,8,8
3182,idea,8,8
3183,illuminated,8,6
3184,image2,8,8
3185,infection,8,6
3186,infinity,8,4
3187,inhalable,8,8
3188,inland,8,8
3189,insert,8,8
3190,integral,8,6
3191,integrated,8,8
3192,intersected,8,8
3193,involves,8,8
3194,isolated,8,8
3195,isoline,8,8
3196,jack,8,2
3197,jkl,8,7
3198,kanga,8,3
3199,lack,8,8
3200,laws,8,8
3201,lifting,8,7
3202,ligase,8,3
3203,lighthouse,8,3
3204,limiting,8,8
3205,list,8,6
3206,live,8,8
3207,living,8,8
3208,locally,8,8
3209,lorentz,8,7
3210,mature,8,8
3211,megacity,8,8
3212,melting,8,6
3213,mnpq,8,7
3214,monitored,8,8
3215,mosquito,8,8
3216,mover,8,1
3217,naturally,8,8
3218,nature,8,8
3219,necessarily,8,8
3220,needle,8,5
3221,never,8,8
3222,nitrogen,8,8
3223,notation,8,7
3224,nozzle,8,5
3225,nutrients,8,7
3226,observing,8,8
3227,occupied,8,8
3228,olympics,8,7
3229,operations,8,7
3230,optical,8,8
3231,ordinate,8,8
3232,organizes,8,8
3233,overcome,8,8
3234,partition,8,2
3235,pedestrian,8,3
3236,perfume,8,2
3237,phases,8,7
3238,physiological,8,8
3239,pigment,8,6
3240,planets,8,3
3241,plasma,8,6
3242,plastic,8,6
3243,plotted,8,8
3244,pointer,8,4
3245,polarity,8,8
3246,pollution,8,6
3247,polygons,8,8
3248,powered,8,8
3249,pressed,8,8
3250,properties,8,8
3251,qatar,8,3
3252,radian,8,6
3253,register,8,5
3254,relay,8,6
3255,repeated,8,8
3256,require,8,7
3257,requirements,8,8
3258,residents,8,7
3259,rhombuses,8,4
3260,ripened,8,8
3261,rodents,8,6
3262,rowing,8,3
3263,rules,8,8
3264,sat,8,8
3265,seal,8,8
3266,secretion,8,5
3267,semester,8,2
3268,sensitive,8,8
3269,severe,8,8
3270,shanxi,8,8
3271,shoots,8,8
3272,shortage,8,8
3273,silk,8,5
3274,sits,8,8
3275,sixth,8,8
3276,skin,8,4
3277,slab,8,5
3278,sliders,8,2
3279,someone,8,8
3280,southward,8,8
3281,spin,8,2
3282,spray,8,4
3283,staircase,8,4
3284,stimulated,8,4
3285,stopcocks,8,6
3286,strain,8,4
3287,strikes,8,7
3288,sulfur,8,8
3289,swinging,8,7
3290,switched,8,8
3291,tables,8,4
3292,tangentially,8,8
3293,tape,8,3
3294,testosterone,8,5
3295,tests,8,5
3296,thicker,8,8
3297,tilted,8,5
3298,timer,8,8
3299,toy,8,7
3300,transconductance,8,8
3301,transgenic,8,4
3302,transpiration,8,7
3303,triggering,8,8
3304,undertaking,8,6
3305,underwent,8,8
3306,union,8,8
3307,unique,8,8
3308,universal,8,6
3309,unstable,8,7
3310,utility,8,1
3311,valid,8,8
3312,venus,8,2
3313,vibrate,8,6
3314,visit,8,8
3315,volcanoes,8,7
3316,warning,8,6
3317,watershed,8,8
3318,weighs,8,6
3319,widely,8,8
3320,zhejiang,8,7
3321,zonal,8,8
3322,zooplankton,8,5
3323,2cd,7,7
3324,3ax,7,7
3325,3rd,7,7
3326,acc,7,3
3327,accelerator,7,6
3328,acetic,7,5
3329,acre,7,7
3330,adder,7,2
3331,additionally,7,7
3332,address,7,6
3333,adds,7,7
3334,adiabatic,7,7
3335,adjustable,7,7
3336,aging,7,3
3337,ago,7,7
3338,alexandria,7,2
3339,america,7,6
3340,ammeters,7,5
3341,analog,7,7
3342,ancestral,7,7
3343,anode,7,7
3344,antibiotic,7,7
3345,aobc,7,5
3346,ape,7,7
3347,apparent,7,6
3348,appliance,7,5
3349,aqueous,7,7
3350,arabidopsis,7,6
3351,arbitrary,7,7
3352,arithmetic,7,4
3353,ask,7,7
3354,association,7,7
3355,australia,7,6
3356,background,7,7
3357,badge,7,3
3358,banks,7,7
3359,bay,7,5
3360,bced,7,7
3361,bcf,7,7
3362,bda,7,7
3363,beams,7,5
3364,bedf,7,5
3365,beidou,7,4
3366,billiard,7,5
3367,blast,7,4
3368,blocked,7,5
3369,bodies,7,6
3370,bounce,7,6
3371,bouncing,7,7
3372,bound,7,7
3373,bowl,7,4
3374,bpc,7,7
3375,brand,7,6
3376,business,7,5
3377,came,7,7
3378,capita,7,7
3379,carbonic,7,7
3380,care,7,7
3381,carriers,7,5
3382,carts,7,3
3383,caught,7,4
3384,causal,7,7
3385,ceq,7,7
3386,cherenkov,7,1
3387,chip,7,5
3388,chocolate,7,4
3389,collapse,7,4
3390,collided,7,6
3391,colonies,7,5
3392,complementary,7,7
3393,connects,7,7
3394,conservancy,7,4
3395,contestant,7,1
3396,continuing,7,7
3397,conventional,7,7
3398,council,7,7
3399,couple,7,5
3400,covering,7,7
3401,daylight,7,7
3402,dca,7,6
3403,decelerates,7,6
3404,decided,7,7
3405,decision,7,5
3406,decomposer,7,7
3407,deflect,7,7
3408,delays,7,6
3409,densities,7,7
3410,descends,7,7
3411,detect,7,7
3412,detector,7,2
3413,diagonally,7,7
3414,difficulty,7,7
3415,dimers,7,5
3416,dish,7,5
3417,disinfection,7,2
3418,disks,7,2
3419,displays,7,6
3420,dissociation,7,7
3421,distant,7,7
3422,doc,7,7
3423,doctors,7,3
3424,dog,7,5
3425,dusk,7,6
3426,eaf,7,7
3427,earthworms,7,3
3428,ecf,7,6
3429,education,7,7
3430,effectively,7,7
3431,eighth,7,5
3432,employment,7,7
3433,energies,7,7
3434,entirely,7,7
3435,eratosthenes,7,2
3436,everywhere,7,7
3437,exceeded,7,7
3438,excessive,7,7
3439,exerts,7,5
3440,expansion,7,5
3441,expedition,7,6
3442,exploring,7,7
3443,extracts,7,7
3444,farther,7,7
3445,finish,7,6
3446,forests,7,7
3447,france,7,4
3448,gaussian,7,7
3449,generate,7,7
3450,generates,7,7
3451,grains,7,5
3452,graphed,7,7
3453,guangxi,7,7
3454,guppies,7,3
3455,hairy,7,3
3456,handle,7,4
3457,hanging,7,7
3458,hangs,7,6
3459,hard,7,5
3460,harvesting,7,7
3461,hawk,7,7
3462,healthy,7,5
3463,hearts,7,4
3464,helicopter,7,5
3465,highways,7,6
3466,homologous,7,6
3467,immediate,7,7
3468,incircle,7,6
3469,indian,7,7
3470,indicators,7,7
3471,indices,7,7
3472,inertia,7,7
3473,intercity,7,3
3474,invest,7,7
3475,joins,7,7
3476,journey,7,7
3477,jupiter,7,2
3478,kick,7,6
3479,lamps,7,4
3480,lightweight,7,7
3481,lives,7,6
3482,locomotion,7,6
3483,lti,7,7
3484,luggage,7,1
3485,lungs,7,6
3486,mat,7,2
3487,matched,7,6
3488,matchsticks,7,4
3489,member,7,6
3490,mentioned,7,5
3491,metamorphosis,7,7
3492,mev,7,3
3493,microsatellite,7,1
3494,mitochondria,7,4
3495,mongolia,7,7
3496,mountainous,7,7
3497,municipalities,7,6
3498,mutually,7,7
3499,nail,7,6
3500,neon,7,5
3501,nmos,7,7
3502,notch,7,4
3503,notches,7,4
3504,noticed,7,6
3505,oasis,7,6
3506,objective,7,7
3507,obliquely,7,7
3508,obstacle,7,5
3509,obstacles,7,5
3510,obtains,7,7
3511,olympic,7,7
3512,orbiting,7,6
3513,ore,7,4
3514,outflow,7,7
3515,overcoming,7,6
3516,pathogenic,7,7
3517,pbcl,7,3
3518,pbi,7,3
3519,perfect,7,6
3520,perigee,7,5
3521,petrochemical,7,5
3522,photos,7,5
3523,phytoplankton,7,7
3524,pilot,7,3
3525,playing,7,7
3526,polarized,7,5
3527,pollutant,7,5
3528,pollutants,7,7
3529,poor,7,7
3530,posture,7,3
3531,presented,7,7
3532,prior,7,7
3533,profiles,7,7
3534,progresses,7,7
3535,pulp,7,7
3536,purify,7,4
3537,purple,7,4
3538,puzzle,7,3
3539,qrst,7,7
3540,radial,7,7
3541,rainstorm,7,4
3542,rainwater,7,5
3543,raise,7,7
3544,reactions,7,7
3545,realize,7,7
3546,rebounds,7,6
3547,recording,7,3
3548,refracted,7,6
3549,repeating,7,7
3550,requires,7,7
3551,restore,7,7
3552,riverbank,7,5
3553,roo,7,3
3554,roundabout,7,2
3555,sailing,7,7
3556,saline,7,7
3557,salinization,7,7
3558,sarah,7,2
3559,satisfied,7,7
3560,scatter,7,7
3561,seasonally,7,5
3562,seats,7,5
3563,sectors,7,6
3564,security,7,7
3565,services,7,7
3566,sewer,7,3
3567,shading,7,5
3568,shorted,7,5
3569,shouguang,7,4
3570,silo,7,2
3571,silver,7,5
3572,similitude,7,6
3573,simplest,7,7
3574,sin,7,7
3575,situations,7,6
3576,slopes,7,6
3577,snake,7,6
3578,soap,7,2
3579,solute,7,2
3580,sowing,7,4
3581,specialized,7,4
3582,spent,7,5
3583,splits,7,5
3584,stamps,7,3
3585,sticks,7,6
3586,stopped,7,7
3587,strata,7,6
3588,streets,7,5
3589,supplying,7,7
3590,supported,7,7
3591,sweet,7,7
3592,tablecloth,7,3
3593,tall,7,6
3594,temple,7,3
3595,tested,7,7
3596,tetrahedron,7,6
3597,thermally,7,7
3598,tianzhou,7,4
3599,ton,7,6
3600,topmost,7,7
3601,transit,7,7
3602,travelling,7,6
3603,tried,7,7
3604,trout,7,7
3605,underlying,7,6
3606,understand,7,7
3607,undistorted,7,7
3608,unequal,7,7
3609,unreasonable,7,7
3610,variability,7,5
3611,vessel,7,5
3612,vial,7,7
3613,vibrating,7,6
3614,viewing,7,5
3615,vigorously,7,7
3616,visual,7,5
3617,washing,7,4
3618,waste,7,7
3619,wetland,7,5
3620,widespread,7,7
3621,xor,7,6
3622,yellowed,7,2
3623,yulin,7,5
3624,18th,6,6
3625,1970s,6,6
3626,20th,6,6
3627,2bd,6,6
3628,4mm,6,4
3629,5cm,6,5
3630,5th,6,5
3631,aabb,6,2
3632,abnormal,6,6
3633,abscisic,6,4
3634,account,6,6
3635,accounted,6,6
3636,act,6,6
3637,actually,6,6
3638,afterward,6,6
3639,ages,6,3
3640,alternator,6,5
3641,ancestor,6,4
3642,antisense,6,2
3643,anywhere,6,6
3644,aof,6,6
3645,apc,6,6
3646,apparatus,6,5
3647,appearance,6,6
3648,applying,6,6
3649,approximation,6,6
3650,aridity,6,2
3651,arrived,6,6
3652,assembly,6,5
3653,attain,6,5
3654,bag,6,3
3655,bags,6,3
3656,bcde,6,5
3657,bearing,6,6
3658,believed,6,6
3659,bell,6,2
3660,benefits,6,5
3661,bfc,6,6
3662,binding,6,6
3663,biprism,6,1
3664,boards,6,3
3665,bpd,6,6
3666,brands,6,2
3667,brighter,6,6
3668,bristle,6,2
3669,buildings,6,6
3670,buoyant,6,4
3671,camp,6,3
3672,cao,6,4
3673,capacitive,6,6
3674,capital,6,6
3675,carla,6,1
3676,caterpillar,6,5
3677,cda,6,6
3678,ces,6,5
3679,cfe,6,6
3680,chambers,6,3
3681,channels,6,4
3682,chloroplasts,6,6
3683,circumcenter,6,6
3684,cleavage,6,5
3685,cliff,6,6
3686,climates,6,6
3687,climbing,6,6
3688,climbs,6,6
3689,coasts,6,5
3690,colouring,6,6
3691,comparator,6,6
3692,cong,6,2
3693,connections,6,5
3694,constructing,6,5
3695,contacts,6,4
3696,converters,6,2
3697,cords,6,6
3698,cosine,6,6
3699,crate,6,2
3700,crest,6,6
3701,crustaceans,6,6
3702,ctp,6,5
3703,cuboid,6,4
3704,cumulative,6,6
3705,cyclic,6,5
3706,dajing,6,1
3707,death,6,6
3708,decade,6,5
3709,deficit,6,3
3710,define,6,6
3711,deformation,6,6
3712,depletion,6,6
3713,des,6,2
3714,detroit,6,6
3715,dies,6,6
3716,diffusion,6,5
3717,digestion,6,5
3718,directional,6,4
3719,disappearance,6,6
3720,disconnected,6,6
3721,diseases,6,6
3722,distinctive,6,6
3723,divider,6,5
3724,docks,6,6
3725,dongfanghong,6,3
3726,donor,6,6
3727,dove,6,2
3728,drain,6,3
3729,draughts,6,2
3730,drift,6,6
3731,ebc,6,6
3732,ecd,6,6
3733,efficient,6,6
3734,emerging,6,6
3735,employed,6,4
3736,encoded,6,5
3737,encoder,6,1
3738,encounter,6,5
3739,ending,6,6
3740,engineering,6,6
3741,entrance,6,5
3742,entropy,6,5
3743,equidistant,6,6
3744,equinox,6,5
3745,estimated,6,6
3746,ethanol,6,4
3747,etiolation,6,2
3748,events,6,6
3749,examine,6,6
3750,exercise,6,6
3751,exhaust,6,5
3752,expects,6,6
3753,expo,6,5
3754,exposure,6,5
3755,extensive,6,6
3756,extracted,6,5
3757,extreme,6,5
3758,false,6,5
3759,fbi,6,3
3760,females,6,5
3761,fit,6,6
3762,flea,6,6
3763,flexible,6,6
3764,focal,6,3
3765,former,6,6
3766,foundation,6,5
3767,fuji,6,3
3768,games,6,6
3769,gathered,6,5
3770,gear,6,5
3771,geopark,6,5
3772,germination,6,2
3773,giving,6,6
3774,graduated,6,3
3775,halves,6,3
3776,histogram,6,6
3777,hotan,6,4
3778,hydrochloric,6,6
3779,identity,6,6
3780,impacts,6,6
3781,injection,6,6
3782,ink,6,6
3783,insulator,6,5
3784,interacting,6,3
3785,internet,6,5
3786,invariant,6,6
3787,inverted,6,6
3788,issued,6,4
3789,item,6,6
3790,jujubes,6,4
3791,junctions,6,3
3792,kepler,6,5
3793,key,6,6
3794,kmol,6,2
3795,kolkata,6,6
3796,lab,6,5
3797,ladder,6,3
3798,ladybird,6,4
3799,landed,6,6
3800,launching,6,5
3801,lawn,6,3
3802,lay,6,4
3803,leakage,6,6
3804,lilly,6,1
3805,limb,6,4
3806,liter,6,2
3807,liters,6,6
3808,lived,6,5
3809,locational,6,6
3810,longitudinal,6,4
3811,looked,6,6
3812,looking,6,6
3813,machines,6,3
3814,maize,6,4
3815,man,6,6
3816,marbles,6,1
3817,maximize,6,6
3818,maximizes,6,4
3819,mayfly,6,6
3820,mcn,6,6
3821,mechanization,6,6
3822,meiosis,6,5
3823,metabolized,6,6
3824,michaelis,6,3
3825,minerals,6,6
3826,mixture,6,6
3827,mmhg,6,4
3828,mobility,6,5
3829,modulo,6,6
3830,moines,6,2
3831,moist,6,6
3832,mole,6,6
3833,moles,6,6
3834,monitor,6,6
3835,motions,6,6
3836,mounted,6,6
3837,multiplication,6,6
3838,munich,6,6
3839,natal,6,3
3840,natb,6,2
3841,nationwide,6,4
3842,neurons,6,5
3843,news,6,6
3844,northeastern,6,6
3845,oars,6,1
3846,obtaining,6,6
3847,oced,6,4
3848,octane,6,2
3849,outstanding,6,4
3850,overtake,6,1
3851,packed,6,4
3852,paints,6,4
3853,pamp,6,6
3854,parallelepiped,6,5
3855,patients,6,5
3856,paying,6,6
3857,performer,6,3
3858,permanent,6,5
3859,permittivities,6,6
3860,phasor,6,4
3861,photons,6,6
3862,pipeline,6,5
3863,plays,6,6
3864,plum,6,4
3865,polarizer,6,3
3866,polymerization,6,2
3867,ports,6,6
3868,potato,6,5
3869,powers,6,6
3870,pqmn,6,4
3871,predetermined,6,4
3872,primle,6,1
3873,pulses,6,6
3874,pumping,6,4
3875,qilin,6,3
3876,quantizer,6,3
3877,queqiao,6,1
3878,raccoon,6,3
3879,racing,6,2
3880,railgun,6,2
3881,ranking,6,3
3882,rational,6,6
3883,ratios,6,6
3884,reasonably,6,6
3885,receiver,6,6
3886,reduces,6,5
3887,rental,6,4
3888,repeats,6,6
3889,representing,6,6
3890,reproduction,6,5
3891,resistant,6,4
3892,responsible,6,6
3893,restoring,6,5
3894,revolutions,6,4
3895,ribbons,6,3
3896,rider,6,3
3897,rocky,6,2
3898,rotor,6,4
3899,sale,6,6
3900,scene,6,6
3901,scenic,6,4
3902,scored,6,2
3903,seals,6,5
3904,seater,6,1
3905,sense,6,6
3906,sensing,6,6
3907,sequences,6,6
3908,serious,6,6
3909,setting,6,3
3910,sexual,6,5
3911,shark,6,5
3912,shop,6,6
3913,shortened,6,6
3914,shrimp,6,6
3915,simulation,6,3
3916,siren,6,3
3917,slit,6,4
3918,soon,6,6
3919,spain,6,3
3920,span,6,6
3921,specimen,6,3
3922,specimens,6,3
3923,stomach,6,6
3924,stopping,6,6
3925,store,6,6
3926,storm,6,4
3927,strategic,6,4
3928,strictly,6,6
3929,stripes,6,6
3930,substitution,6,6
3931,superposition,6,6
3932,surplus,6,2
3933,survey,6,6
3934,suspend,6,6
3935,swims,6,2
3936,tanning,6,2
3937,taxi,6,1
3938,television,6,3
3939,thermistor,6,3
3940,tide,6,1
3941,tilt,6,5
3942,tortoise,6,3
3943,tour,6,2
3944,transcription,6,4
3945,trolleys,6,2
3946,truncated,6,2
3947,tsunami,6,6
3948,twenty,6,5
3949,ultrasonic,6,1
3950,uninhabited,6,6
3951,user,6,4
3952,vary,6,6
3953,vestigial,6,4
3954,views,6,5
3955,washington,6,4
3956,wastelands,6,3
3957,westerlies,6,3
3958,wetted,6,3
3959,windings,6,5
3960,women,6,5
3961,wood,6,5
3962,worst,6,4
3963,wrong,6,6
3964,yet,6,6
3965,yizhuang,6,4
3966,zhangmu,6,5
3967,zoo,6,3
3968,1980s,5,5
3969,1cm,5,5
3970,20k,5,5
3971,220v,5,5
3972,abde,5,4
3973,abef,5,5
3974,absence,5,5
3975,absorb,5,5
3976,acde,5,5
3977,acetyl,5,4
3978,acrobat,5,4
3979,acted,5,5
3980,adapted,5,5
3981,adders,5,5
3982,adef,5,5
3983,adf,5,5
3984,administration,5,3
3985,adults,5,3
3986,advanced,5,4
3987,aeg,5,4
3988,affinity,5,5
3989,aforementioned,5,4
3990,agave,5,2
3991,agb,5,5
3992,agf,5,5
3993,alice,5,3
3994,almost,5,5
3995,ambulance,5,1
3996,amu,5,5
3997,andrew,5,5
3998,appearing,5,5
3999,application,5,5
4000,apply,5,5
4001,arkkkk60491,5,3
4002,arrival,5,5
4003,aspartate,5,5
4004,astronauts,5,4
4005,atp,5,3
4006,attaching,5,5
4007,attained,5,5
4008,attempt,5,4
4009,attention,5,5
4010,attraction,5,4
4011,automatically,5,5
4012,autotransformer,5,3
4013,bao,5,5
4014,barbara,5,4
4015,baskets,5,1
4016,baud,5,4
4017,beak,5,5
4018,beakers,5,5
4019,beryllium,5,1
4020,beverage,5,3
4021,beyond,5,5
4022,bike,5,5
4023,billion,5,4
4024,biocapacity,5,3
4025,biochemical,5,3
4026,blow,5,5
4027,bold,5,5
4028,bon,5,5
4029,breaker,5,2
4030,burned,5,4
4031,buses,5,5
4032,cabbage,5,2
4033,calm,5,5
4034,cannon,5,1
4035,capacitances,5,5
4036,carefully,5,5
4037,carl,5,4
4038,category,5,5
4039,cba,5,5
4040,cdo,5,5
4041,ceb,5,5
4042,censuses,5,5
4043,centerline,5,3
4044,centrally,5,5
4045,chains,5,4
4046,charger,5,1
4047,chess,5,5
4048,chickens,5,3
4049,choice,5,5
4050,classmate,5,5
4051,classmates,5,2
4052,clouds,5,3
4053,coa,5,4
4054,coincident,5,5
4055,college,5,4
4056,combinational,5,5
4057,comparative,5,5
4058,compensator,5,5
4059,concave,5,2
4060,concluded,5,5
4061,conserved,5,5
4062,contractile,5,5
4063,controls,5,5
4064,convert,5,5
4065,cookie,5,2
4066,cooperation,5,5
4067,cores,5,3
4068,correlated,5,5
4069,coupled,5,5
4070,creates,5,5
4071,criminal,5,1
4072,cuboids,5,3
4073,cultured,5,5
4074,cups,5,4
4075,cushion,5,3
4076,cycles,5,5
4077,danger,5,4
4078,danxia,5,3
4079,darlington,5,5
4080,deb,5,5
4081,decades,5,5
4082,decelerating,5,5
4083,decides,5,5
4084,deck,5,2
4085,dedicated,5,4
4086,deeply,5,5
4087,degradation,5,5
4088,descending,5,4
4089,designs,5,5
4090,destinations,5,5
4091,destroyed,5,5
4092,detergents,5,4
4093,develops,5,5
4094,diamonds,5,4
4095,diana,5,5
4096,dianchi,5,4
4097,diluted,5,5
4098,diploid,5,5
4099,diprotic,5,5
4100,discs,5,3
4101,dishes,5,1
4102,disinfectant,5,2
4103,distortion,5,5
4104,dominated,5,4
4105,don,5,5
4106,dough,5,3
4107,downhill,5,3
4108,dried,5,4
4109,duck,5,3
4110,dunhuang,5,3
4111,dwellings,5,3
4112,earliest,5,5
4113,easy,5,5
4114,eaten,5,5
4115,ebd,5,5
4116,ebony,5,2
4117,edf,5,5
4118,eff,5,2
4119,ejected,5,5
4120,elongations,5,5
4121,embryonic,5,4
4122,emerge,5,5
4123,enable,5,5
4124,endophytic,5,1
4125,endosperm,5,2
4126,energized,5,4
4127,equatorial,5,5
4128,eruption,5,5
4129,especially,5,5
4130,estuary,5,5
4131,etalon,5,1
4132,ethnic,5,3
4133,eurasian,5,4
4134,exchanged,5,5
4135,expenditure,5,3
4136,explores,5,5
4137,extends,5,5
4138,extracellular,5,3
4139,extraction,5,3
4140,eyelets,5,1
4141,farm,5,5
4142,farmers,5,5
4143,farms,5,5
4144,fde,5,5
4145,festival,5,5
4146,finds,5,5
4147,finished,5,5
4148,fishes,5,5
4149,fits,5,5
4150,fleas,5,3
4151,fluorine,5,2
4152,format,5,4
4153,forth,5,5
4154,fractions,5,5
4155,freshwater,5,5
4156,frontal,5,5
4157,fronts,5,5
4158,frustum,5,3
4159,geometry,5,5
4160,geomorphological,5,5
4161,germanium,5,1
4162,gfp,5,3
4163,gis,5,3
4164,glider,5,1
4165,goats,5,3
4166,golmud,5,3
4167,grapes,5,4
4168,grasses,5,5
4169,grasshoppers,5,5
4170,grindstone,5,1
4171,h2co3,5,5
4172,habitat,5,4
4173,hatched,5,5
4174,helmet,5,1
4175,hence,5,3
4176,herbivores,5,5
4177,holiday,5,4
4178,homodimer,5,4
4179,homozygotes,5,3
4180,homozygous,5,5
4181,hope,5,4
4182,horizon,5,4
4183,household,5,5
4184,hui,5,5
4185,humid,5,4
4186,hypotenuses,5,5
4187,icing,5,3
4188,illustration,5,5
4189,imagine,5,4
4190,img,5,5
4191,immersed,5,4
4192,impedances,5,5
4193,incompressible,5,5
4194,infiltration,5,5
4195,influences,5,5
4196,inhibitor,5,5
4197,install,5,5
4198,intercepted,5,5
4199,interception,5,4
4200,inversion,5,3
4201,involved,5,5
4202,irregular,5,4
4203,isobaric,5,4
4204,items,5,5
4205,jane,5,3
4206,jeffrey,5,3
4207,jfet,5,4
4208,join,5,4
4209,joules,5,5
4210,juan,5,3
4211,juice,5,4
4212,kicks,5,5
4213,km2,5,5
4214,korea,5,5
4215,kva,5,4
4216,lagging,5,5
4217,latch,5,4
4218,late,5,4
4219,latitudinal,5,5
4220,leftmost,5,5
4221,letting,5,5
4222,lid,5,2
4223,lifted,5,5
4224,lifts,5,5
4225,limestone,5,5
4226,limited,5,5
4227,linked,5,4
4228,lizard,5,4
4229,loaded,5,4
4230,longitudes,5,4
4231,luojia,5,3
4232,lymphocytes,5,3
4233,magnetizing,5,5
4234,maintained,5,5
4235,malfunction,5,3
4236,mallow,5,1
4237,maneuver,5,3
4238,manifested,5,5
4239,marine,5,5
4240,marker,5,2
4241,mathematician,5,5
4242,meaning,5,5
4243,media,5,5
4244,medicine,5,3
4245,metamorphic,5,3
4246,methods,5,4
4247,microscope,5,3
4248,millikan,5,4
4249,models,5,4
4250,modern,5,5
4251,modulated,5,5
4252,moreover,5,5
4253,morphine,5,3
4254,movements,5,3
4255,mutations,5,4
4256,nails,5,2
4257,neighbors,5,5
4258,neuron,5,4
4259,nh3,5,5
4260,nick,5,4
4261,nickel,5,2
4262,northward,5,5
4263,northwestern,5,5
4264,nuclei,5,4
4265,oac,5,5
4266,observations,5,5
4267,occupy,5,5
4268,occurrences,5,4
4269,odc,5,5
4270,officially,5,5
4271,online,5,4
4272,optimal,5,5
4273,origins,5,5
4274,oscillate,5,4
4275,osmotic,5,3
4276,others,5,4
4277,overlaps,5,5
4278,overweight,5,4
4279,pad,5,2
4280,paid,5,5
4281,parked,5,5
4282,parking,5,2
4283,partitioned,5,5
4284,peninsulas,5,5
4285,photoelectric,5,4
4286,photographed,5,4
4287,photographic,5,2
4288,photographing,5,3
4289,pick,5,5
4290,pinhole,5,4
4291,pka,5,3
4292,plots,5,5
4293,pmn,5,4
4294,poet,5,5
4295,polyacrylamide,5,4
4296,popularization,5,2
4297,portray,5,5
4298,positioning,5,5
4299,possibility,5,5
4300,potatoes,5,3
4301,pre,5,5
4302,precipitate,5,4
4303,predatory,5,5
4304,predict,5,5
4305,preparing,5,5
4306,preservation,5,5
4307,printed,5,5
4308,program,5,5
4309,projected,5,5
4310,promotes,5,5
4311,protection,5,5
4312,pulls,5,4
4313,qingdao,5,5
4314,qrs,5,4
4315,quantization,5,4
4316,quanzhou,5,3
4317,rabbits,5,5
4318,radar,5,4
4319,radially,5,5
4320,radiated,5,4
4321,raindrops,5,3
4322,ranges,5,5
4323,react,5,5
4324,reactances,5,5
4325,reagent,5,4
4326,reality,5,5
4327,reception,5,4
4328,receptor,5,3
4329,recombinant,5,3
4330,record,5,4
4331,recovery,5,4
4332,reflections,5,5
4333,reform,5,5
4334,releasing,5,5
4335,remained,5,5
4336,repair,5,3
4337,repeat,5,3
4338,reproduce,5,5
4339,reservoirs,5,4
4340,residual,5,3
4341,residue,5,3
4342,restitution,5,3
4343,restricting,5,5
4344,returning,5,5
4345,revenue,5,5
4346,rich,5,5
4347,rlc,5,5
4348,roger,5,2
4349,roles,5,5
4350,rooms,5,4
4351,roughly,5,5
4352,runway,5,1
4353,sanjiang,5,3
4354,scholars,5,5
4355,science,5,5
4356,sds,5,4
4357,secure,5,3
4358,sees,5,5
4359,sends,5,5
4360,settling,5,5
4361,shades,5,2
4362,shaoxing,5,4
4363,shengze,5,4
4364,ships,5,4
4365,shrew,5,5
4366,sideline,5,3
4367,sit,5,4
4368,skating,5,4
4369,skier,5,2
4370,skiing,5,2
4371,slits,5,3
4372,sold,5,2
4373,solvent,5,5
4374,somewhere,5,5
4375,sown,5,4
4376,spaceship,5,3
4377,sparrow,5,3
4378,spinner,5,3
4379,spots,5,3
4380,sprayed,5,5
4381,squid,5,4
4382,stabilizes,5,4
4383,stalks,5,5
4384,statue,5,4
4385,staying,5,5
4386,stays,5,5
4387,sticking,5,4
4388,stimulating,5,4
4389,stopwatch,5,1
4390,strand,5,4
4391,stretch,5,4
4392,struck,5,4
4393,studies,5,5
4394,submerged,5,5
4395,subway,5,3
4396,sui,5,1
4397,sujay,5,2
4398,suspending,5,4
4399,suspends,5,5
4400,symmetrically,5,5
4401,takeoff,5,3
4402,tang,5,5
4403,tangential,5,5
4404,telescope,5,5
4405,tesla,5,4
4406,themed,5,5
4407,thereafter,5,5
4408,thermodynamic,5,4
4409,thing,5,4
4410,thirds,5,5
4411,threads,5,2
4412,tiny,5,4
4413,tokyo,5,5
4414,told,5,3
4415,tool,5,5
4416,topping,5,2
4417,traction,5,4
4418,trains,5,4
4419,transfers,5,5
4420,transforms,5,5
4421,translation,5,5
4422,trapezoidal,5,5
4423,treating,5,5
4424,treatments,5,5
4425,trial,5,5
4426,tropic,5,5
4427,tss,5,3
4428,ttl,5,5
4429,tumor,5,5
4430,tuning,5,4
4431,twilight,5,4
4432,unfortunately,5,5
4433,unregulated,5,4
4434,ural,5,4
4435,useful,5,5
4436,valve,5,3
4437,van,5,3
4438,ventricle,5,3
4439,ventricular,5,5
4440,vibrations,5,4
4441,vine,5,1
4442,virus,5,4
4443,voltmeters,5,5
4444,vortices,5,1
4445,votes,5,3
4446,vulnerability,5,2
4447,wasteland,5,2
4448,watch,5,5
4449,waterfall,5,3
4450,watts,5,5
4451,weddell,5,4
4452,wenjing,5,1
4453,won,5,5
4454,worth,5,5
4455,wxy,5,4
4456,xining,5,4
4457,xyzw,5,5
4458,yichang,5,4
4459,zhang,5,4
4460,zhengzhou,5,5
4461,00g,4,4
4462,10min,4,4
4463,10th,4,3
4464,10x,4,4
4465,12th,4,4
4466,18v,4,4
4467,1kg,4,4
4468,20m,4,4
4469,20v,4,4
4470,29th,4,4
4471,2ap,4,4
4472,2oa,4,4
4473,30th,4,4
4474,3ccl,4,2
4475,4th,4,4
4476,7th,4,4
4477,9th,4,3
4478,abbreviated,4,4
4479,abce,4,3
4480,abm,4,4
4481,abroad,4,4
4482,academic,4,1
4483,accounting,4,4
4484,accurately,4,4
4485,acidic,4,4
4486,acrobatic,4,4
4487,activates,4,2
4488,additive,4,4
4489,ado,4,4
4490,adopt,4,4
4491,adp,4,4
4492,adrenal,4,4
4493,adventure,4,4
4494,aep,4,4
4495,africa,4,4
4496,agc,4,4
4497,agh,4,2
4498,aimed,4,4
4499,alkali,4,4
4500,alkaptonuria,4,3
4501,allowable,4,4
4502,alpine,4,4
4503,alternate,4,4
4504,altogether,4,4
4505,amc,4,2
4506,ammonia,4,4
4507,amplified,4,3
4508,amps,4,4
4509,analogous,4,4
4510,antenna,4,1
4511,antigen,4,2
4512,aom,4,4
4513,aperture,4,4
4514,appreciating,4,4
4515,approved,4,4
4516,arcsinh,4,2
4517,arranges,4,4
4518,arrested,4,4
4519,assigned,4,4
4520,atcase,4,4
4521,athletes,4,4
4522,atlantis,4,1
4523,attacking,4,2
4524,attempts,4,1
4525,attracted,4,4
4526,attracting,4,4
4527,attractive,4,4
4528,audible,4,4
4529,autoacceleration,4,2
4530,autocorrelation,4,3
4531,auxiliary,4,4
4532,avoidance,4,3
4533,avoided,4,2
4534,b2c,4,2
4535,backward,4,4
4536,bake,4,2
4537,baoji,4,4
4538,barcode,4,2
4539,bass,4,4
4540,batteries,4,3
4541,bcfg,4,4
4542,bcp,4,4
4543,bdec,4,4
4544,beautiful,4,4
4545,bee,4,3
4546,behave,4,4
4547,believe,4,4
4548,bend,4,4
4549,beneficial,4,4
4550,bent,4,4
4551,beta,4,3
4552,bfe,4,4
4553,biasing,4,4
4554,bill,4,2
4555,binds,4,3
4556,blackbody,4,4
4557,blocking,4,2
4558,blossoms,4,4
4559,bmn,4,4
4560,boa,4,4
4561,boats,4,1
4562,bom,4,4
4563,booster,4,1
4564,brenda,4,2
4565,broad,4,4
4566,brushes,4,4
4567,bullets,4,1
4568,bumper,4,2
4569,buoyancy,4,4
4570,burning,4,3
4571,butterflies,4,2
4572,buttons,4,2
4573,cage,4,2
4574,calculations,4,3
4575,calculator,4,3
4576,calendar,4,4
4577,calories,4,2
4578,canal,4,3
4579,candy,4,2
4580,canonical,4,2
4581,capable,4,4
4582,careful,4,4
4583,cash,4,4
4584,catapult,4,2
4585,ccrraa,4,2
4586,cdp,4,4
4587,cefg,4,3
4588,census,4,4
4589,centrifugal,4,2
4590,cereals,4,1
4591,cfb,4,4
4592,ch4,4,4
4593,chaperones,4,2
4594,check,4,4
4595,chronological,4,4
4596,cirf,4,1
4597,clearly,4,4
4598,clk,4,3
4599,clocks,4,2
4600,closer,4,4
4601,clues,4,4
4602,clustered,4,4
4603,clusters,4,4
4604,coding,4,3
4605,commutated,4,4
4606,comparable,4,4
4607,compartment,4,2
4608,compensation,4,3
4609,competitive,4,4
4610,competitors,4,2
4611,completes,4,4
4612,completion,4,4
4613,computed,4,4
4614,concrete,4,2
4615,configurations,4,4
4616,confined,4,3
4617,conforms,4,4
4618,congress,4,4
4619,consecutively,4,4
4620,consist,4,4
4621,constructive,4,4
4622,contraction,4,4
4623,contracts,4,4
4624,controller,4,4
4625,costa,4,2
4626,cougars,4,2
4627,counting,4,4
4628,courses,4,4
4629,coverage,4,3
4630,crabs,4,4
4631,cream,4,2
4632,crime,4,4
4633,crisis,4,4
4634,crustal,4,4
4635,curse,4,3
4636,customer,4,2
4637,customs,4,4
4638,cutoff,4,4
4639,cyan,4,3
4640,cyclopropane,4,2
4641,cytidine,4,4
4642,cytometer,4,2
4643,dangerous,4,3
4644,dataset,4,4
4645,dawn,4,3
4646,dba,4,4
4647,dbef,4,2
4648,dbf,4,4
4649,decibel,4,4
4650,defend,4,4
4651,deleted,4,3
4652,derived,4,3
4653,descent,4,4
4654,description,4,4
4655,designated,4,4
4656,despite,4,4
4657,detecting,4,4
4658,deviation,4,4
4659,dfc,4,4
4660,dfe,4,4
4661,dgf,4,4
4662,disappeared,4,4
4663,discontinuous,4,4
4664,disney,4,2
4665,displacements,4,4
4666,displayed,4,4
4667,dissolve,4,3
4668,distributions,4,4
4669,disturbance,4,3
4670,diversion,4,4
4671,dodecagon,4,2
4672,doha,4,1
4673,dolphin,4,3
4674,dongting,4,3
4675,doped,4,4
4676,doppler,4,2
4677,dpc,4,4
4678,drainpipe,4,3
4679,drink,4,4
4680,drum,4,3
4681,dynamic,4,4
4682,earned,4,2
4683,eating,4,4
4684,eaves,4,4
4685,ebf,4,4
4686,ecb,4,4
4687,ecliptic,4,4
4688,ecologically,4,4
4689,ecology,4,4
4690,eels,4,1
4691,efd,4,4
4692,election,4,3
4693,emanating,4,4
4694,emergence,4,4
4695,endonucleases,4,4
4696,enhancement,4,4
4697,enjoyed,4,4
4698,enthusiast,4,3
4699,eob,4,4
4700,evolutionary,4,4
4701,examined,4,3
4702,excessively,4,4
4703,exclude,4,4
4704,exhibits,4,4
4705,expand,4,4
4706,expanded,4,4
4707,expectations,4,4
4708,explains,4,4
4709,expressway,4,3
4710,extra,4,3
4711,fails,4,4
4712,familial,4,4
4713,families,4,3
4714,fbe,4,4
4715,fcg,4,4
4716,fec,4,4
4717,ferris,4,2
4718,fertility,4,4
4719,filters,4,4
4720,finger,4,1
4721,fired,4,4
4722,fitting,4,4
4723,flowed,4,4
4724,flowerbed,4,2
4725,flowerpot,4,2
4726,foa,4,4
4727,focus,4,4
4728,followed,4,4
4729,founding,4,4
4730,frogs,4,4
4731,fsm,4,2
4732,fuel,4,4
4733,gbe,4,4
4734,geomorphic,4,4
4735,geostrophic,4,4
4736,glowing,4,4
4737,goal,4,4
4738,gon,4,3
4739,gougu,4,3
4740,graphical,4,4
4741,groove,4,2
4742,grounding,4,3
4743,grounds,4,3
4744,grown,4,4
4745,gtp,4,3
4746,guitar,4,2
4747,handan,4,2
4748,harmony,4,1
4749,hefei,4,3
4750,helps,4,4
4751,hemispheric,4,4
4752,heptagon,4,2
4753,heterozygote,4,4
4754,hfcs,4,1
4755,highlighted,4,3
4756,hill,4,2
4757,hilly,4,4
4758,hinged,4,4
4759,histograms,4,4
4760,hno,4,3
4761,honeycomb,4,1
4762,hook,4,3
4763,hormone,4,3
4764,horseback,4,4
4765,host,4,4
4766,hubei,4,4
4767,hurt,4,2
4768,hybrid,4,3
4769,hydroxyl,4,2
4770,hydroxylase,4,4
4771,hypochlorite,4,3
4772,icosahedron,4,2
4773,ignited,4,4
4774,image3,4,4
4775,imaging,4,3
4776,immigration,4,4
4777,immune,4,2
4778,impacted,4,4
4779,impermeable,4,4
4780,implementation,4,4
4781,imports,4,3
4782,improved,4,4
4783,infinitesimally,4,3
4784,influenced,4,4
4785,inhibit,4,4
4786,initialized,4,4
4787,instance,4,4
4788,instrument,4,3
4789,instruments,4,4
4790,intensive,4,2
4791,internationally,4,4
4792,intrinsic,4,4
4793,introduce,4,4
4794,investigated,4,4
4795,iodate,4,2
4796,iodine,4,4
4797,ionic,4,4
4798,ionization,4,4
4799,ionized,4,4
4800,iqr,4,2
4801,iran,4,2
4802,isotopes,4,4
4803,jiangnan,4,4
4804,jujube,4,2
4805,julia,4,3
4806,kennedy,4,2
4807,khingan,4,4
4808,kicked,4,4
4809,kiribati,4,2
4810,klmn,4,3
4811,knee,4,4
4812,knockout,4,1
4813,knot,4,3
4814,krill,4,4
4815,labyrinth,4,4
4816,lace,4,1
4817,lampshade,4,1
4818,lanzhou,4,4
4819,latter,4,4
4820,launcher,4,2
4821,lays,4,4
4822,leads,4,4
4823,leak,4,4
4824,leaning,4,4
4825,ligand,4,4
4826,lightest,4,3
4827,linearly,4,4
4828,lisa,4,3
4829,litres,4,2
4830,liu,4,3
4831,lizards,4,3
4832,lmn,4,4
4833,lookout,4,1
4834,loops,4,3
4835,lush,4,4
4836,lymphocyte,4,2
4837,lysine,4,4
4838,machinery,4,4
4839,magma,4,4
4840,magnets,4,3
4841,mainstream,4,2
4842,manna,4,1
4843,manual,4,2
4844,marble,4,4
4845,markovnikov,4,2
4846,marries,4,4
4847,mast,4,2
4848,maternal,4,3
4849,mathematics,4,4
4850,maya,4,2
4851,medical,4,4
4852,men,4,4
4853,microparticle,4,1
4854,midline,4,4
4855,mileage,4,4
4856,milligrams,4,4
4857,millimeters,4,4
4858,minimize,4,3
4859,minnesota,4,2
4860,minorities,4,2
4861,minterms,4,3
4862,missed,4,3
4863,mitochondrial,4,3
4864,mma,4,2
4865,money,4,2
4866,monika,4,3
4867,monitoring,4,4
4868,morphology,4,4
4869,mrna,4,3
4870,multiplier,4,2
4871,multivibrator,4,4
4872,mutants,4,3
4873,mux,4,4
4874,myanmar,4,3
4875,named,4,3
4876,nanjing,4,4
4877,nantong,4,2
4878,nations,4,4
4879,nautical,4,2
4880,nematodes,4,4
4881,nepal,4,2
4882,networks,4,4
4883,newtons,4,4
4884,nighttime,4,4
4885,nobel,4,4
4886,none,4,4
4887,nonlinear,4,3
4888,nonpolar,4,4
4889,numeral,4,4
4890,obd,4,4
4891,obeys,4,4
4892,obliquity,4,4
4893,obtuse,4,4
4894,ocb,4,4
4895,office,4,4
4896,offset,4,4
4897,ohms,4,4
4898,ontario,4,2
4899,operated,4,4
4900,opponent,4,2
4901,organelle,4,4
4902,organized,4,4
4903,outermost,4,4
4904,overseas,4,2
4905,overtaking,4,1
4906,oxides,4,4
4907,pan,4,2
4908,parachute,4,1
4909,parallelograms,4,4
4910,parasitic,4,2
4911,parent,4,2
4912,parrot,4,2
4913,participated,4,4
4914,party,4,3
4915,passengers,4,4
4916,passive,4,4
4917,pay,4,4
4918,pbc,4,3
4919,pcd,4,4
4920,pedestrians,4,4
4921,pellet,4,1
4922,penalty,4,3
4923,pentagonal,4,2
4924,performing,4,4
4925,periodically,4,4
4926,permanently,4,4
4927,peroxide,4,4
4928,persons,4,2
4929,phenylalanine,4,4
4930,phenylketonuria,4,4
4931,phones,4,4
4932,photogate,4,1
4933,pie,4,3
4934,pions,4,1
4935,pipelines,4,4
4936,pits,4,4
4937,planar,4,4
4938,planck,4,4
4939,plated,4,4
4940,players,4,3
4941,playground,4,4
4942,pleasant,4,4
4943,pmos,4,4
4944,pndb,4,4
4945,pools,4,1
4946,possibly,4,4
4947,post,4,4
4948,potentiometer,4,3
4949,practically,4,4
4950,preference,4,4
4951,preparations,4,4
4952,presents,4,4
4953,prevails,4,4
4954,prize,4,4
4955,probabilities,4,3
4956,procedure,4,4
4957,proceeds,4,4
4958,profit,4,4
4959,programmable,4,4
4960,prone,4,4
4961,propagate,4,4
4962,propagating,4,4
4963,proper,4,3
4964,pumped,4,3
4965,purified,4,4
4966,purposes,4,4
4967,pushes,4,4
4968,pwm,4,4
4969,quanta,4,2
4970,radical,4,4
4971,rank,4,4
4972,realization,4,4
4973,receive,4,3
4974,recruiting,4,4
4975,reflecting,4,4
4976,refracts,4,4
4977,relief,4,4
4978,relying,4,3
4979,remainder,4,4
4980,renewable,4,4
4981,representation,4,4
4982,rescue,4,4
4983,respond,4,4
4984,retained,4,3
4985,retreat,4,4
4986,reurbanization,4,2
4987,reversible,4,4
4988,revolves,4,4
4989,ribbon,4,3
4990,rishabh,4,1
4991,risk,4,4
4992,robot,4,2
4993,roof,4,4
4994,rqs,4,4
4995,ruth,4,1
4996,sac,4,4
4997,sack,4,1
4998,sail,4,4
4999,sails,4,3
5000,sandstorm,4,4
5001,saturday,4,4
5002,say,4,4
5003,scenery,4,4
5004,screened,4,4
5005,sealing,4,1
5006,sec1,4,1
5007,secreted,4,4
5008,sedimentation,4,2
5009,seismic,4,3
5010,selects,4,4
5011,sent,4,4
5012,serving,4,4
5013,session,4,4
5014,sewage,4,4
5015,sharp,4,4
5016,shifting,4,4
5017,shines,4,4
5018,shuang,4,3
5019,sight,4,3
5020,simplify,4,4
5021,singed,4,2
5022,sinks,4,4
5023,sister,4,4
5024,skid,4,2
5025,skip,4,3
5026,skis,4,3
5027,slight,4,4
5028,snowstorms,4,3
5029,soccer,4,3
5030,solely,4,4
5031,solids,4,3
5032,son,4,4
5033,spaces,4,3
5034,sparrows,4,1
5035,spends,4,4
5036,spinners,4,3
5037,spins,4,4
5038,squatting,4,2
5039,stabilizing,4,4
5040,stake,4,3
5041,stepped,4,4
5042,stickers,4,2
5043,stores,4,4
5044,stra,4,1
5045,strange,4,4
5046,streams,4,4
5047,stripe,4,2
5048,stroke,4,3
5049,stub,4,2
5050,subarctic,4,2
5051,subintervals,4,4
5052,subject,4,4
5053,subsidence,4,3
5054,suggest,4,4
5055,sunday,4,4
5056,superior,4,4
5057,surround,4,4
5058,swallowing,4,4
5059,swim,4,2
5060,swimming,4,3
5061,sydney,4,4
5062,syene,4,2
5063,symbols,4,3
5064,synchronized,4,4
5065,synthetic,4,4
5066,taihu,4,3
5067,taiji,4,1
5068,taiyuan,4,2
5069,taxa,4,2
5070,taxiing,4,1
5071,tech,4,4
5072,technological,4,4
5073,template,4,4
5074,terminus,4,1
5075,terraces,4,2
5076,thawing,4,4
5077,themselves,4,4
5078,therapy,4,3
5079,tin,4,3
5080,tissue,4,4
5081,today,4,4
5082,tonomura,4,1
5083,topped,4,4
5084,tortoises,4,2
5085,totals,4,4
5086,towel,4,1
5087,towels,4,2
5088,township,4,2
5089,trans,4,4
5090,transcarbamylase,4,4
5091,transduction,4,3
5092,translating,4,4
5093,transporting,4,4
5094,traveler,4,2
5095,travelled,4,3
5096,triphosphate,4,4
5097,trisha,4,2
5098,trough,4,3
5099,tunnels,4,3
5100,twelfth,4,4
5101,typically,4,4
5102,unlikely,4,4
5103,unusual,4,4
5104,uphill,4,2
5105,upright,4,4
5106,upside,4,4
5107,urgently,4,4
5108,users,4,2
5109,usual,4,4
5110,utilize,4,4
5111,utilizes,4,4
5112,vacuole,4,4
5113,varied,4,4
5114,vein,4,4
5115,verses,4,2
5116,vicinity,4,4
5117,viscosity,4,4
5118,visibility,4,4
5119,wagon,4,1
5120,walked,4,4
5121,wang,4,4
5122,warmer,4,4
5123,warming,4,4
5124,wash,4,2
5125,wavelengths,4,2
5126,wax,4,1
5127,weeks,4,4
5128,weifang,4,4
5129,whirlpools,4,1
5130,widths,4,4
5131,wildlife,4,2
5132,winds,4,4
5133,windward,4,4
5134,wrapping,4,1
5135,wyz,4,4
5136,wzx,4,4
5137,xichang,4,4
5138,xzy,4,4
5139,yang,4,2
5140,yiwan,4,3
5141,yonaguni,4,1
5142,zebra,4,3
5143,zhao,4,3
5144,zhuzhou,4,4
5145,zinc,4,2
5146,1000t,3,3
5147,120v,3,3
5148,12k,3,2
5149,16a,3,3
5150,16v,3,3
5151,1950s,3,3
5152,1990s,3,3
5153,200v,3,2
5154,296g,3,3
5155,2ab,3,3
5156,2ae,3,3
5157,2ce,3,3
5158,2cm,3,3
5159,2h2o,3,3
5160,2kp,3,3
5161,2so,3,3
5162,300v,3,3
5163,30m,3,3
5164,432g,3,3
5165,50m,3,3
5166,60m,3,3
5167,6ax,3,3
5168,70s,3,3
5169,8th,3,1
5170,aat120,3,1
5171,abdc,3,3
5172,abdominal,3,3
5173,abscissas,3,3
5174,absorbance,3,2
5175,absorbing,3,3
5176,abstracted,3,3
5177,accidentally,3,3
5178,accidents,3,3
5179,accumulating,3,3
5180,accumulation,3,3
5181,acetylcholine,3,3
5182,actinomycetes,3,1
5183,activation,3,3
5184,adce,3,2
5185,adec,3,2
5186,adenylyl,3,2
5187,adopts,3,3
5188,advance,3,3
5189,advancement,3,3
5190,adverse,3,3
5191,advocate,3,3
5192,afflicted,3,3
5193,afg,3,2
5194,afternoon,3,3
5195,agno,3,2
5196,ahmed,3,1
5197,aids,3,2
5198,albin,3,1
5199,aligns,3,3
5200,alkalization,3,3
5201,ana,3,2
5202,analyzing,3,3
5203,ankara,3,2
5204,anti,3,3
5205,anticathode,3,1
5206,anyone,3,3
5207,aocd,3,3
5208,aode,3,2
5209,aop,3,3
5210,apd,3,3
5211,apoptosis,3,1
5212,appliances,3,3
5213,approach,3,3
5214,arabia,3,2
5215,arbitrarily,3,3
5216,architectural,3,3
5217,arise,3,3
5218,arranging,3,3
5219,arrive,3,3
5220,ascend,3,3
5221,ascends,3,3
5222,ash,3,2
5223,ashima,3,3
5224,asked,3,3
5225,asymmetrically,3,3
5226,atlanta,3,2
5227,atrium,3,2
5228,attaches,3,3
5229,attract,3,3
5230,automobiles,3,3
5231,autotroph,3,3
5232,auxin,3,3
5233,aviation,3,3
5234,avoiding,3,3
5235,awarded,3,2
5236,axisymmetric,3,3
5237,backs,3,2
5238,bangladesh,3,2
5239,barcodes,3,2
5240,barely,3,3
5241,basking,3,1
5242,batch,3,3
5243,bcfd,3,3
5244,bchg,3,1
5245,bco,3,3
5246,beach,3,2
5247,befg,3,3
5248,beforehand,3,3
5249,behavioral,3,3
5250,beirut,3,2
5251,belinda,3,2
5252,ber,3,2
5253,bfd,3,3
5254,bind,3,3
5255,bisulfite,3,2
5256,bite,3,1
5257,bladder,3,1
5258,blindness,3,2
5259,bloom,3,3
5260,bomi,3,3
5261,bonded,3,3
5262,bootstrap,3,3
5263,bop,3,3
5264,bowls,3,1
5265,boxplot,3,2
5266,bpsk,3,2
5267,bracket,3,3
5268,breaking,3,3
5269,broadcast,3,3
5270,broke,3,2
5271,brownish,3,2
5272,brush,3,2
5273,bunchkins,3,1
5274,burden,3,3
5275,bursaria,3,2
5276,campus,3,3
5277,candace,3,1
5278,candidates,3,2
5279,cannonballs,3,1
5280,captured,3,3
5281,carlos,3,2
5282,carnivores,3,3
5283,caroline,3,3
5284,carpenter,3,3
5285,carriage,3,2
5286,carrot,3,3
5287,cascaded,3,3
5288,cast,3,3
5289,caudatum,3,2
5290,cavity,3,3
5291,cbp,3,3
5292,cdg,3,3
5293,cellular,3,3
5294,centimeter,3,2
5295,ceratophyllum,3,2
5296,cfd,3,3
5297,cfg,3,3
5298,cftr,3,2
5299,ch2cooh,3,2
5300,ch3ch2ch,3,3
5301,character,3,3
5302,characterized,3,3
5303,chasing,3,2
5304,chch2oh,3,2
5305,chch3,3,2
5306,chemistry,3,3
5307,chemotaxis,3,3
5308,chessboard,3,2
5309,chicken,3,3
5310,chlorophyll,3,2
5311,chromosomal,3,3
5312,circumlunar,3,3
5313,cis,3,3
5314,civil,3,3
5315,classes,3,3
5316,classical,3,2
5317,clean,3,3
5318,clo,3,3
5319,cloned,3,3
5320,clothes,3,1
5321,club,3,3
5322,cnd,3,3
5323,coat,3,3
5324,cobalt,3,1
5325,cockroach,3,3
5326,codes,3,2
5327,coffee,3,1
5328,colleagues,3,3
5329,collectors,3,2
5330,colorings,3,3
5331,combustion,3,3
5332,commercially,3,3
5333,committee,3,3
5334,compass,3,3
5335,compensated,3,3
5336,competitiveness,3,3
5337,compiling,3,3
5338,completing,3,3
5339,complexity,3,2
5340,compresses,3,3
5341,conductance,3,3
5342,conducts,3,3
5343,conform,3,3
5344,confusing,3,1
5345,conservation,3,3
5346,contactor,3,2
5347,continental,3,3
5348,contracted,3,2
5349,contracting,3,3
5350,convenient,3,3
5351,converts,3,3
5352,cool,3,3
5353,cooled,3,3
5354,copies,3,3
5355,coral,3,1
5356,corolla,3,1
5357,corporation,3,3
5358,cougar,3,3
5359,coulombs,3,3
5360,countermeasures,3,3
5361,counterweight,3,1
5362,counts,3,3
5363,court,3,3
5364,courtesy,3,3
5365,cows,3,1
5366,cpd,3,3
5367,crash,3,3
5368,crawl,3,3
5369,crawled,3,2
5370,crc,3,3
5371,credible,3,3
5372,crew,3,2
5373,crickets,3,2
5374,crossbar,3,2
5375,crown,3,1
5376,cruise,3,1
5377,ctk,3,1
5378,cultivate,3,3
5379,cultural,3,2
5380,cuso,3,3
5381,cw7805,3,2
5382,cyclase,3,2
5383,cynthia,3,2
5384,dalian,3,3
5385,darker,3,2
5386,dartboard,3,3
5387,datasets,3,3
5388,debris,3,1
5389,decagon,3,3
5390,decide,3,3
5391,decimeters,3,2
5392,decisive,3,3
5393,decoder,3,3
5394,decomposing,3,3
5395,deeper,3,3
5396,defense,3,2
5397,defghi,3,2
5398,definitely,3,3
5399,definition,3,3
5400,deflects,3,2
5401,delayed,3,3
5402,delivering,3,3
5403,delivers,3,3
5404,demodulator,3,2
5405,demonstrate,3,3
5406,demonstrations,3,3
5407,dengfeng,3,3
5408,denoting,3,3
5409,departing,3,3
5410,departs,3,3
5411,depending,3,3
5412,depleted,3,3
5413,depolarization,3,3
5414,descend,3,3
5415,desk,3,2
5416,destined,3,3
5417,detaches,3,3
5418,deterioration,3,3
5419,determination,3,3
5420,diabetes,3,2
5421,dial,3,3
5422,dialysis,3,3
5423,dielectrics,3,3
5424,differently,3,3
5425,diffusive,3,3
5426,dilation,3,3
5427,dimension,3,2
5428,discharged,3,3
5429,disconnecting,3,2
5430,discrepancy,3,3
5431,distress,3,2
5432,ditches,3,3
5433,diverted,3,3
5434,dmn,3,3
5435,dodecahedron,3,2
5436,doesn,3,3
5437,dogs,3,1
5438,domain,3,3
5439,dormancy,3,1
5440,dot,3,3
5441,downslope,3,3
5442,drastically,3,3
5443,dribbling,3,2
5444,drizzling,3,3
5445,drone,3,1
5446,dropper,3,2
5447,drug,3,3
5448,ducks,3,2
5449,durations,3,3
5450,eagle,3,3
5451,earths,3,1
5452,edb,3,3
5453,elastically,3,3
5454,electrochemical,3,2
5455,electronegativity,3,3
5456,electronics,3,3
5457,elementary,3,3
5458,elevations,3,3
5459,eliminate,3,3
5460,elisabeth,3,2
5461,emerges,3,3
5462,emily,3,3
5463,emissions,3,3
5464,emissivity,3,3
5465,emitting,3,3
5466,employs,3,3
5467,enclose,3,3
5468,enlarging,3,3
5469,ensuring,3,3
5470,envelope,3,3
5471,enzymatic,3,3
5472,equipotential,3,3
5473,equiprobable,3,3
5474,era,3,3
5475,errors,3,3
5476,erupted,3,3
5477,ethene,3,3
5478,eukaryotic,3,3
5479,euros,3,1
5480,eva,3,2
5481,excerpted,3,3
5482,experiencing,3,3
5483,exploitation,3,3
5484,exponential,3,3
5485,facility,3,3
5486,fact,3,3
5487,fallen,3,2
5488,faraday,3,3
5489,farmland,3,2
5490,father,3,2
5491,favorite,3,1
5492,feasible,3,3
5493,feb,3,2
5494,feces,3,1
5495,feel,3,3
5496,feeling,3,3
5497,fehling,3,3
5498,fetal,3,2
5499,filtering,3,3
5500,fin,3,2
5501,finance,3,3
5502,financial,3,3
5503,fires,3,3
5504,fishery,3,1
5505,fishpond,3,3
5506,flagpoles,3,3
5507,flavor,3,2
5508,floats,3,3
5509,fluctuations,3,3
5510,fluoresce,3,3
5511,fluorescence,3,3
5512,fluoride,3,2
5513,focusing,3,2
5514,foods,3,3
5515,fork,3,2
5516,formal,3,3
5517,formulas,3,3
5518,fractional,3,3
5519,fragrant,3,1
5520,frederick,3,3
5521,frequent,3,3
5522,frequently,3,3
5523,friend,3,3
5524,fulcrum,3,3
5525,fulfilled,3,3
5526,functioning,3,3
5527,fungal,3,3
5528,fungus,3,3
5529,fuse,3,3
5530,galvanometer,3,2
5531,gansu,3,3
5532,gardener,3,3
5533,genome,3,2
5534,gentle,3,3
5535,george,3,2
5536,geosynchronous,3,3
5537,getting,3,3
5538,gibbs,3,3
5539,gills,3,3
5540,glacial,3,3
5541,glues,3,3
5542,gpm,3,3
5543,gps,3,3
5544,grades,3,2
5545,gram,3,2
5546,graticule,3,3
5547,grew,3,3
5548,griffith,3,3
5549,h2o2,3,1
5550,halved,3,2
5551,hamburgers,3,1
5552,handbook,3,3
5553,hanger,3,1
5554,hangzhou,3,3
5555,harbor,3,2
5556,hardy,3,3
5557,hat,3,2
5558,hcd46,3,1
5559,heading,3,3
5560,heads,3,3
5561,heard,3,3
5562,hearing,3,3
5563,helan,3,3
5564,hemophilia,3,1
5565,heterozygotes,3,3
5566,hills,3,3
5567,hind,3,2
5568,historically,3,3
5569,history,3,3
5570,hma3,3,1
5571,hollowed,3,3
5572,homozygote,3,3
5573,honey,3,1
5574,horn,3,2
5575,households,3,3
5576,housing,3,3
5577,huai,3,2
5578,huanyong,3,3
5579,huge,3,3
5580,hunan,3,3
5581,husbandry,3,3
5582,hvdc,3,1
5583,hydrograph,3,3
5584,hypothesizes,3,3
5585,iceland,3,2
5586,idealized,3,3
5587,identified,3,2
5588,illuminating,3,3
5589,implements,3,3
5590,impossible,3,3
5591,improvement,3,3
5592,inappropriate,3,3
5593,inconsistent,3,3
5594,increasingly,3,3
5595,independence,3,3
5596,induce,3,3
5597,inelastic,3,3
5598,inert,3,3
5599,inextendable,3,3
5600,inference,3,3
5601,inflection,3,3
5602,inflexible,3,3
5603,infrared,3,1
5604,infrastructure,3,3
5605,inhabitants,3,1
5606,injections,3,3
5607,innervation,3,3
5608,inserting,3,3
5609,installation,3,3
5610,instantaneously,3,3
5611,instantly,3,3
5612,inter,3,3
5613,interannual,3,3
5614,interchanged,3,3
5615,interspecific,3,3
5616,intersymbol,3,3
5617,intra,3,3
5618,invented,3,3
5619,investigates,3,3
5620,invisible,3,3
5621,inwards,3,3
5622,irrigation,3,3
5623,irrotational,3,3
5624,isothermal,3,3
5625,jade,3,2
5626,jadeite,3,2
5627,jakarta,3,3
5628,jakob,3,2
5629,jan,3,1
5630,jaw,3,2
5631,jenny,3,3
5632,jiangmen,3,2
5633,jiangxi,3,3
5634,jing,3,3
5635,jmn,3,3
5636,joint,3,3
5637,jointly,3,3
5638,kai,3,2
5639,kaons,3,1
5640,kcl,3,3
5641,keihin,3,2
5642,kengu,3,2
5643,kgm,3,1
5644,killer,3,3
5645,kilograms,3,3
5646,kilowatt,3,3
5647,kimchi,3,2
5648,knight,3,1
5649,knowing,3,3
5650,knows,3,3
5651,lanes,3,3
5652,lantern,3,1
5653,lapse,3,3
5654,lasted,3,3
5655,latching,3,3
5656,leftward,3,3
5657,liangzhou,3,3
5658,lightbulb,3,3
5659,lightning,3,2
5660,lion,3,3
5661,lkmj,3,3
5662,lmnp,3,3
5663,lobe,3,2
5664,lobes,3,3
5665,logarithmic,3,3
5666,longjing,3,3
5667,loses,3,2
5668,lowers,3,3
5669,lunan,3,3
5670,lune,3,2
5671,maglev,3,3
5672,maja,3,2
5673,managing,3,3
5674,manb,3,1
5675,manned,3,3
5676,marking,3,2
5677,mary,3,2
5678,matching,3,2
5679,maturity,3,3
5680,mayflies,3,3
5681,mdn,3,3
5682,measles,3,1
5683,mechanisms,3,3
5684,mef,3,2
5685,melons,3,3
5686,memory,3,3
5687,meridians,3,2
5688,mesh,3,1
5689,messenger,3,3
5690,metabolism,3,3
5691,metallic,3,3
5692,methane,3,2
5693,methionine,3,3
5694,mia,3,2
5695,micrometers,3,3
5696,micromolar,3,3
5697,microorganisms,3,3
5698,midsegments,3,3
5699,mile,3,1
5700,military,3,2
5701,millions,3,2
5702,millisecond,3,3
5703,minnow,3,3
5704,minority,3,2
5705,miscible,3,3
5706,misses,3,3
5707,mitochondrion,3,3
5708,mitosis,3,3
5709,mnn,3,3
5710,mno,3,2
5711,mnpp,3,3
5712,mnq,3,3
5713,mod,3,3
5714,modelled,3,3
5715,modified,3,3
5716,modulator,3,2
5717,moistened,3,3
5718,monoprotic,3,3
5719,moose,3,3
5720,mosfets,3,2
5721,moth,3,2
5722,motors,3,2
5723,mozi,3,1
5724,msb,3,3
5725,multiplying,3,3
5726,mushroom,3,1
5727,mva,3,1
5728,nailed,3,3
5729,names,3,2
5730,nand,3,3
5731,nanning,3,3
5732,naomi,3,1
5733,nasa,3,2
5734,nationality,3,2
5735,neg,3,2
5736,neighboring,3,3
5737,nets,3,3
5738,neural,3,3
5739,neurotransmitters,3,2
5740,neutrons,3,3
5741,newton,3,2
5742,niches,3,3
5743,nitric,3,2
5744,nmosfet,3,3
5745,node,3,3
5746,normalized,3,3
5747,northernmost,3,3
5748,norton,3,3
5749,notice,3,3
5750,npp,3,3
5751,ntpip,3,1
5752,nucleotide,3,3
5753,numerals,3,3
5754,obcd,3,3
5755,obec,3,2
5756,oca,3,3
5757,official,3,3
5758,oldest,3,3
5759,omitted,3,3
5760,onion,3,3
5761,opaque,3,2
5762,opho,3,3
5763,optimum,3,3
5764,option,3,2
5765,organs,3,3
5766,orinoco,3,3
5767,oscillating,3,3
5768,outlined,3,3
5769,oval,3,3
5770,ovary,3,3
5771,overhead,3,3
5772,overlaid,3,3
5773,overload,3,2
5774,owl,3,3
5775,oxy,3,3
5776,packaging,3,2
5777,painting,3,2
5778,pale,3,3
5779,pam,3,3
5780,parrots,3,2
5781,participate,3,3
5782,partly,3,2
5783,paula,3,1
5784,paulo,3,1
5785,payment,3,1
5786,pbq,3,3
5787,peel,3,3
5788,pepper,3,1
5789,permeable,3,3
5790,pes,3,3
5791,petal,3,2
5792,petals,3,2
5793,pharaoh,3,1
5794,phoenix,3,2
5795,phosphate,3,2
5796,photoelectrons,3,3
5797,photogates,3,1
5798,photon,3,2
5799,physicist,3,3
5800,phytoplanktons,3,3
5801,picking,3,3
5802,picks,3,3
5803,piezoresistor,3,1
5804,pigments,3,3
5805,pigs,3,2
5806,pillar,3,2
5807,pillars,3,3
5808,ping,3,1
5809,pinned,3,3
5810,pipa,3,3
5811,pizza,3,2
5812,pla,3,3
5813,plankton,3,2
5814,platypus,3,3
5815,pm2,3,1
5816,pocket,3,3
5817,poll,3,3
5818,polychromatic,3,1
5819,polyhedron,3,2
5820,polymer,3,3
5821,polynomial,3,1
5822,pondweed,3,3
5823,pong,3,1
5824,poplar,3,1
5825,positional,3,3
5826,possess,3,3
5827,potometer,3,1
5828,poyang,3,3
5829,pprox,3,3
5830,pqs,3,3
5831,preceding,3,3
5832,precession,3,1
5833,precision,3,3
5834,predators,3,3
5835,predicted,3,3
5836,preferences,3,3
5837,preferred,3,2
5838,preheated,3,3
5839,pressures,3,3
5840,pressurized,3,3
5841,previously,3,3
5842,preys,3,3
5843,primacy,3,2
5844,principal,3,3
5845,priority,3,3
5846,probably,3,3
5847,progression,3,2
5848,projections,3,3
5849,projects,3,3
5850,promoted,3,3
5851,promoting,3,3
5852,prompt,3,3
5853,propagated,3,3
5854,propane,3,3
5855,propel,3,3
5856,protrude,3,3
5857,proved,3,3
5858,providing,3,3
5859,published,3,2
5860,putuo,3,3
5861,pyrimidine,3,3
5862,pythagorean,3,3
5863,quantized,3,1
5864,quarantine,3,3
5865,quarters,3,3
5866,quasiholes,3,1
5867,r1r1r2r2r3r3,3,1
5868,radiance,3,3
5869,radicals,3,3
5870,radioactive,3,2
5871,railroad,3,1
5872,ramesses,3,2
5873,ramses,3,1
5874,rarely,3,3
5875,reactants,3,3
5876,reactive,3,3
5877,reactor,3,1
5878,realizes,3,3
5879,recently,3,3
5880,recharge,3,3
5881,reclamation,3,3
5882,recombination,3,3
5883,reconstruction,3,3
5884,recovers,3,3
5885,reentry,3,2
5886,refines,3,3
5887,reflectance,3,3
5888,regardless,3,3
5889,regulates,3,3
5890,relates,3,3
5891,relays,3,2
5892,removes,3,3
5893,renate,3,2
5894,renewal,3,3
5895,replication,3,3
5896,reported,3,3
5897,representations,3,3
5898,reputation,3,3
5899,requiring,3,3
5900,resembling,3,3
5901,reserve,3,3
5902,reset,3,3
5903,resident,3,3
5904,resolving,3,1
5905,resorts,3,2
5906,respiratory,3,3
5907,responds,3,3
5908,resting,3,3
5909,retain,3,3
5910,rewinding,3,1
5911,ria,3,2
5912,rift,3,2
5913,robert,3,3
5914,rodent,3,3
5915,rush,3,3
5916,sandbar,3,2
5917,sandcastle,3,1
5918,sara,3,1
5919,saudi,3,2
5920,scaled,3,2
5921,scarce,3,3
5922,scattered,3,3
5923,schmitt,3,2
5924,scope,3,3
5925,scrap,3,2
5926,scratch,3,3
5927,screening,3,3
5928,seabed,3,3
5929,searches,3,3
5930,semicylinder,3,1
5931,semicylindrical,3,1
5932,semipermeable,3,3
5933,sentence,3,3
5934,separator,3,2
5935,sepideh,3,2
5936,seriously,3,3
5937,seventh,3,2
5938,severely,3,3
5939,shade,3,3
5940,shaking,3,3
5941,shallow,3,3
5942,shelf,3,3
5943,shine,3,3
5944,shipping,3,3
5945,siemens,3,3
5946,similarly,3,3
5947,simon,3,1
5948,sin37,3,3
5949,sio,3,3
5950,sixteen,3,2
5951,skewed,3,3
5952,skipping,3,1
5953,skips,3,1
5954,slack,3,3
5955,slant,3,3
5956,sleds,3,1
5957,sleeping,3,2
5958,slid,3,3
5959,slippery,3,1
5960,slowed,3,2
5961,slugs,3,1
5962,snails,3,3
5963,snowboarder,3,1
5964,so2,3,3
5965,society,3,3
5966,solstices,3,3
5967,solved,3,3
5968,somatic,3,3
5969,sometimes,3,3
5970,sounding,3,1
5971,sounds,3,3
5972,spaceflight,3,3
5973,sparse,3,3
5974,specially,3,3
5975,specifications,3,3
5976,spectra,3,3
5977,spectrophotometer,3,3
5978,spermatids,3,1
5979,spews,3,3
5980,spills,3,3
5981,spitting,3,3
5982,splitting,3,1
5983,spraying,3,3
5984,sprinkler,3,3
5985,spun,3,3
5986,squarefree,3,3
5987,stamp,3,3
5988,starry,3,3
5989,starter,3,1
5990,startled,3,3
5991,stated,3,3
5992,statically,3,3
5993,stationed,3,1
5994,stator,3,2
5995,stern,3,1
5996,stimulation,3,2
5997,storehouses,3,3
5998,straightedge,3,3
5999,strait,3,3
6000,stratum,3,2
6001,strengthened,3,3
6002,strengths,3,3
6003,striped,3,3
6004,stroboscope,3,1
6005,stylish,3,3
6006,submit,3,3
6007,subsets,3,2
6008,subsolar,3,2
6009,substituted,3,3
6010,subtended,3,3
6011,subunit,3,3
6012,suburb,3,3
6013,succession,3,3
6014,suction,3,3
6015,sudoku,3,1
6016,suffer,3,3
6017,sugarcane,3,2
6018,suggested,3,3
6019,summarizes,3,3
6020,summary,3,3
6021,summit,3,2
6022,sunny,3,3
6023,superimposed,3,3
6024,supermarket,3,3
6025,supplementary,3,3
6026,supplementing,3,1
6027,surrounds,3,3
6028,survival,3,3
6029,susi,3,2
6030,suspect,3,3
6031,suspicious,3,3
6032,swamp,3,1
6033,sweeter,3,3
6034,symptoms,3,2
6035,synaptic,3,3
6036,syndrome,3,2
6037,t4dna,3,2
6038,tablet,3,3
6039,tadpole,3,3
6040,taikang,3,2
6041,tailed,3,3
6042,taipei,3,3
6043,tatiana,3,2
6044,teams,3,3
6045,teddy,3,1
6046,teeth,3,3
6047,terminated,3,3
6048,terrestrial,3,3
6049,territorial,3,3
6050,tesseract,3,3
6051,textiles,3,3
6052,texture,3,3
6053,theoretically,3,3
6054,thousands,3,2
6055,tilim,3,1
6056,timescale,3,3
6057,tins,3,1
6058,tips,3,3
6059,tires,3,2
6060,toad,3,3
6061,tolerance,3,3
6062,tooth,3,1
6063,topography,3,3
6064,topple,3,1
6065,trace,3,2
6066,traces,3,3
6067,trajectories,3,3
6068,transient,3,3
6069,translate,3,3
6070,translates,3,2
6071,traversed,3,3
6072,triggers,3,3
6073,triode,3,2
6074,tubing,3,3
6075,turpan,3,3
6076,typhoon,3,2
6077,ultimate,3,3
6078,unable,3,3
6079,underneath,3,3
6080,unfavorable,3,3
6081,unfold,3,3
6082,unfolds,3,3
6083,uniquely,3,3
6084,university,3,3
6085,unlike,3,3
6086,unloading,3,2
6087,unstretched,3,3
6088,unwound,3,3
6089,upgrading,3,3
6090,upwelling,3,3
6091,urbanized,3,3
6092,urges,3,3
6093,ush,3,1
6094,uygur,3,3
6095,uzy,3,3
6096,valence,3,2
6097,variance,3,3
6098,vectors,3,3
6099,venous,3,3
6100,villages,3,3
6101,vinegar,3,2
6102,viral,3,3
6103,visited,3,3
6104,visits,3,2
6105,vitro,3,3
6106,von,3,1
6107,vote,3,2
6108,voters,3,3
6109,vsi,3,3
6110,vt1,3,2
6111,vzu,3,3
6112,waist,3,2
6113,waiting,3,3
6114,wanjiang,3,2
6115,warp,3,3
6116,washed,3,3
6117,watering,3,3
6118,waterlogged,3,3
6119,wear,3,3
6120,weighed,3,3
6121,weinberg,3,3
6122,wetlands,3,3
6123,whale,3,3
6124,whales,3,3
6125,whirlpool,3,1
6126,widest,3,3
6127,wien,3,3
6128,willi,3,1
6129,winning,3,3
6130,wiper,3,1
6131,wired,3,3
6132,woman,3,2
6133,works,3,3
6134,workshop,3,3
6135,wzy,3,3
6136,x0007,3,3
6137,yan,3,3
6138,yard,3,1
6139,yards,3,2
6140,yehliu,3,3
6141,yibin,3,2
6142,yin,3,1
6143,youngest,3,3
6144,zhangye,3,3
6145,zhuhai,3,1
6146,006q,2,2
6147,100k,2,2
6148,108mm,2,2
6149,10s,2,2
6150,11v,2,2
6151,13x,2,1
6152,1424m,2,2
6153,14m,2,1
6154,14th,2,2
6155,15k,2,2
6156,15m,2,2
6157,15v,2,2
6158,15x,2,2
6159,16th,2,2
6160,17th,2,2
6161,18j,2,2
6162,19th,2,2
6163,200t,2,2
6164,2021st,2,2
6165,21st,2,2
6166,24m,2,2
6167,25k,2,2
6168,25m,2,1
6169,25t,2,2
6170,26th,2,2
6171,2am,2,2
6172,2aq,2,2
6173,2ax,2,2
6174,2be,2,2
6175,2bf,2,2
6176,2ch,2,2
6177,2chch2cooh,2,1
6178,2co,2,2
6179,2de,2,2
6180,2gd,2,2
6181,2hcl,2,2
6182,2kg,2,2
6183,2mg,2,2
6184,2ob,2,2
6185,300k,2,2
6186,300n,2,1
6187,30x,2,2
6188,310k,2,2
6189,310km2,2,2
6190,31st,2,2
6191,3be,2,2
6192,3kg,2,2
6193,3ob,2,2
6194,4000kg,2,2
6195,400t,2,1
6196,4ab,2,2
6197,4be,2,2
6198,4cd,2,2
6199,4cm,2,2
6200,4de,2,2
6201,500m,2,2
6202,50k,2,2
6203,50v,2,2
6204,51g,2,2
6205,52m,2,2
6206,598m,2,2
6207,5ml,2,1
6208,6000m,2,2
6209,6th,2,2
6210,747g,2,2
6211,80m,2,2
6212,98kg,2,2
6213,aardvark,2,1
6214,aat100,2,1
6215,abbreviation,2,2
6216,abcda,2,2
6217,abcf,2,2
6218,abch,2,2
6219,abed,2,2
6220,abfe,2,2
6221,abgf,2,2
6222,abnormality,2,2
6223,aboc,2,2
6224,abom,2,2
6225,abrupt,2,2
6226,absent,2,2
6227,absorbent,2,2
6228,abu,2,2
6229,abundance,2,2
6230,accumulates,2,2
6231,aceb,2,1
6232,acetylation,2,2
6233,acetyltransferase,2,2
6234,achieves,2,2
6235,achieving,2,2
6236,acidity,2,2
6237,acm,2,2
6238,acmdb,2,2
6239,acmn,2,2
6240,acp,2,2
6241,acquires,2,2
6242,acronym,2,1
6243,actinomycete,2,1
6244,actions,2,2
6245,activate,2,2
6246,adapt,2,2
6247,adhere,2,2
6248,adjusts,2,2
6249,adm,2,2
6250,adopting,2,2
6251,adulthood,2,2
6252,aedf,2,2
6253,aefd,2,2
6254,aefh,2,1
6255,aeo,2,2
6256,aerobic,2,2
6257,aesthetic,2,2
6258,afde,2,2
6259,affairs,2,2
6260,afgd,2,2
6261,afpe,2,1
6262,afterwards,2,2
6263,agd,2,2
6264,agency,2,2
6265,aires,2,2
6266,aksu,2,2
6267,alberto,2,1
6268,albino,2,1
6269,alert,2,2
6270,alfonso,2,1
6271,algal,2,1
6272,aliasing,2,2
6273,align,2,1
6274,alkene,2,2
6275,alleviate,2,2
6276,alone,2,2
6277,alphabetical,2,2
6278,alternative,2,2
6279,amb,2,2
6280,amplitudes,2,2
6281,andes,2,2
6282,anm,2,2
6283,ann,2,2
6284,annie,2,2
6285,anolis,2,1
6286,antennae,2,1
6287,anticancer,2,2
6288,anticlockwise,2,2
6289,anus,2,2
6290,anymore,2,2
6291,aobd,2,2
6292,apothem,2,2
6293,approached,2,2
6294,approaching,2,2
6295,aqrd,2,1
6296,aqua,2,1
6297,aquarium,2,2
6298,arab,2,2
6299,arched,2,2
6300,arches,2,1
6301,archipelago,2,2
6302,arizona,2,2
6303,arjun,2,1
6304,arm,2,2
6305,arrangements,2,2
6306,arterial,2,2
6307,artery,2,2
6308,arthropods,2,2
6309,arthur,2,2
6310,ascending,2,2
6311,ascorbic,2,2
6312,ash3,2,2
6313,asha,2,1
6314,ashley,2,1
6315,assist,2,2
6316,assistance,2,2
6317,assisted,2,2
6318,astable,2,2
6319,asymmetrical,2,2
6320,asymptote,2,1
6321,atop,2,2
6322,attains,2,2
6323,attempting,2,2
6324,auto,2,2
6325,autosomes,2,2
6326,awgn,2,1
6327,bacillus,2,1
6328,backflow,2,2
6329,backpacker,2,2
6330,backwards,2,2
6331,bap,2,2
6332,barriers,2,2
6333,bart,2,2
6334,barter,2,1
6335,basically,2,2
6336,bat,2,2
6337,bathroom,2,1
6338,bats,2,2
6339,bcef,2,2
6340,bdf,2,2
6341,bdp,2,2
6342,beaks,2,2
6343,bear,2,2
6344,bears,2,2
6345,beatriz,2,1
6346,beauty,2,2
6347,bedroom,2,1
6348,beetles,2,2
6349,beige,2,1
6350,bends,2,2
6351,beneath,2,2
6352,benefiting,2,2
6353,benny,2,1
6354,bernd,2,1
6355,berries,2,2
6356,beth,2,1
6357,bfco,2,1
6358,bfde,2,1
6359,bicycles,2,2
6360,billions,2,2
6361,bin,2,2
6362,bipolar,2,2
6363,bjorn,2,1
6364,bjts,2,2
6365,blackfly,2,2
6366,bluegill,2,2
6367,bluetooth,2,1
6368,bmc,2,2
6369,boils,2,2
6370,bolded,2,1
6371,boltzmann,2,2
6372,bombard,2,2
6373,bone,2,2
6374,bookshelf,2,1
6375,bookstore,2,2
6376,booths,2,2
6377,bordeaux,2,1
6378,bordered,2,2
6379,borders,2,1
6380,boris,2,2
6381,bottles,2,2
6382,bpf,2,1
6383,brazilian,2,2
6384,breeze,2,2
6385,british,2,2
6386,bromine,2,2
6387,bromosuccinimide,2,2
6388,brother,2,2
6389,bubbled,2,2
6390,bud,2,2
6391,budding,2,2
6392,buds,2,2
6393,buenos,2,2
6394,bugle,2,1
6395,builds,2,2
6396,bulge,2,2
6397,bulk,2,2
6398,bump,2,1
6399,bunchkin,2,1
6400,bundle,2,2
6401,cables,2,2
6402,cableway,2,1
6403,cactus,2,2
6404,caec,2,1
6405,caf,2,2
6406,california,2,2
6407,calorimeter,2,2
6408,cameras,2,2
6409,cannonball,2,1
6410,canton,2,1
6411,caofeidian,2,2
6412,cap,2,2
6413,capsule,2,1
6414,capture,2,2
6415,captures,2,2
6416,carbonate,2,2
6417,carbonyl,2,2
6418,carboxyl,2,1
6419,carmen,2,1
6420,carnot,2,1
6421,carpet,2,1
6422,carrots,2,1
6423,carved,2,2
6424,cascade,2,2
6425,caso,2,2
6426,catalysis,2,2
6427,catalyst,2,2
6428,catalyzed,2,2
6429,catalyzes,2,2
6430,catching,2,2
6431,categories,2,2
6432,categorized,2,2
6433,caterpillars,2,2
6434,cation,2,1
6435,cauliflower,2,1
6436,cave,2,1
6437,cbh,2,1
6438,cdfe,2,2
6439,cdfg,2,2
6440,cdgh,2,1
6441,cdm,2,2
6442,ceg,2,2
6443,celebrated,2,1
6444,cellulase,2,1
6445,cellulose,2,1
6446,cement,2,1
6447,centred,2,1
6448,centroids,2,2
6449,cfa,2,2
6450,ch3c,2,1
6451,ch3ch2ch2br,2,2
6452,ch3ch2ch2ch,2,2
6453,ch3ch2oh,2,2
6454,ch3co2h,2,2
6455,ch3cooh,2,2
6456,championship,2,2
6457,championships,2,2
6458,chance,2,2
6459,changchun,2,1
6460,changzhi,2,1
6461,characters,2,2
6462,charlotte,2,1
6463,cheap,2,2
6464,checkerboard,2,2
6465,chen,2,2
6466,cherries,2,2
6467,chestnut,2,1
6468,chewing,2,2
6469,chirality,2,2
6470,chlorine,2,2
6471,choices,2,2
6472,choke,2,2
6473,chomp,2,1
6474,choosing,2,2
6475,chromatin,2,2
6476,circ,2,2
6477,circumferences,2,2
6478,circumscribe,2,1
6479,citric,2,2
6480,civilized,2,2
6481,clamped,2,2
6482,classroom,2,2
6483,cleaning,2,2
6484,cleared,2,2
6485,clearing,2,1
6486,cleo,2,1
6487,climb,2,2
6488,clk1,2,1
6489,clocked,2,2
6490,cloth,2,1
6491,clover,2,2
6492,cmn,2,1
6493,coated,2,2
6494,coaxial,2,2
6495,cocoon,2,2
6496,codons,2,2
6497,collapses,2,2
6498,collecting,2,1
6499,colorful,2,2
6500,colorless,2,2
6501,commerce,2,2
6502,commission,2,2
6503,commissioning,2,2
6504,commodities,2,2
6505,commutation,2,1
6506,companies,2,2
6507,comparators,2,1
6508,compete,2,2
6509,compress,2,2
6510,concerns,2,2
6511,conditional,2,2
6512,conductivities,2,1
6513,conference,2,1
6514,configured,2,2
6515,confirmed,2,2
6516,confluence,2,2
6517,conformation,2,2
6518,conical,2,2
6519,consideration,2,2
6520,considers,2,2
6521,consisted,2,2
6522,constantly,2,2
6523,constituent,2,2
6524,constitutes,2,2
6525,constructions,2,2
6526,contacting,2,2
6527,contaminant,2,1
6528,contemporary,2,2
6529,contingency,2,2
6530,contribute,2,2
6531,contributes,2,2
6532,convenience,2,2
6533,converting,2,2
6534,conveying,2,2
6535,cooh,2,1
6536,coordination,2,2
6537,coplanar,2,2
6538,corrected,2,1
6539,cos37,2,2
6540,cosme,2,1
6541,cottontails,2,2
6542,couples,2,2
6543,coyotes,2,2
6544,cpe,2,2
6545,creams,2,2
6546,creeping,2,1
6547,crewed,2,2
6548,cricket,2,2
6549,crossover,2,2
6550,crosswise,2,2
6551,crude,2,2
6552,crumpled,2,2
6553,cultures,2,2
6554,cushing,2,1
6555,cyclin,2,1
6556,cyclone,2,1
6557,cytoplasm,2,2
6558,cytoplasmic,2,2
6559,daf,2,2
6560,dairy,2,2
6561,damaged,2,2
6562,damper,2,2
6563,damping,2,2
6564,daniel,2,1
6565,darya,2,2
6566,datapoints,2,2
6567,dcf,2,2
6568,dea,2,2
6569,decf,2,2
6570,decoding,2,2
6571,decomposed,2,2
6572,decomposes,2,2
6573,decorative,2,2
6574,deepest,2,2
6575,deformations,2,2
6576,deg,2,2
6577,degrade,2,1
6578,deletions,2,2
6579,delia,2,1
6580,deliver,2,2
6581,delivery,2,2
6582,dem,2,1
6583,demersum,2,1
6584,demonstrates,2,2
6585,densest,2,2
6586,dependent,2,2
6587,deposited,2,2
6588,deposits,2,2
6589,depot,2,2
6590,describing,2,2
6591,destination,2,2
6592,detects,2,2
6593,determining,2,2
6594,detour,2,1
6595,detoured,2,2
6596,dew,2,2
6597,dfb,2,2
6598,dfge,2,2
6599,dho,2,2
6600,dialogue,2,2
6601,diaphragm,2,1
6602,dichloroethene,2,1
6603,differs,2,2
6604,difficult,2,2
6605,dimethyl,2,2
6606,dino,2,1
6607,disappears,2,2
6608,discharges,2,2
6609,disclosure,2,2
6610,discontinuity,2,2
6611,discover,2,2
6612,discovery,2,2
6613,disjoint,2,2
6614,dispatched,2,2
6615,dispersed,2,2
6616,dissociates,2,2
6617,dissolution,2,2
6618,dissolves,2,2
6619,distantly,2,2
6620,distinguish,2,2
6621,distinguishable,2,1
6622,disturbed,2,2
6623,dive,2,2
6624,divergence,2,1
6625,dmb,2,2
6626,dock,2,2
6627,domestically,2,2
6628,dong,2,1
6629,dorsal,2,2
6630,doubled,2,2
6631,dpip,2,2
6632,drag,2,2
6633,dragonflies,2,1
6634,draught,2,2
6635,dream,2,2
6636,drifting,2,1
6637,drifts,2,2
6638,drilling,2,2
6639,drivers,2,2
6640,drizzle,2,2
6641,drkfr,2,1
6642,drunkard,2,1
6643,dual,2,2
6644,dune,2,1
6645,dung,2,2
6646,dusty,2,2
6647,dynamically,2,2
6648,earthquakes,2,2
6649,earthworm,2,2
6650,earwig,2,2
6651,ecologists,2,2
6652,economically,2,2
6653,economics,2,2
6654,ecori,2,1
6655,ecosystems,2,2
6656,eda,2,2
6657,edm,2,2
6658,eel,2,1
6659,efb,2,2
6660,efcd,2,2
6661,efcg,2,2
6662,effector,2,2
6663,efferent,2,2
6664,eggshell,2,1
6665,ehj,2,2
6666,ejection,2,2
6667,elasticity,2,2
6668,electrically,2,2
6669,electrified,2,2
6670,electrometer,2,1
6671,elephant,2,2
6672,eleven,2,2
6673,ella,2,1
6674,elmer,2,1
6675,elmira,2,1
6676,elongates,2,2
6677,else,2,1
6678,eluted,2,2
6679,embedded,2,2
6680,emblem,2,2
6681,embryo,2,2
6682,embryology,2,2
6683,empirical,2,2
6684,enables,2,2
6685,enameled,2,1
6686,enclosing,2,2
6687,encoding,2,1
6688,encountered,2,2
6689,encouraging,2,2
6690,endocrinologist,2,2
6691,endogenous,2,2
6692,engage,2,2
6693,english,2,2
6694,enhance,2,2
6695,enjoy,2,2
6696,enlarged,2,2
6697,ensures,2,1
6698,entertainment,2,1
6699,enthusiasts,2,2
6700,environments,2,2
6701,epc,2,2
6702,epithelial,2,1
6703,equality,2,2
6704,equivalence,2,2
6705,eras,2,2
6706,erroneous,2,2
6707,escaping,2,2
6708,escherichia,2,2
6709,ethanal,2,2
6710,ethanoic,2,2
6711,ethephon,2,1
6712,ethyl,2,2
6713,evaluation,2,2
6714,eve,2,1
6715,ever,2,2
6716,examples,2,2
6717,excavated,2,1
6718,exchanges,2,1
6719,exhausted,2,2
6720,exogenous,2,2
6721,expect,2,2
6722,expectation,2,2
6723,expels,2,1
6724,expensive,2,2
6725,experts,2,2
6726,explained,2,2
6727,exploitable,2,2
6728,exporting,2,2
6729,expresses,2,2
6730,extent,2,2
6731,extinguishing,2,1
6732,extracting,2,2
6733,extracurricular,2,2
6734,extravehicular,2,1
6735,fabricated,2,2
6736,facts,2,2
6737,fail,2,2
6738,failure,2,2
6739,falcata,2,1
6740,fare,2,1
6741,fashion,2,2
6742,fastened,2,1
6743,faults,2,2
6744,fba,2,2
6745,feedforward,2,1
6746,feg,2,2
6747,felt,2,2
6748,fen,2,2
6749,fermentation,2,2
6750,ferns,2,2
6751,fertilizer,2,2
6752,festive,2,2
6753,fgb,2,2
6754,fgh,2,2
6755,fghi,2,2
6756,fghmn,2,1
6757,fibrous,2,1
6758,filial,2,1
6759,filming,2,1
6760,finches,2,1
6761,finishes,2,2
6762,fir,2,2
6763,fix,2,2
6764,fixing,2,2
6765,flavonoid,2,2
6766,fled,2,1
6767,flee,2,2
6768,flips,2,2
6769,flooding,2,2
6770,floods,2,2
6771,florian,2,2
6772,flowchart,2,2
6773,flowerbeds,2,1
6774,flu,2,2
6775,fluctuation,2,2
6776,flue,2,1
6777,focuses,2,2
6778,foe,2,2
6779,foetus,2,2
6780,foggy,2,2
6781,footbridge,2,1
6782,forced,2,2
6783,forget,2,1
6784,fort,2,1
6785,forwards,2,2
6786,fox,2,2
6787,fractionally,2,1
6788,frankie,2,1
6789,freda,2,2
6790,freezes,2,1
6791,frictionlessly,2,2
6792,friendships,2,1
6793,frsl,2,1
6794,furthermore,2,2
6795,fusicoccin,2,1
6796,fusion,2,2
6797,gable,2,2
6798,gagac,2,1
6799,gained,2,2
6800,gaining,2,2
6801,gaofen,2,1
6802,garage,2,1
6803,garcia,2,1
6804,gaseous,2,2
6805,gather,2,2
6806,gauss,2,2
6807,gave,2,2
6808,gec,2,2
6809,gef,2,2
6810,gender,2,2
6811,generators,2,2
6812,genevieve,2,1
6813,geometrical,2,2
6814,geometrically,2,1
6815,gerda,2,1
6816,germinating,2,2
6817,gina,2,1
6818,girls,2,1
6819,gliding,2,2
6820,glitch,2,1
6821,globalization,2,2
6822,globin,2,1
6823,gluconeogenesis,2,2
6824,glumes,2,2
6825,glutamate,2,2
6826,glutamic,2,2
6827,glycine,2,2
6828,glycinium,2,1
6829,glycolytic,2,1
6830,gmr,2,2
6831,god,2,2
6832,gonads,2,2
6833,gopt,2,2
6834,governance,2,2
6835,graaff,2,2
6836,grabs,2,2
6837,grasslands,2,2
6838,gravitation,2,2
6839,greek,2,2
6840,greenhouse,2,2
6841,greenwich,2,2
6842,grids,2,2
6843,gridtown,2,1
6844,guess,2,1
6845,guilin,2,1
6846,guilty,2,2
6847,guiyang,2,2
6848,gum,2,2
6849,guppy,2,2
6850,h2c2o4,2,1
6851,haikui,2,2
6852,hair,2,2
6853,halo,2,1
6854,haloalkanes,2,2
6855,happened,2,2
6856,happy,2,2
6857,hardened,2,2
6858,hardly,2,2
6859,harness,2,1
6860,harry,2,2
6861,haruna,2,2
6862,harvest,2,2
6863,hatching,2,2
6864,hawaiian,2,2
6865,hazards,2,2
6866,hc2h3o2,2,2
6867,hcd,2,2
6868,health,2,2
6869,heater,2,2
6870,heaven,2,2
6871,heavily,2,2
6872,hebei,2,2
6873,hemiacetal,2,2
6874,hemiketal,2,2
6875,heritage,2,2
6876,heroes,2,2
6877,hexigten,2,2
6878,hip,2,1
6879,hippocampal,2,1
6880,hippocampus,2,1
6881,hometowns,2,2
6882,hong,2,2
6883,hoops,2,1
6884,hospital,2,2
6885,hourly,2,2
6886,hovers,2,2
6887,hso,2,2
6888,huaihe,2,1
6889,huangshan,2,2
6890,hubble,2,1
6891,huinantian,2,1
6892,hwp,2,2
6893,hydraulic,2,1
6894,hydroelectric,2,1
6895,hysteresis,2,2
6896,identically,2,2
6897,identification,2,2
6898,identifies,2,2
6899,identifying,2,1
6900,ignites,2,1
6901,imagined,2,2
6902,impinging,2,2
6903,implementing,2,2
6904,import,2,2
6905,imported,2,2
6906,improving,2,2
6907,impulses,2,2
6908,impulsive,2,2
6909,incomplete,2,2
6910,indirect,2,2
6911,indoor,2,2
6912,induces,2,2
6913,inducing,2,1
6914,inductors,2,2
6915,inertial,2,1
6916,infants,2,1
6917,inferring,2,2
6918,inflate,2,2
6919,inflates,2,2
6920,inflation,2,1
6921,initiates,2,1
6922,innermost,2,2
6923,innervates,2,2
6924,inoculate,2,2
6925,insertions,2,2
6926,insist,2,2
6927,inspired,2,2
6928,instar,2,2
6929,intact,2,2
6930,intellectual,2,2
6931,intended,2,2
6932,intends,2,2
6933,interact,2,2
6934,intercept,2,2
6935,interconnected,2,2
6936,intercropping,2,1
6937,intercross,2,2
6938,interfacing,2,2
6939,interiors,2,2
6940,interquartile,2,2
6941,intestine,2,2
6942,introduction,2,2
6943,intrusion,2,2
6944,iridum,2,2
6945,irregularly,2,2
6946,irrigated,2,2
6947,islet,2,2
6948,isochoric,2,1
6949,isochrone,2,2
6950,isohyets,2,2
6951,isolation,2,2
6952,isoleucine,2,1
6953,isomers,2,2
6954,issues,2,2
6955,italy,2,2
6956,itemize,2,1
6957,iupac,2,2
6958,j100,2,1
6959,jam,2,2
6960,jet,2,2
6961,jette,2,1
6962,jettison,2,1
6963,jianglang,2,2
6964,jin,2,2
6965,jkn,2,2
6966,jlp,2,1
6967,jockey,2,2
6968,jog,2,1
6969,journeys,2,2
6970,kabul,2,1
6971,kan,2,2
6972,karin,2,2
6973,karst,2,2
6974,kathi,2,2
6975,katrin,2,2
6976,kbaud,2,2
6977,kde,2,2
6978,keshiketeng,2,2
6979,kilogram,2,2
6980,kim,2,1
6981,kinase,2,2
6982,klm,2,2
6983,kln,2,2
6984,knots,2,1
6985,kpa,2,2
6986,krills,2,2
6987,kubuqi,2,2
6988,lagrange,2,2
6989,lakes,2,2
6990,landforms,2,2
6991,landslides,2,1
6992,language,2,2
6993,lanthanum,2,2
6994,lap,2,1
6995,latest,2,2
6996,latex,2,1
6997,launches,2,2
6998,leaks,2,2
6999,learn,2,2
7000,learning,2,2
7001,leaved,2,2
7002,legend,2,2
7003,leisurely,2,2
7004,lemon,2,2
7005,lena,2,1
7006,lenz,2,2
7007,leopard,2,2
7008,lesson,2,1
7009,lets,2,2
7010,lettered,2,2
7011,levitate,2,2
7012,levitates,2,2
7013,liepa,2,1
7014,lifetimes,2,2
7015,ligases,2,2
7016,ligated,2,2
7017,lighting,2,2
7018,likes,2,2
7019,limbless,2,2
7020,limitation,2,2
7021,linking,2,2
7022,literature,2,2
7023,lithium,2,1
7024,livestock,2,1
7025,loads,2,2
7026,log,2,2
7027,longtail,2,1
7028,longwave,2,2
7029,lot,2,2
7030,loved,2,2
7031,lovers,2,2
7032,lowered,2,2
7033,lowpass,2,2
7034,lucy,2,1
7035,luis,2,1
7036,lukas,2,1
7037,lung,2,2
7038,mab,2,2
7039,macdonald,2,1
7040,magmatic,2,2
7041,magnesium,2,1
7042,magnetically,2,2
7043,mahi,2,1
7044,mahogany,2,1
7045,maia,2,1
7046,maker,2,1
7047,mandarins,2,1
7048,manganese,2,2
7049,mango,2,2
7050,manicotti,2,1
7051,manifestation,2,2
7052,mantissa,2,2
7053,mantle,2,2
7054,manually,2,1
7055,manufactured,2,2
7056,manufactures,2,2
7057,manure,2,2
7058,marginal,2,2
7059,margot,2,1
7060,markers,2,2
7061,marketed,2,2
7062,marry,2,2
7063,martin,2,2
7064,mats,2,1
7065,maturation,2,2
7066,maximally,2,2
7067,mbcn,2,2
7068,mcdonald,2,2
7069,meat,2,1
7070,medal,2,2
7071,mediated,2,2
7072,mediterranean,2,2
7073,membranous,2,2
7074,menhaden,2,2
7075,mesophyll,2,2
7076,metals,2,2
7077,meteorite,2,1
7078,meteorology,2,2
7079,methacrylate,2,2
7080,methanol,2,2
7081,methyl,2,2
7082,methylamine,2,1
7083,methylbutanoic,2,2
7084,metre,2,1
7085,michael,2,2
7086,micromoles,2,2
7087,microprocessor,2,2
7088,microscopes,2,2
7089,microscopic,2,2
7090,microscopy,2,2
7091,microseconds,2,2
7092,midband,2,2
7093,midfield,2,1
7094,midriff,2,2
7095,midsegment,2,2
7096,midway,2,2
7097,midwestern,2,2
7098,migrate,2,2
7099,migrating,2,1
7100,mike,2,2
7101,miller,2,2
7102,milliseconds,2,2
7103,minnows,2,2
7104,minus,2,2
7105,mission,2,1
7106,mistake,2,2
7107,mnop,2,2
7108,mnp,2,1
7109,mnpr,2,2
7110,mob,2,2
7111,mobile,2,2
7112,moc,2,1
7113,modeled,2,2
7114,modify,2,1
7115,modular,2,2
7116,monatomic,2,2
7117,monogenic,2,2
7118,monster,2,1
7119,morafka,2,2
7120,moritz,2,2
7121,mortality,2,2
7122,mos1,2,1
7123,mos2,2,1
7124,mosif,2,1
7125,mothers,2,1
7126,motivations,2,2
7127,mound,2,2
7128,mouthparts,2,2
7129,mpn,2,2
7130,mpx,2,2
7131,mrs,2,2
7132,mudslide,2,1
7133,mulberry,2,2
7134,multimeter,2,1
7135,multiplexers,2,2
7136,multiplexor,2,1
7137,mutagen,2,2
7138,mutates,2,1
7139,muzzle,2,1
7140,namely,2,2
7141,nameplate,2,2
7142,ncl,2,2
7143,ncl3,2,2
7144,neb,2,2
7145,neighbour,2,2
7146,neurotransmitter,2,2
7147,neutralize,2,2
7148,neutralized,2,2
7149,nevada,2,2
7150,nights,2,2
7151,nile,2,2
7152,ninth,2,1
7153,nitration,2,2
7154,nitrite,2,2
7155,nitrous,2,2
7156,no3,2,2
7157,nonagon,2,2
7158,nonfeeding,2,2
7159,nonoverlapping,2,1
7160,nonzero,2,2
7161,nose,2,1
7162,noticeably,2,2
7163,noticing,2,2
7164,npy,2,2
7165,nucleotides,2,1
7166,null,2,2
7167,numerous,2,2
7168,nurse,2,2
7169,nutritionists,2,2
7170,oacb,2,2
7171,oad,2,2
7172,oap,2,2
7173,oba,2,2
7174,obe,2,2
7175,observes,2,2
7176,oceanic,2,2
7177,ocl,2,2
7178,octet,2,2
7179,odce,2,2
7180,ode,2,2
7181,oef,2,1
7182,olivia,2,1
7183,onward,2,2
7184,operator,2,2
7185,optimizing,2,2
7186,ordering,2,2
7187,ordinary,2,2
7188,ordinates,2,2
7189,orleans,2,1
7190,otl,2,2
7191,ottawa,2,1
7192,outdoor,2,1
7193,outlets,2,2
7194,outspread,2,1
7195,ovaries,2,2
7196,overcast,2,2
7197,overexpression,2,1
7198,overlapped,2,2
7199,overshoot,2,2
7200,overtakes,2,2
7201,ovule,2,2
7202,owls,2,2
7203,owners,2,2
7204,oxalate,2,2
7205,oxidase,2,2
7206,pack,2,2
7207,packages,2,2
7208,pads,2,1
7209,paintings,2,1
7210,paleontology,2,2
7211,panel,2,2
7212,panels,2,1
7213,pao,2,2
7214,parallels,2,2
7215,parasol,2,2
7216,paris,2,2
7217,participants,2,2
7218,participates,2,2
7219,patrolling,2,2
7220,pave,2,1
7221,paved,2,2
7222,pavilion,2,2
7223,paving,2,1
7224,pba,2,2
7225,pbqd,2,1
7226,pca,2,2
7227,pcb,2,2
7228,pcm,2,1
7229,pea,2,1
7230,peach,2,1
7231,peaks,2,2
7232,pear,2,2
7233,pearls,2,1
7234,pebf,2,2
7235,pegs,2,1
7236,pencil,2,2
7237,pendulums,2,1
7238,penultimate,2,2
7239,peppered,2,1
7240,perennial,2,2
7241,peripheral,2,2
7242,personal,2,2
7243,personnel,2,2
7244,perspectives,2,2
7245,pesticides,2,2
7246,pete,2,1
7247,ph3,2,2
7248,pheasant,2,1
7249,photocell,2,1
7250,photodiode,2,1
7251,photography,2,2
7252,phototropism,2,2
7253,photovoltaic,2,2
7254,phreatic,2,2
7255,physoly,2,2
7256,picked,2,1
7257,pickup,2,2
7258,pile,2,2
7259,pilots,2,2
7260,pinch,2,2
7261,pink,2,2
7262,pipette,2,1
7263,pit,2,1
7264,pitch,2,2
7265,pituitary,2,2
7266,plenary,2,2
7267,plug,2,1
7268,plus,2,2
7269,pm10,2,2
7270,pmon,2,2
7271,poe,2,2
7272,poem,2,2
7273,pointers,2,2
7274,policies,2,2
7275,polish,2,2
7276,pollinate,2,2
7277,polluted,2,2
7278,polyline,2,2
7279,polyprotic,2,2
7280,popular,2,2
7281,poq,2,2
7282,pores,2,1
7283,portions,2,2
7284,possibilities,2,2
7285,posterior,2,2
7286,posts,2,1
7287,postsynaptic,2,2
7288,potassium,2,2
7289,pouch,2,1
7290,pounds,2,1
7291,pouring,2,2
7292,pqt,2,2
7293,practice,2,2
7294,practicing,2,2
7295,precedence,2,2
7296,precise,2,2
7297,precursor,2,2
7298,predicting,2,2
7299,predictor,2,2
7300,prefix,2,2
7301,preliminary,2,2
7302,preparation,2,2
7303,prepares,2,2
7304,pres2,2,1
7305,president,2,2
7306,presses,2,2
7307,pressing,2,2
7308,presynaptic,2,2
7309,preventing,2,2
7310,prevention,2,2
7311,priced,2,2
7312,primer,2,2
7313,printing,2,2
7314,proceed,2,2
7315,processed,2,2
7316,profitability,2,2
7317,progeny,2,2
7318,proliferation,2,1
7319,promoter,2,2
7320,prompted,2,2
7321,propanol,2,1
7322,propelled,2,2
7323,propene,2,2
7324,propose,2,2
7325,protected,2,2
7326,psq,2,1
7327,psr,2,2
7328,pudong,2,2
7329,pulmonary,2,1
7330,punch,2,1
7331,punches,2,2
7332,purity,2,1
7333,q3q2q1,2,1
7334,qabo,2,1
7335,qilian,2,2
7336,qingming,2,2
7337,qingzhen,2,2
7338,qps,2,2
7339,qrp,2,2
7340,qrtu,2,2
7341,qualified,2,1
7342,quantitative,2,2
7343,quarantined,2,2
7344,quasi,2,2
7345,quasiparticles,2,1
7346,queen,2,2
7347,rabi,2,1
7348,radiates,2,1
7349,raffinate,2,2
7350,raising,2,2
7351,rammed,2,1
7352,ramming,2,1
7353,ramos,2,1
7354,ranked,2,2
7355,reactant,2,2
7356,reacted,2,2
7357,reacting,2,2
7358,reacts,2,2
7359,rearrangement,2,2
7360,reasoning,2,2
7361,rebound,2,1
7362,receptacle,2,1
7363,recognition,2,2
7364,recombinants,2,1
7365,recurrence,2,2
7366,ref,2,2
7367,reflectivity,2,1
7368,regeneration,2,2
7369,regularly,2,2
7370,regulate,2,2
7371,regulations,2,2
7372,regulatory,2,2
7373,reheated,2,2
7374,relate,2,2
7375,relating,2,2
7376,relations,2,2
7377,relaxation,2,2
7378,reliably,2,2
7379,relies,2,2
7380,remelting,2,2
7381,remember,2,2
7382,removal,2,1
7383,renovation,2,2
7384,replicate,2,2
7385,reserves,2,1
7386,residuals,2,2
7387,resistivities,2,2
7388,resolution,2,2
7389,resonance,2,2
7390,resort,2,1
7391,respects,2,2
7392,restoration,2,2
7393,resulted,2,2
7394,retaining,2,1
7395,retractable,2,1
7396,reversed,2,2
7397,reverses,2,2
7398,reversing,2,1
7399,reviewed,2,2
7400,revitalization,2,2
7401,revolve,2,2
7402,revolving,2,2
7403,ribosomal,2,2
7404,ribosomes,2,2
7405,richter,2,2
7406,ridden,2,2
7407,riemann,2,2
7408,rifle,2,1
7409,riki,2,1
7410,rinderpest,2,2
7411,risen,2,2
7412,rita,2,2
7413,riverbanks,2,2
7414,riverbed,2,2
7415,rom,2,1
7416,roman,2,2
7417,roses,2,2
7418,rotifer,2,2
7419,rounds,2,2
7420,routine,2,2
7421,roving,2,2
7422,rsp,2,2
7423,rstu,2,2
7424,rstv,2,2
7425,rsu,2,2
7426,rsv,2,2
7427,rutherford,2,2
7428,sabc,2,1
7429,sacha,2,1
7430,sailboat,2,1
7431,sal,2,1
7432,salamander,2,2
7433,salmon,2,2
7434,sam,2,1
7435,sandbags,2,2
7436,sandwich,2,1
7437,sandy,2,2
7438,sangluo,2,2
7439,sanya,2,2
7440,sap,2,2
7441,sarcolemma,2,2
7442,sasha,2,1
7443,saturn,2,2
7444,sau3ai,2,1
7445,says,2,2
7446,sb2,2,1
7447,sbh3,2,2
7448,schemes,2,2
7449,schools,2,1
7450,scientist,2,2
7451,screens,2,2
7452,screw,2,1
7453,seamlessly,2,2
7454,search,2,2
7455,seashore,2,2
7456,seated,2,1
7457,secretes,2,2
7458,sedan,2,1
7459,sedimentary,2,2
7460,sediments,2,1
7461,seedling,2,2
7462,seeing,2,2
7463,selfed,2,1
7464,sending,2,2
7465,senescence,2,1
7466,sensitivity,2,2
7467,serine,2,2
7468,serves,2,2
7469,settle,2,2
7470,shaanxi,2,2
7471,shadows,2,2
7472,shafts,2,1
7473,shaken,2,1
7474,shall,2,2
7475,sharing,2,2
7476,sharply,2,2
7477,sheath,2,2
7478,sheep,2,2
7479,sheila,2,1
7480,shellfish,2,2
7481,shelves,2,1
7482,shielding,2,2
7483,shifted,2,2
7484,shilin,2,2
7485,shining,2,2
7486,shipped,2,2
7487,shirt,2,1
7488,shoe,2,2
7489,shone,2,2
7490,shortwave,2,2
7491,shots,2,2
7492,shrank,2,2
7493,shrink,2,2
7494,shunt,2,2
7495,shut,2,2
7496,siblings,2,2
7497,sidelength,2,2
7498,siderophores,2,1
7499,sierra,2,2
7500,silt,2,1
7501,silted,2,2
7502,silting,2,2
7503,silvered,2,2
7504,simbel,2,2
7505,simone,2,1
7506,simplifying,2,2
7507,sink,2,2
7508,sinus,2,2
7509,sio2,2,1
7510,sisters,2,2
7511,sixty,2,2
7512,skateboards,2,1
7513,skeletal,2,2
7514,skeleton,2,2
7515,skills,2,2
7516,slanted,2,1
7517,slippage,2,2
7518,sloped,2,2
7519,slot,2,1
7520,slows,2,2
7521,smelt,2,2
7522,smelter,2,2
7523,smelting,2,2
7524,snap,2,1
7525,soaking,2,1
7526,soared,2,2
7527,socioeconomic,2,2
7528,software,2,2
7529,sol,2,1
7530,solenoids,2,2
7531,southwesternmost,2,1
7532,soybeans,2,1
7533,spacer,2,1
7534,spacewalking,2,1
7535,spaghetti,2,1
7536,speaker,2,2
7537,speaking,2,2
7538,specializes,2,2
7539,speeding,2,2
7540,spend,2,2
7541,sperm,2,2
7542,spermatocytes,2,1
7543,spilling,2,2
7544,sport,2,2
7545,sports,2,2
7546,sportswear,2,2
7547,spotted,2,2
7548,spread,2,2
7549,spreads,2,2
7550,squirrel,2,2
7551,squirrels,2,2
7552,src,2,2
7553,stabilize,2,2
7554,stabilized,2,2
7555,stably,2,2
7556,stacks,2,1
7557,stained,2,2
7558,stairs,2,2
7559,stalagmites,2,2
7560,stalk,2,2
7561,stamping,2,2
7562,standardized,2,2
7563,startup,2,2
7564,starve,2,2
7565,stems,2,2
7566,steph,2,1
7567,steppe,2,1
7568,stereoisomers,2,2
7569,sterile,2,1
7570,stokes,2,1
7571,stomata,2,1
7572,stomatal,2,2
7573,stood,2,2
7574,stormer,2,1
7575,strawberries,2,2
7576,streetlight,2,2
7577,streetlights,2,2
7578,strike,2,2
7579,striking,2,2
7580,strokes,2,1
7581,stronger,2,2
7582,strontium,2,1
7583,style,2,2
7584,subjects,2,2
7585,substitutions,2,2
7586,subsystems,2,1
7587,subtending,2,2
7588,subtilis,2,1
7589,subtraction,2,2
7590,sudden,2,2
7591,suffered,2,2
7592,suffering,2,2
7593,suit,2,2
7594,suitcase,2,1
7595,sulfite,2,1
7596,sulfoxide,2,2
7597,sunflowers,2,1
7598,sunshade,2,1
7599,sunspot,2,1
7600,suppression,2,2
7601,surveyed,2,2
7602,survive,2,2
7603,sustained,2,2
7604,swap,2,2
7605,swapped,2,1
7606,symbiotic,2,1
7607,syncronous,2,2
7608,synthesize,2,1
7609,synthesizes,2,2
7610,syringe,2,2
7611,tablets,2,2
7612,tabular,2,1
7613,tabulated,2,2
7614,taihang,2,2
7615,taitung,2,2
7616,tanks,2,2
7617,tapes,2,1
7618,targets,2,2
7619,task,2,2
7620,taste,2,2
7621,tax,2,1
7622,taxes,2,2
7623,taylor,2,1
7624,tea,2,2
7625,tectonic,2,1
7626,tectonics,2,2
7627,tem,2,2
7628,temporary,2,2
7629,termite,2,2
7630,thaliana,2,2
7631,theme,2,2
7632,thicknesses,2,2
7633,think,2,2
7634,thirty,2,2
7635,thomas,2,2
7636,thorax,2,2
7637,thrusters,2,1
7638,tianjin,2,2
7639,tighten,2,1
7640,tightrope,2,1
7641,tikzpicture,2,1
7642,tiling,2,1
7643,tire,2,1
7644,tissues,2,2
7645,tomatoes,2,2
7646,too,2,2
7647,toppings,2,2
7648,toss,2,2
7649,totipotent,2,2
7650,tournament,2,2
7651,tracked,2,2
7652,trained,2,2
7653,trainees,2,1
7654,trainer,2,1
7655,tranquil,2,2
7656,transconductances,2,2
7657,transitioned,2,2
7658,transitions,2,2
7659,transmit,2,2
7660,transmittance,2,1
7661,transmitting,2,2
7662,transparencies,2,1
7663,transports,2,2
7664,trapeziums,2,2
7665,trefoil,2,1
7666,trials,2,2
7667,triangulated,2,1
7668,tries,2,2
7669,triomino,2,1
7670,trioxide,2,2
7671,trisect,2,2
7672,trolleybuses,2,2
7673,tromino,2,1
7674,trominos,2,1
7675,troops,2,1
7676,trucks,2,2
7677,tsui,2,1
7678,tualang,2,2
7679,tulip,2,2
7680,tunable,2,1
7681,turbulent,2,2
7682,turtle,2,1
7683,tuv,2,2
7684,tuvr,2,1
7685,twin,2,2
7686,twyz,2,2
7687,ultimately,2,2
7688,umbrella,2,2
7689,umbrellas,2,2
7690,uncoloured,2,1
7691,understanding,2,2
7692,undissolved,2,2
7693,unfolding,2,2
7694,unicycle,2,1
7695,unless,2,2
7696,unlimited,2,2
7697,unmanned,2,2
7698,unpainted,2,1
7699,unpowered,2,2
7700,unprecedented,2,2
7701,unrelated,2,2
7702,unsaturated,2,2
7703,unshorted,2,2
7704,unsymmetrical,2,2
7705,unusually,2,2
7706,uppermost,2,2
7707,uptake,2,2
7708,uracil,2,2
7709,urey,2,2
7710,urumqi,2,2
7711,usage,2,2
7712,usher,2,2
7713,ushuaia,2,2
7714,utilized,2,2
7715,valleys,2,2
7716,vanilla,2,2
7717,vaporization,2,2
7718,var,2,2
7719,variant,2,2
7720,veins,2,2
7721,venezuela,2,1
7722,verge,2,2
7723,version,2,2
7724,vietnam,2,2
7725,vietnamese,2,2
7726,violated,2,2
7727,violet,2,1
7728,visualized,2,2
7729,vowel,2,2
7730,voyage,2,2
7731,vt2,2,2
7732,wafers,2,2
7733,wait,2,2
7734,walkways,2,1
7735,walled,2,2
7736,wanda,2,1
7737,wands,2,1
7738,wangjiazhai,2,2
7739,wanzhou,2,2
7740,waterbird,2,1
7741,waterlogging,2,1
7742,watt,2,2
7743,weaken,2,2
7744,weaker,2,2
7745,weakest,2,2
7746,wears,2,2
7747,weasels,2,1
7748,weathered,2,2
7749,weathertong,2,2
7750,wedges,2,1
7751,weekly,2,2
7752,weightlessness,2,1
7753,welcomed,2,2
7754,westward,2,1
7755,wharf,2,2
7756,whenever,2,2
7757,whichever,2,2
7758,whistle,2,1
7759,whistles,2,1
7760,wholesale,2,2
7761,whom,2,2
7762,winged,2,1
7763,wingless,2,2
7764,winner,2,2
7765,wiring,2,1
7766,wisconsin,2,1
7767,wished,2,2
7768,wolves,2,2
7769,words,2,2
7770,worked,2,2
7771,workflow,2,2
7772,worm,2,2
7773,xiaofang,2,1
7774,yanshan,2,2
7775,yarkand,2,2
7776,yesterday,2,2
7777,younger,2,2
7778,zag,2,2
7779,zaozhuang,2,2
7780,zeeman,2,1
7781,zeros,2,2
7782,zhangjiakou,2,1
7783,zhou,2,2
7784,ziel,2,2
7785,zig,2,2
7786,zigzag,2,2
7787,zigzagging,2,1
7788,zirconium,2,2
7789,zonation,2,2
7790,zpf,2,1
7791,zwx,2,2
7792,zygotic,2,1
7793,zyw,2,1
7794,zyx,2,2
7795,01c,1,1
7796,01s,1,1
7797,03a9,1,1
7798,04kg,1,1
7799,09x,1,1
7800,0cm,1,1
7801,10000t,1,1
7802,1000m,1,1
7803,100km,1,1
7804,100v,1,1
7805,10a,1,1
7806,10cm,1,1
7807,10h,1,1
7808,10l,1,1
7809,10mv,1,1
7810,10n,1,1
7811,10r,1,1
7812,10u,1,1
7813,10w,1,1
7814,11a,1,1
7815,11kv,1,1
7816,11kw,1,1
7817,11r0,1,1
7818,127g,1,1
7819,12cm,1,1
7820,12f,1,1
7821,12l,1,1
7822,12m,1,1
7823,13cm,1,1
7824,13g,1,1
7825,13m,1,1
7826,13th,1,1
7827,140n,1,1
7828,14h,1,1
7829,14h30min,1,1
7830,14n,1,1
7831,14x,1,1
7832,150v,1,1
7833,15cm,1,1
7834,15km,1,1
7835,15min,1,1
7836,15s,1,1
7837,15th,1,1
7838,1600m,1,1
7839,16b,1,1
7840,16n,1,1
7841,16p,1,1
7842,16qam,1,1
7843,16r,1,1
7844,1780s,1,1
7845,180v,1,1
7846,18x,1,1
7847,1ab,1,1
7848,1ao,1,1
7849,1atm,1,1
7850,1cdo,1,1
7851,1ma,1,1
7852,2000m,1,1
7853,2000t,1,1
7854,200k,1,1
7855,200mm,1,1
7856,2011th,1,1
7857,2012th,1,1
7858,2019a,1,1
7859,2019b,1,1
7860,2019c,1,1
7861,2019d,1,1
7862,2022nd,1,1
7863,2023rd,1,1
7864,20b,1,1
7865,20c,1,1
7866,20l,1,1
7867,20min,1,1
7868,20mm,1,1
7869,20n,1,1
7870,20t,1,1
7871,2200v,1,1
7872,220sin,1,1
7873,22nd,1,1
7874,24h,1,1
7875,24v,1,1
7876,250k,1,1
7877,250n,1,1
7878,25cm,1,1
7879,25mv,1,1
7880,25r,1,1
7881,25th,1,1
7882,273k,1,1
7883,27th,1,1
7884,280k,1,1
7885,28th,1,1
7886,298k,1,1
7887,2aa,1,1
7888,2ac,1,1
7889,2ao,1,1
7890,2cf,1,1
7891,2cn,1,1
7892,2co2,1,1
7893,2cq,1,1
7894,2db,1,1
7895,2dc,1,1
7896,2ec,1,1
7897,2ed,1,1
7898,2em,1,1
7899,2eo,1,1
7900,2fe,1,1
7901,2hd,1,1
7902,2hno,1,1
7903,2kl,1,1
7904,2lm,1,1
7905,2mc,1,1
7906,2mn,1,1
7907,2ms,1,1
7908,2mx,1,1
7909,2na,1,1
7910,2nacl,1,1
7911,2nc,1,1
7912,2nch,1,1
7913,2nh,1,1
7914,2nh3,1,1
7915,2no2,1,1
7916,2nt,1,1
7917,2o2,1,1
7918,2of,1,1
7919,2pq,1,1
7920,2qd,1,1
7921,2xy,1,1
7922,300m,1,1
7923,3099m,1,1
7924,30h,1,1
7925,30kv,1,1
7926,30min,1,1
7927,30v,1,1
7928,311sin,1,1
7929,311sin100,1,1
7930,32mg,1,1
7931,342mm,1,1
7932,3500m,1,1
7933,36j,1,1
7934,36k,1,1
7935,3776m,1,1
7936,37th,1,1
7937,3ac,1,1
7938,3bc,1,1
7939,3cd,1,1
7940,3ce,1,1
7941,3cf,1,1
7942,3cm,1,1
7943,3coh,1,1
7944,3db,1,1
7945,3df,1,1
7946,3dg8,1,1
7947,3dn,1,1
7948,3ec,1,1
7949,3fc,1,1
7950,3h2o,1,1
7951,3mb,1,1
7952,3mg,1,1
7953,3mn,1,1
7954,3nad,1,1
7955,3nadh,1,1
7956,3no,1,1
7957,3no2,1,1
7958,3oa,1,1
7959,3od,1,1
7960,3om,1,1
7961,400v,1,1
7962,40m,1,1
7963,40min,1,1
7964,40n,1,1
7965,40rad,1,1
7966,40v,1,1
7967,40w,1,1
7968,44w,1,1
7969,452b,1,1
7970,46s,1,1
7971,46th,1,1
7972,4ax,1,1
7973,4hno3,1,1
7974,4kg,1,1
7975,4km,1,1
7976,4ktr,1,1
7977,4mg,1,1
7978,4ms,1,1
7979,4n2,1,1
7980,4no,1,1
7981,4om,1,1
7982,4pb,1,1
7983,4qb,1,1
7984,500g,1,1
7985,500k,1,1
7986,500t,1,1
7987,50hz,1,1
7988,50min,1,1
7989,50s,1,1
7990,52v,1,1
7991,53rd,1,1
7992,54th,1,1
7993,573g,1,1
7994,5atm,1,1
7995,5kg,1,1
7996,5pc,1,1
7997,5r0,1,1
7998,60ev,1,1
7999,60s,1,1
8000,60v,1,1
8001,60w,1,1
8002,628t,1,1
8003,66w,1,1
8004,6bp,1,1
8005,74ls161,1,1
8006,74v,1,1
8007,8000kg,1,1
8008,800k,1,1
8009,800m,1,1
8010,800mm,1,1
8011,8085a,1,1
8012,80n,1,1
8013,80s,1,1
8014,8gl,1,1
8015,8mg,1,1
8016,90s,1,1
8017,93k,1,1
8018,96m,1,1
8019,abandoned,1,1
8020,abbas,1,1
8021,abcdefg,1,1
8022,abcp,1,1
8023,abcq,1,1
8024,abdf,1,1
8025,abdomen,1,1
8026,abec,1,1
8027,abfc,1,1
8028,abg,1,1
8029,abgd,1,1
8030,abh,1,1
8031,abih,1,1
8032,ablate,1,1
8033,abmn,1,1
8034,abnmd,1,1
8035,aboard,1,1
8036,abpc,1,1
8037,abq,1,1
8038,abscissae,1,1
8039,absolutely,1,1
8040,absr,1,1
8041,abutting,1,1
8042,aca,1,1
8043,acbd,1,1
8044,accelerators,1,1
8045,accept,1,1
8046,acceptance,1,1
8047,acceptor,1,1
8048,accessibility,1,1
8049,accessory,1,1
8050,acclaimed,1,1
8051,accomplish,1,1
8052,accomplished,1,1
8053,accumulator,1,1
8054,aced,1,1
8055,acetabularia,1,1
8056,acfg,1,1
8057,acgd,1,1
8058,achi,1,1
8059,achievable,1,1
8060,achromaticity,1,1
8061,acq,1,1
8062,acquire,1,1
8063,acquired,1,1
8064,acquisition,1,1
8065,acth,1,1
8066,adaptability,1,1
8067,adaptation,1,1
8068,adaptations,1,1
8069,adcb,1,1
8070,addresses,1,1
8071,adeg,1,1
8072,adg,1,1
8073,adhg,1,1
8074,adiabatically,1,1
8075,adjustments,1,1
8076,adn,1,1
8077,adoe,1,1
8078,adorned,1,1
8079,adrenocorticotropic,1,1
8080,adriana,1,1
8081,adsorbing,1,1
8082,advances,1,1
8083,advocated,1,1
8084,ady,1,1
8085,aecd,1,1
8086,aedb,1,1
8087,aee,1,1
8088,aegh,1,1
8089,aeh,1,1
8090,aeks,1,1
8091,aem,1,1
8092,aeod,1,1
8093,aeph,1,1
8094,aeration,1,1
8095,aerial,1,1
8096,aeronautics,1,1
8097,aerosols,1,1
8098,aerospace,1,1
8099,afd,1,1
8100,afferent,1,1
8101,affiliated,1,1
8102,afh,1,1
8103,afr,1,1
8104,african,1,1
8105,agch,1,1
8106,agcl,1,1
8107,agfb,1,1
8108,aggravate,1,1
8109,aggravation,1,1
8110,aggregation,1,1
8111,aghi,1,1
8112,agi,1,1
8113,agq,1,1
8114,agro,1,1
8115,ahc,1,1
8116,ahf,1,1
8117,ahg,1,1
8118,aib,1,1
8119,aic,1,1
8120,aid,1,1
8121,aiming,1,1
8122,aims,1,1
8123,airborne,1,1
8124,airports,1,1
8125,ajabchchija,1,1
8126,aje,1,1
8127,ajicb,1,1
8128,akash,1,1
8129,akb,1,1
8130,akin,1,1
8131,aladdin,1,1
8132,alarm,1,1
8133,algael,1,1
8134,algebra,1,1
8135,alicia,1,1
8136,alignment,1,1
8137,alive,1,1
8138,alkaline,1,1
8139,alligator,1,1
8140,aloft,1,1
8141,alongside,1,1
8142,alpha,1,1
8143,alphabet,1,1
8144,alphabetic,1,1
8145,alps,1,1
8146,alternatively,1,1
8147,altimeter,1,1
8148,alumnus,1,1
8149,ambiguously,1,1
8150,amc8,1,1
8151,amd,1,1
8152,amde,1,1
8153,amery,1,1
8154,aminotransferase,1,1
8155,amongst,1,1
8156,amphibious,1,1
8157,amplifiers,1,1
8158,ampn,1,1
8159,amy,1,1
8160,anaerobic,1,1
8161,analogy,1,1
8162,analyzes,1,1
8163,anaphase,1,1
8164,anastasia,1,1
8165,anchor,1,1
8166,anchored,1,1
8167,ancients,1,1
8168,andrea,1,1
8169,andy,1,1
8170,angeles,1,1
8171,aniline,1,1
8172,animolympiad,1,1
8173,anion,1,1
8174,anita,1,1
8175,ankle,1,1
8176,anmd,1,1
8177,anne,1,1
8178,annotated,1,1
8179,annotating,1,1
8180,announced,1,1
8181,annular,1,1
8182,anomalous,1,1
8183,ansatz,1,1
8184,antennas,1,1
8185,anterior,1,1
8186,anther,1,1
8187,antimicrobial,1,1
8188,aoa,1,1
8189,aobcpd,1,1
8190,aobp,1,1
8191,aoi,1,1
8192,aon,1,1
8193,aorta,1,1
8194,apartment,1,1
8195,apcd,1,1
8196,apg,1,1
8197,apice,1,1
8198,apn,1,1
8199,appendix,1,1
8200,apples,1,1
8201,applicable,1,1
8202,appreciated,1,1
8203,appropriately,1,1
8204,approve,1,1
8205,approximates,1,1
8206,approximating,1,1
8207,approximations,1,1
8208,apqm,1,1
8209,apqrs,1,1
8210,aqb,1,1
8211,aqc,1,1
8212,aqcp,1,1
8213,aquaporin,1,1
8214,arable,1,1
8215,arachnids,1,1
8216,arcade,1,1
8217,archaeological,1,1
8218,archery,1,1
8219,argument,1,1
8220,armrest,1,1
8221,armrests,1,1
8222,arno,1,1
8223,arose,1,1
8224,aroused,1,1
8225,arriving,1,1
8226,articles,1,1
8227,artificially,1,1
8228,artistic,1,1
8229,arts,1,1
8230,ashy,1,1
8231,asking,1,1
8232,aspen,1,1
8233,assemble,1,1
8234,assembles,1,1
8235,assembling,1,1
8236,assess,1,1
8237,assumes,1,1
8238,asterisk,1,1
8239,asteroid,1,1
8240,asters,1,1
8241,aswan,1,1
8242,asymmetric,1,1
8243,asynchronous,1,1
8244,ate,1,1
8245,atown,1,1
8246,atrophy,1,1
8247,attach,1,1
8248,attachment,1,1
8249,attack,1,1
8250,attended,1,1
8251,attenuation,1,1
8252,attenuator,1,1
8253,attitude,1,1
8254,attributed,1,1
8255,authorities,1,1
8256,autumnal,1,1
8257,averages,1,1
8258,averaging,1,1
8259,averculus,1,1
8260,avogadro,1,1
8261,avoids,1,1
8262,awarding,1,1
8263,awards,1,1
8264,aware,1,1
8265,axles,1,1
8266,axon,1,1
8267,axonal,1,1
8268,axyz,1,1
8269,ayrshire,1,1
8270,azaleas,1,1
8271,azc,1,1
8272,azra,1,1
8273,b8s,1,1
8274,bacb,1,1
8275,bacl,1,1
8276,bacteriophage,1,1
8277,bacterium,1,1
8278,baffles,1,1
8279,bait,1,1
8280,bak,1,1
8281,balcony,1,1
8282,bald,1,1
8283,bamh,1,1
8284,bamhi,1,1
8285,bananas,1,1
8286,bandar,1,1
8287,bandgap,1,1
8288,bandpass,1,1
8289,bang,1,1
8290,baosteel,1,1
8291,baotai,1,1
8292,barb,1,1
8293,barbs,1,1
8294,baris,1,1
8295,barn,1,1
8296,barney,1,1
8297,baroreceptors,1,1
8298,barry,1,1
8299,bask,1,1
8300,bath,1,1
8301,baton,1,1
8302,battle,1,1
8303,battleships,1,1
8304,bax,1,1
8305,bayonets,1,1
8306,bcb,1,1
8307,bcgf,1,1
8308,bche,1,1
8309,bchi,1,1
8310,bcm,1,1
8311,bcme,1,1
8312,bcn,1,1
8313,bcos,1,1
8314,bdce,1,1
8315,bdef,1,1
8316,bdeo,1,1
8317,bdfe,1,1
8318,bdm,1,1
8319,bdo,1,1
8320,bdoe,1,1
8321,bea,1,1
8322,bean,1,1
8323,beattie,1,1
8324,beautification,1,1
8325,beaver,1,1
8326,becf,1,1
8327,beech,1,1
8328,beef,1,1
8329,beginners,1,1
8330,begonias,1,1
8331,begun,1,1
8332,beh,1,1
8333,behaves,1,1
8334,beih,1,1
8335,beings,1,1
8336,believes,1,1
8337,bella,1,1
8338,beloit,1,1
8339,belonging,1,1
8340,benefited,1,1
8341,bengal,1,1
8342,benjamin,1,1
8343,benzene,1,1
8344,benzoic,1,1
8345,beof,1,1
8346,bernoulli,1,1
8347,betown,1,1
8348,betsy,1,1
8349,betty,1,1
8350,bfg,1,1
8351,bfge,1,1
8352,bfpe,1,1
8353,bhd,1,1
8354,bia,1,1
8355,biases,1,1
8356,bicolor,1,1
8357,bid,1,1
8358,bidirectional,1,1
8359,bijk,1,1
8360,biked,1,1
8361,bikers,1,1
8362,billiards,1,1
8363,billowing,1,1
8364,biodiversity,1,1
8365,biofilter,1,1
8366,biologist,1,1
8367,bioremediation,1,1
8368,bisexual,1,1
8369,bistable,1,1
8370,bites,1,1
8371,bjf,1,1
8372,blackboard,1,1
8373,blackbodies,1,1
8374,blade,1,1
8375,blanks,1,1
8376,blc,1,1
8377,blob,1,1
8378,blobs,1,1
8379,blockage,1,1
8380,bloodstream,1,1
8381,blooming,1,1
8382,blooms,1,1
8383,blows,1,1
8384,bluejays,1,1
8385,blurred,1,1
8386,bmd,1,1
8387,bmt,1,1
8388,bodily,1,1
8389,bohr,1,1
8390,boil,1,1
8391,bologna,1,1
8392,bolted,1,1
8393,bolts,1,1
8394,bomb,1,1
8395,bones,1,1
8396,bony,1,1
8397,boosters,1,1
8398,boq,1,1
8399,born,1,1
8400,borne,1,1
8401,botanical,1,1
8402,bottlenose,1,1
8403,bottomed,1,1
8404,bottomless,1,1
8405,bottommost,1,1
8406,bought,1,1
8407,bowlike,1,1
8408,bows,1,1
8409,boys,1,1
8410,bpa,1,1
8411,bpq,1,1
8412,branched,1,1
8413,branching,1,1
8414,brave,1,1
8415,bravely,1,1
8416,breakers,1,1
8417,brewing,1,1
8418,bridget,1,1
8419,bridging,1,1
8420,briefly,1,1
8421,brightly,1,1
8422,britain,1,1
8423,broadening,1,1
8424,brocade,1,1
8425,bronchioles,1,1
8426,brothers,1,1
8427,brushed,1,1
8428,brushing,1,1
8429,brushstrokes,1,1
8430,bsc,1,1
8431,buffalo,1,1
8432,buffered,1,1
8433,builder,1,1
8434,bulletin,1,1
8435,bungee,1,1
8436,bunnies,1,1
8437,bunny,1,1
8438,buoys,1,1
8439,buried,1,1
8440,burnout,1,1
8441,burns,1,1
8442,burst,1,1
8443,bursts,1,1
8444,bury,1,1
8445,businesses,1,1
8446,buttoned,1,1
8447,buy,1,1
8448,bwl,1,1
8449,byline,1,1
8450,bza,1,1
8451,c4h10,1,1
8452,c5h12,1,1
8453,c6h5cl,1,1
8454,c6h5cooh,1,1
8455,c6h5nh2,1,1
8456,c6h5no2,1,1
8457,ca6140,1,1
8458,caco3,1,1
8459,cafg,1,1
8460,cai,1,1
8461,calculable,1,1
8462,calculating,1,1
8463,calf,1,1
8464,calibrated,1,1
8465,calibration,1,1
8466,calligraphy,1,1
8467,calls,1,1
8468,calyx,1,1
8469,cam,1,1
8470,camel,1,1
8471,campbell,1,1
8472,camped,1,1
8473,candidate,1,1
8474,cang,1,1
8475,cannas,1,1
8476,canyon,1,1
8477,capability,1,1
8478,capacitation,1,1
8479,capacities,1,1
8480,caps,1,1
8481,capturing,1,1
8482,caravan,1,1
8483,carbohydrate,1,1
8484,carbohydrates,1,1
8485,cardiovascular,1,1
8486,caribou,1,1
8487,carlin,1,1
8488,carolina,1,1
8489,carotenoids,1,1
8490,carp,1,1
8491,carpel,1,1
8492,carriages,1,1
8493,cassette,1,1
8494,casting,1,1
8495,casts,1,1
8496,catalase,1,1
8497,catalytic,1,1
8498,catalyzing,1,1
8499,catapults,1,1
8500,cathedrals,1,1
8501,cathie,1,1
8502,cats,1,1
8503,cattle,1,1
8504,cava,1,1
8505,cbg,1,1
8506,cbo,1,1
8507,ccp,1,1
8508,cd4060,1,1
8509,cd555,1,1
8510,cdab,1,1
8511,cdbp,1,1
8512,cdc,1,1
8513,cdco,1,1
8514,cdgb,1,1
8515,cdnm,1,1
8516,cdpq,1,1
8517,cea,1,1
8518,ceases,1,1
8519,cedf,1,1
8520,cefh,1,1
8521,celebratory,1,1
8522,centremost,1,1
8523,centrifugation,1,1
8524,centromere,1,1
8525,centrosome,1,1
8526,ceo,1,1
8527,ceremony,1,1
8528,cetown,1,1
8529,cfh,1,1
8530,cgd,1,1
8531,cgp,1,1
8532,cgpf,1,1
8533,ch2,1,1
8534,ch2oh,1,1
8535,ch3ch2ch2cho,1,1
8536,ch3ch2ch2oh,1,1
8537,ch3co,1,1
8538,chairman,1,1
8539,changzhen,1,1
8540,changzheng,1,1
8541,chantal,1,1
8542,charles,1,1
8543,charm,1,1
8544,chase,1,1
8545,cheaply,1,1
8546,checked,1,1
8547,chelicerates,1,1
8548,chemicals,1,1
8549,chenggong,1,1
8550,chenille,1,1
8551,cherry,1,1
8552,chest,1,1
8553,chile,1,1
8554,chipmunk,1,1
8555,chipmunks,1,1
8556,chiral,1,1
8557,chive,1,1
8558,chlorobenzene,1,1
8559,chlorophylls,1,1
8560,choh,1,1
8561,cholera,1,1
8562,cholerae,1,1
8563,cholesterol,1,1
8564,chongming,1,1
8565,christina,1,1
8566,chromatids,1,1
8567,chronically,1,1
8568,chrysalis,1,1
8569,chuan,1,1
8570,chuck,1,1
8571,chungus,1,1
8572,church,1,1
8573,chutes,1,1
8574,cicada,1,1
8575,cichlids,1,1
8576,circuitry,1,1
8577,circularly,1,1
8578,circulate,1,1
8579,circulating,1,1
8580,circumbinary,1,1
8581,circumcentre,1,1
8582,citizen,1,1
8583,citizens,1,1
8584,citrus,1,1
8585,cjg,1,1
8586,clad,1,1
8587,cladding,1,1
8588,cladophora,1,1
8589,claimed,1,1
8590,clam,1,1
8591,clamp,1,1
8592,clamping,1,1
8593,clams,1,1
8594,clara,1,1
8595,classic,1,1
8596,classify,1,1
8597,classrooms,1,1
8598,claudette,1,1
8599,clay,1,1
8600,clayey,1,1
8601,cleaned,1,1
8602,clearance,1,1
8603,cleft,1,1
8604,cleuza,1,1
8605,clever,1,1
8606,clf,1,1
8607,climbed,1,1
8608,climber,1,1
8609,clinging,1,1
8610,clk2,1,1
8611,clone,1,1
8612,cloning,1,1
8613,clotting,1,1
8614,cloudy,1,1
8615,clubs,1,1
8616,cmd,1,1
8617,cmjkn,1,1
8618,cms,1,1
8619,cntv,1,1
8620,coastline,1,1
8621,coaxially,1,1
8622,cobweb,1,1
8623,cocked,1,1
8624,coconut,1,1
8625,coiled,1,1
8626,colby,1,1
8627,collapsed,1,1
8628,collect,1,1
8629,colonize,1,1
8630,colony,1,1
8631,coloration,1,1
8632,colossal,1,1
8633,colourings,1,1
8634,columnar,1,1
8635,combat,1,1
8636,comfort,1,1
8637,command,1,1
8638,commence,1,1
8639,commissions,1,1
8640,committed,1,1
8641,compact,1,1
8642,companding,1,1
8643,compensate,1,1
8644,competitor,1,1
8645,complement,1,1
8646,complements,1,1
8647,compliance,1,1
8648,compose,1,1
8649,composing,1,1
8650,comprised,1,1
8651,computing,1,1
8652,con,1,1
8653,concavo,1,1
8654,concern,1,1
8655,concerning,1,1
8656,conclude,1,1
8657,concluding,1,1
8658,condensers,1,1
8659,conducive,1,1
8660,condyle,1,1
8661,cones,1,1
8662,confirm,1,1
8663,conformational,1,1
8664,conforming,1,1
8665,confucius,1,1
8666,conidia,1,1
8667,conifers,1,1
8668,conjugate,1,1
8669,conoesucidae,1,1
8670,consanguineous,1,1
8671,consequence,1,1
8672,consequences,1,1
8673,consequently,1,1
8674,conserves,1,1
8675,considerable,1,1
8676,considerably,1,1
8677,considerations,1,1
8678,constitute,1,1
8679,constructs,1,1
8680,consulted,1,1
8681,consuming,1,1
8682,containment,1,1
8683,contaminated,1,1
8684,contamination,1,1
8685,context,1,1
8686,continuity,1,1
8687,continuum,1,1
8688,contours,1,1
8689,contradiction,1,1
8690,contrast,1,1
8691,contributions,1,1
8692,controllability,1,1
8693,convective,1,1
8694,converges,1,1
8695,conversely,1,1
8696,conveyed,1,1
8697,convolution,1,1
8698,convolutional,1,1
8699,coolant,1,1
8700,cooperative,1,1
8701,coordinated,1,1
8702,cope,1,1
8703,corms,1,1
8704,cornwall,1,1
8705,coronavirus,1,1
8706,corps,1,1
8707,correlations,1,1
8708,correlator,1,1
8709,corroded,1,1
8710,corrosion,1,1
8711,cos,1,1
8712,cosb,1,1
8713,cosmonaut,1,1
8714,counterattack,1,1
8715,countermeasure,1,1
8716,counterurbanization,1,1
8717,covid,1,1
8718,coyote,1,1
8719,cpa,1,1
8720,cpnq,1,1
8721,crab,1,1
8722,crafts,1,1
8723,cranked,1,1
8724,crassa,1,1
8725,craters,1,1
8726,crawling,1,1
8727,creases,1,1
8728,creation,1,1
8729,creative,1,1
8730,creature,1,1
8731,creatures,1,1
8732,crept,1,1
8733,crescent,1,1
8734,crisscross,1,1
8735,crocodiles,1,1
8736,cropland,1,1
8737,cropping,1,1
8738,crossbars,1,1
8739,crossings,1,1
8740,crouching,1,1
8741,crowns,1,1
8742,crucial,1,1
8743,crust,1,1
8744,crystal,1,1
8745,crystals,1,1
8746,cuk,1,1
8747,curious,1,1
8748,curtain,1,1
8749,curve1,1,1
8750,curve2,1,1
8751,cushions,1,1
8752,cuthbert,1,1
8753,cutlery,1,1
8754,cuttlefish,1,1
8755,cw337,1,1
8756,cw7812,1,1
8757,cybotes,1,1
8758,cycads,1,1
8759,cyclically,1,1
8760,cycling,1,1
8761,cysteine,1,1
8762,cytokinin,1,1
8763,cytoskeleton,1,1
8764,czr,1,1
8765,d4h,1,1
8766,d7h,1,1
8767,daba,1,1
8768,dacheng,1,1
8769,dah,1,1
8770,dahlias,1,1
8771,damage,1,1
8772,dampness,1,1
8773,dancing,1,1
8774,daniela,1,1
8775,dap,1,1
8776,daphne,1,1
8777,dar,1,1
8778,dbcm,1,1
8779,dbfe,1,1
8780,dc0,1,1
8781,dcfe,1,1
8782,dcji,1,1
8783,dco,1,1
8784,dead,1,1
8785,debf,1,1
8786,decaying,1,1
8787,decays,1,1
8788,declining,1,1
8789,decolorization,1,1
8790,decorate,1,1
8791,decoration,1,1
8792,deduce,1,1
8793,deduced,1,1
8794,deers,1,1
8795,defa,1,1
8796,defc,1,1
8797,defeating,1,1
8798,deficiency,1,1
8799,deficient,1,1
8800,deforestation,1,1
8801,degenerate,1,1
8802,degenerately,1,1
8803,degf,1,1
8804,degh,1,1
8805,deh,1,1
8806,dehydration,1,1
8807,deletes,1,1
8808,deletion,1,1
8809,deliveryman,1,1
8810,demands,1,1
8811,democratic,1,1
8812,demultiplexer,1,1
8813,demux,1,1
8814,dendritic,1,1
8815,densely,1,1
8816,denser,1,1
8817,dental,1,1
8818,departed,1,1
8819,departure,1,1
8820,depicting,1,1
8821,deplete,1,1
8822,deposit,1,1
8823,depositional,1,1
8824,depressing,1,1
8825,depressions,1,1
8826,depths,1,1
8827,derivation,1,1
8828,derivatives,1,1
8829,derives,1,1
8830,descended,1,1
8831,descriptions,1,1
8832,desertified,1,1
8833,desire,1,1
8834,desktop,1,1
8835,destructive,1,1
8836,detach,1,1
8837,detached,1,1
8838,detectors,1,1
8839,determines,1,1
8840,detritus,1,1
8841,developers,1,1
8842,deviate,1,1
8843,deviations,1,1
8844,devoid,1,1
8845,dexamethasone,1,1
8846,dfm,1,1
8847,dge,1,1
8848,dgme,1,1
8849,dhg,1,1
8850,dhpg,1,1
8851,di0,1,1
8852,di7,1,1
8853,diatomic,1,1
8854,diatoms,1,1
8855,dicebar,1,1
8856,differentiates,1,1
8857,diffuses,1,1
8858,digested,1,1
8859,digestive,1,1
8860,dimensionless,1,1
8861,dimer,1,1
8862,dimethylpropane,1,1
8863,diminished,1,1
8864,dimmer,1,1
8865,dimming,1,1
8866,dinitrogen,1,1
8867,dinner,1,1
8868,dipoles,1,1
8869,dipped,1,1
8870,directionally,1,1
8871,dirty,1,1
8872,disappear,1,1
8873,discarded,1,1
8874,discharging,1,1
8875,disconnect,1,1
8876,discovers,1,1
8877,discreteness,1,1
8878,discussed,1,1
8879,dispatch,1,1
8880,dispenser,1,1
8881,dispersion,1,1
8882,dissect,1,1
8883,dissected,1,1
8884,dissecting,1,1
8885,dissects,1,1
8886,distillate,1,1
8887,distillation,1,1
8888,distinguished,1,1
8889,distinguishing,1,1
8890,distressed,1,1
8891,diver,1,1
8892,divers,1,1
8893,divert,1,1
8894,divisions,1,1
8895,divisor,1,1
8896,divisors,1,1
8897,djh,1,1
8898,dmbn,1,1
8899,dnas,1,1
8900,doa,1,1
8901,docked,1,1
8902,doctor,1,1
8903,dof,1,1
8904,dogwood,1,1
8905,dolphins,1,1
8906,dominance,1,1
8907,donghai,1,1
8908,dongxing,1,1
8909,dongying,1,1
8910,donors,1,1
8911,dopant,1,1
8912,dormant,1,1
8913,doubles,1,1
8914,douglas,1,1
8915,downs,1,1
8916,dozens,1,1
8917,dpb,1,1
8918,dpe,1,1
8919,dpqb,1,1
8920,dragged,1,1
8921,dribbles,1,1
8922,driest,1,1
8923,drifted,1,1
8924,drill,1,1
8925,drinking,1,1
8926,dripped,1,1
8927,dripping,1,1
8928,drips,1,1
8929,drones,1,1
8930,dropping,1,1
8931,drosomycin,1,1
8932,drummers,1,1
8933,drumming,1,1
8934,dumas,1,1
8935,duodenum,1,1
8936,durban,1,1
8937,dvd,1,1
8938,dyes,1,1
8939,e2f,1,1
8940,eagles,1,1
8941,eao,1,1
8942,ear,1,1
8943,eared,1,1
8944,earn,1,1
8945,earns,1,1
8946,ears,1,1
8947,earthen,1,1
8948,ease,1,1
8949,eased,1,1
8950,easier,1,1
8951,easter,1,1
8952,eaters,1,1
8953,ebp,1,1
8954,eca,1,1
8955,eco,1,1
8956,economical,1,1
8957,ecotone,1,1
8958,edfg,1,1
8959,editing,1,1
8960,efa,1,1
8961,efdc,1,1
8962,effectors,1,1
8963,efficiently,1,1
8964,efgb,1,1
8965,efgd,1,1
8966,efgp,1,1
8967,efhg,1,1
8968,efo,1,1
8969,efog,1,1
8970,egb,1,1
8971,egf,1,1
8972,egfh,1,1
8973,eggplant,1,1
8974,eggshells,1,1
8975,egn,1,1
8976,ego,1,1
8977,egypt,1,1
8978,einstein,1,1
8979,ejci,1,1
8980,elapses,1,1
8981,eldest,1,1
8982,electrophilic,1,1
8983,electrophoretic,1,1
8984,electroscope,1,1
8985,electrostatics,1,1
8986,elegant,1,1
8987,elena,1,1
8988,elevated,1,1
8989,eleventh,1,1
8990,eliminated,1,1
8991,elimination,1,1
8992,elisa,1,1
8993,elk,1,1
8994,elks,1,1
8995,ellen,1,1
8996,ellie,1,1
8997,elliott,1,1
8998,ellipse,1,1
8999,ellis,1,1
9000,elsa,1,1
9001,ema,1,1
9002,embeds,1,1
9003,embodied,1,1
9004,embracing,1,1
9005,embryogenesis,1,1
9006,emerald,1,1
9007,emergent,1,1
9008,emf,1,1
9009,emfp,1,1
9010,emirates,1,1
9011,emperor,1,1
9012,empf,1,1
9013,emphatically,1,1
9014,emporium,1,1
9015,emu,1,1
9016,enabling,1,1
9017,enantiomer,1,1
9018,enc,1,1
9019,encirclements,1,1
9020,encode,1,1
9021,encodes,1,1
9022,endangers,1,1
9023,ended,1,1
9024,endocrinologists,1,1
9025,endonuclease,1,1
9026,endosymbiotic,1,1
9027,endothermic,1,1
9028,endotherms,1,1
9029,endow,1,1
9030,energizes,1,1
9031,enfm,1,1
9032,engineered,1,1
9033,enhanced,1,1
9034,enhancing,1,1
9035,enlightenment,1,1
9036,enol,1,1
9037,enolization,1,1
9038,ensured,1,1
9039,enthronement,1,1
9040,entirety,1,1
9041,entities,1,1
9042,entity,1,1
9043,entrances,1,1
9044,entrepreneur,1,1
9045,environmentally,1,1
9046,envisioned,1,1
9047,enyzyme,1,1
9048,eoa,1,1
9049,eofd,1,1
9050,epd,1,1
9051,epf,1,1
9052,epicenter,1,1
9053,epidemic,1,1
9054,epinephrine,1,1
9055,equalities,1,1
9056,equiangular,1,1
9057,equilaterial,1,1
9058,equivalently,1,1
9059,erasure,1,1
9060,erie,1,1
9061,eruptions,1,1
9062,escaped,1,1
9063,escarpment,1,1
9064,essential,1,1
9065,essentially,1,1
9066,establishment,1,1
9067,estimates,1,1
9068,estimating,1,1
9069,estrogen,1,1
9070,eukaryotes,1,1
9071,eum,1,1
9072,euro,1,1
9073,europa,1,1
9074,evacuating,1,1
9075,evaporated,1,1
9076,evergreen,1,1
9077,everyday,1,1
9078,evita,1,1
9079,evolves,1,1
9080,evolving,1,1
9081,examination,1,1
9082,excavating,1,1
9083,exception,1,1
9084,excitatory,1,1
9085,excite,1,1
9086,exclusion,1,1
9087,exclusive,1,1
9088,exclusively,1,1
9089,execution,1,1
9090,exemption,1,1
9091,exercised,1,1
9092,exergonic,1,1
9093,exhibit,1,1
9094,exon,1,1
9095,exothermic,1,1
9096,expanding,1,1
9097,expands,1,1
9098,expecting,1,1
9099,expeditions,1,1
9100,expel,1,1
9101,experimentally,1,1
9102,explaining,1,1
9103,explicit,1,1
9104,exponent,1,1
9105,exported,1,1
9106,exports,1,1
9107,expressing,1,1
9108,ext,1,1
9109,exterminated,1,1
9110,extinction,1,1
9111,extinguished,1,1
9112,extracellularly,1,1
9113,extremities,1,1
9114,eyelet,1,1
9115,fabrics,1,1
9116,fabry,1,1
9117,fac,1,1
9118,facet,1,1
9119,facilitate,1,1
9120,fae,1,1
9121,failed,1,1
9122,fainting,1,1
9123,fairy,1,1
9124,fans,1,1
9125,fantasy,1,1
9126,farad,1,1
9127,farads,1,1
9128,farthing,1,1
9129,fatal,1,1
9130,fatalities,1,1
9131,fatty,1,1
9132,faulted,1,1
9133,fbc,1,1
9134,fbcg,1,1
9135,fbd,1,1
9136,fcd,1,1
9137,fcde,1,1
9138,fce,1,1
9139,fctu,1,1
9140,fda,1,1
9141,fdc,1,1
9142,fdce,1,1
9143,feasts,1,1
9144,feathers,1,1
9145,featuring,1,1
9146,feeder,1,1
9147,feeders,1,1
9148,fees,1,1
9149,feh,1,1
9150,felix,1,1
9151,fell,1,1
9152,fenghuang,1,1
9153,fenhe,1,1
9154,fermi,1,1
9155,fertile,1,1
9156,fertilization,1,1
9157,fertilizes,1,1
9158,fetlock,1,1
9159,fewest,1,1
9160,fghj,1,1
9161,fgjk,1,1
9162,fhb,1,1
9163,fifa,1,1
9164,fifteen,1,1
9165,fifty,1,1
9166,fighter,1,1
9167,figs,1,1
9168,figuref,1,1
9169,filtered,1,1
9170,finch,1,1
9171,finding,1,1
9172,finishing,1,1
9173,finland,1,1
9174,firmly,1,1
9175,firmness,1,1
9176,firstly,1,1
9177,fisher,1,1
9178,fixation,1,1
9179,fjh,1,1
9180,flanks,1,1
9181,flaps,1,1
9182,flashes,1,1
9183,flashing,1,1
9184,flatbed,1,1
9185,flatness,1,1
9186,flattened,1,1
9187,flattening,1,1
9188,flattest,1,1
9189,fleet,1,1
9190,flew,1,1
9191,flexibly,1,1
9192,flicking,1,1
9193,float,1,1
9194,floors,1,1
9195,fluctuates,1,1
9196,fluoresces,1,1
9197,flutter,1,1
9198,fluxes,1,1
9199,fmn,1,1
9200,fmo,1,1
9201,foc,1,1
9202,foldable,1,1
9203,folk,1,1
9204,follower,1,1
9205,footage,1,1
9206,footpoints,1,1
9207,footprints,1,1
9208,forearm,1,1
9209,forks,1,1
9210,formic,1,1
9211,formulation,1,1
9212,fossil,1,1
9213,fossils,1,1
9214,founded,1,1
9215,fourteen,1,1
9216,fourteenth,1,1
9217,fowls,1,1
9218,foxes,1,1
9219,fpd,1,1
9220,fqhe,1,1
9221,fragmental,1,1
9222,francisco,1,1
9223,frank,1,1
9224,freeze,1,1
9225,freshly,1,1
9226,freshmen,1,1
9227,frictions,1,1
9228,friendly,1,1
9229,fringing,1,1
9230,froglet,1,1
9231,fry,1,1
9232,fulfill,1,1
9233,fumigation,1,1
9234,fun,1,1
9235,functionality,1,1
9236,functionally,1,1
9237,fundamentally,1,1
9238,funded,1,1
9239,funnels,1,1
9240,furniture,1,1
9241,fursilla,1,1
9242,furthest,1,1
9243,fused,1,1
9244,fusing,1,1
9245,futsal,1,1
9246,fuzhou,1,1
9247,gae,1,1
9248,galapagos,1,1
9249,galileo,1,1
9250,gall,1,1
9251,gallons,1,1
9252,gameboard,1,1
9253,gar,1,1
9254,gardner,1,1
9255,garter,1,1
9256,gasoline,1,1
9257,gaspar,1,1
9258,gastrointestinal,1,1
9259,gated,1,1
9260,gateway,1,1
9261,gathering,1,1
9262,gating,1,1
9263,gauge,1,1
9264,gca,1,1
9265,gcb,1,1
9266,gcd,1,1
9267,gce,1,1
9268,gcf,1,1
9269,gdc,1,1
9270,gdx,1,1
9271,gearboxes,1,1
9272,geetha,1,1
9273,geh,1,1
9274,gemstone,1,1
9275,genomic,1,1
9276,geocenter,1,1
9277,geodetic,1,1
9278,geomagnetic,1,1
9279,geranium,1,1
9280,gerberas,1,1
9281,gerdellen,1,1
9282,gerhard,1,1
9283,germinate,1,1
9284,gertimtonase,1,1
9285,gfd,1,1
9286,gfih,1,1
9287,ggg,1,1
9288,gggcccaagctgagatga,1,1
9289,ghij,1,1
9290,ghk,1,1
9291,ghz,1,1
9292,giant,1,1
9293,giants,1,1
9294,glaciers,1,1
9295,glands,1,1
9296,glh,1,1
9297,glide,1,1
9298,glob,1,1
9299,globally,1,1
9300,gloves,1,1
9301,glows,1,1
9302,glucagon,1,1
9303,glucocorticoid,1,1
9304,glucocorticoids,1,1
9305,glycolysis,1,1
9306,glycoproteins,1,1
9307,gme,1,1
9308,gmin,1,1
9309,gnm,1,1
9310,goals,1,1
9311,goldsmith,1,1
9312,gone,1,1
9313,goose,1,1
9314,gothic,1,1
9315,grackles,1,1
9316,graded,1,1
9317,gradients,1,1
9318,graduations,1,1
9319,graft,1,1
9320,grana,1,1
9321,granary,1,1
9322,grant,1,1
9323,grants,1,1
9324,granules,1,1
9325,graphically,1,1
9326,grasped,1,1
9327,grasping,1,1
9328,gravelly,1,1
9329,graze,1,1
9330,grazed,1,1
9331,grazes,1,1
9332,grazing,1,1
9333,greenhouses,1,1
9334,gregor,1,1
9335,grinding,1,1
9336,grouping,1,1
9337,guangming,1,1
9338,guanyun,1,1
9339,guaranteed,1,1
9340,guarantees,1,1
9341,guava,1,1
9342,guesses,1,1
9343,guided,1,1
9344,gulf,1,1
9345,gunpowder,1,1
9346,guo,1,1
9347,gymnospermous,1,1
9348,h2o,1,1
9349,h2so4,1,1
9350,habitats,1,1
9351,hac,1,1
9352,haikou,1,1
9353,haipeng,1,1
9354,haiti,1,1
9355,halflenses,1,1
9356,halflines,1,1
9357,halfpipe,1,1
9358,halfway,1,1
9359,halt,1,1
9360,hammered,1,1
9361,hammers,1,1
9362,handed,1,1
9363,handheld,1,1
9364,hannes,1,1
9365,hanni,1,1
9366,hansi,1,1
9367,happening,1,1
9368,happily,1,1
9369,hardness,1,1
9370,hares,1,1
9371,harmed,1,1
9372,harmful,1,1
9373,harmonically,1,1
9374,harmonics,1,1
9375,harvested,1,1
9376,hatch,1,1
9377,hawaii,1,1
9378,hawks,1,1
9379,hazard,1,1
9380,hbo,1,1
9381,hbv,1,1
9382,hcg,1,1
9383,hco,1,1
9384,hdb,1,1
9385,hea,1,1
9386,headed,1,1
9387,headlight,1,1
9388,headwind,1,1
9389,hears,1,1
9390,heartbeat,1,1
9391,heavier,1,1
9392,heaviest,1,1
9393,hector,1,1
9394,hefg,1,1
9395,hello,1,1
9396,helped,1,1
9397,helper,1,1
9398,helping,1,1
9399,hen,1,1
9400,henle,1,1
9401,henna,1,1
9402,hens,1,1
9403,hepatitis,1,1
9404,hepu,1,1
9405,herbivorous,1,1
9406,herdsmen,1,1
9407,hermaphrodite,1,1
9408,hers,1,1
9409,herself,1,1
9410,heterozygous,1,1
9411,hex,1,1
9412,hexachloroplatinate,1,1
9413,hexadecimal,1,1
9414,hexagram,1,1
9415,hexane,1,1
9416,hexaploid,1,1
9417,hgk,1,1
9418,hgnm,1,1
9419,highs,1,1
9420,hike,1,1
9421,hiked,1,1
9422,hiking,1,1
9423,hilbert,1,1
9424,himalayas,1,1
9425,himself,1,1
9426,hinder,1,1
9427,hindered,1,1
9428,hindiii,1,1
9429,histones,1,1
9430,hiv,1,1
9431,hl1,1,1
9432,hl2,1,1
9433,hmg,1,1
9434,hobby,1,1
9435,hognose,1,1
9436,holidays,1,1
9437,holometabolous,1,1
9438,honeycombs,1,1
9439,hoof,1,1
9440,hooke,1,1
9441,hopping,1,1
9442,hormones,1,1
9443,horses,1,1
9444,horseshoe,1,1
9445,hotel,1,1
9446,hottest,1,1
9447,hovering,1,1
9448,hualien,1,1
9449,hurdles,1,1
9450,huron,1,1
9451,hurricane,1,1
9452,husband,1,1
9453,husk,1,1
9454,hwa,1,1
9455,hydride,1,1
9456,hydrology,1,1
9457,hydrophobic,1,1
9458,hydrostatic,1,1
9459,hydroxylamine,1,1
9460,hyperbolas,1,1
9461,hypertonic,1,1
9462,hypognathous,1,1
9463,hypothalamus,1,1
9464,iced,1,1
9465,icelandic,1,1
9466,icme,1,1
9467,icon,1,1
9468,icons,1,1
9469,icy,1,1
9470,idealised,1,1
9471,idealities,1,1
9472,ideality,1,1
9473,ideally,1,1
9474,identities,1,1
9475,idiom,1,1
9476,idmt,1,1
9477,ifnar,1,1
9478,igbts,1,1
9479,ignite,1,1
9480,ii1,1,1
9481,ii2,1,1
9482,ijkl,1,1
9483,ili,1,1
9484,illegible,1,1
9485,illinois,1,1
9486,illness,1,1
9487,illuminance,1,1
9488,illuminate,1,1
9489,illuminates,1,1
9490,image4,1,1
9491,imagehere,1,1
9492,immerse,1,1
9493,immunity,1,1
9494,impacting,1,1
9495,impaired,1,1
9496,imparting,1,1
9497,impassable,1,1
9498,imperfections,1,1
9499,implicant,1,1
9500,implicit,1,1
9501,implies,1,1
9502,impure,1,1
9503,impurities,1,1
9504,inability,1,1
9505,inaccurate,1,1
9506,inaccurately,1,1
9507,inactivated,1,1
9508,inadvisable,1,1
9509,incidents,1,1
9510,inclusive,1,1
9511,incoming,1,1
9512,incompletely,1,1
9513,incorrectly,1,1
9514,increment,1,1
9515,incremental,1,1
9516,incubated,1,1
9517,incur,1,1
9518,independents,1,1
9519,indirectly,1,1
9520,indonesia,1,1
9521,inductances,1,1
9522,industrialization,1,1
9523,inelastically,1,1
9524,infected,1,1
9525,infectious,1,1
9526,inferior,1,1
9527,inflorescence,1,1
9528,ing,1,1
9529,ingenious,1,1
9530,ingredient,1,1
9531,inhabit,1,1
9532,inhaled,1,1
9533,inhaling,1,1
9534,inherent,1,1
9535,inhibitory,1,1
9536,inhibits,1,1
9537,inhomogeneous,1,1
9538,initiation,1,1
9539,inject,1,1
9540,injects,1,1
9541,injured,1,1
9542,injuries,1,1
9543,injury,1,1
9544,inlet,1,1
9545,innocent,1,1
9546,innovation,1,1
9547,inoculated,1,1
9548,inorganic,1,1
9549,inrun,1,1
9550,inscribe,1,1
9551,insectivores,1,1
9552,inseminate,1,1
9553,insertion,1,1
9554,insoluble,1,1
9555,inspection,1,1
9556,inspiring,1,1
9557,instability,1,1
9558,instances,1,1
9559,instructed,1,1
9560,instruction,1,1
9561,insufficient,1,1
9562,integrator,1,1
9563,integrity,1,1
9564,intelligent,1,1
9565,intentionally,1,1
9566,interacts,1,1
9567,intercepting,1,1
9568,interdependent,1,1
9569,interested,1,1
9570,interfere,1,1
9571,interferon,1,1
9572,intergalactic,1,1
9573,interglacial,1,1
9574,interlocking,1,1
9575,interpreted,1,1
9576,interrelation,1,1
9577,interstellar,1,1
9578,intervention,1,1
9579,intracellular,1,1
9580,invariably,1,1
9581,invasion,1,1
9582,inversely,1,1
9583,invert,1,1
9584,inverters,1,1
9585,invested,1,1
9586,invited,1,1
9587,inviting,1,1
9588,ios,1,1
9589,ireland,1,1
9590,iris,1,1
9591,irises,1,1
9592,irradiated,1,1
9593,irrigating,1,1
9594,isabella,1,1
9595,ischemia,1,1
9596,isi,1,1
9597,isle,1,1
9598,islets,1,1
9599,isohyet,1,1
9600,isolating,1,1
9601,isopleth,1,1
9602,isopleths,1,1
9603,isostatic,1,1
9604,isotonic,1,1
9605,isotropic,1,1
9606,israel,1,1
9607,issue,1,1
9608,j80,1,1
9609,jac,1,1
9610,jackals,1,1
9611,jacked,1,1
9612,jacking,1,1
9613,james,1,1
9614,janet,1,1
9615,japanese,1,1
9616,jasper,1,1
9617,jeff,1,1
9618,jellfish,1,1
9619,jellyfish,1,1
9620,jerry,1,1
9621,jerusalem,1,1
9622,jettisoned,1,1
9623,jewellery,1,1
9624,jianghuai,1,1
9625,jiaotong,1,1
9626,jilly,1,1
9627,jinding,1,1
9628,jinping,1,1
9629,jkm,1,1
9630,jkmn,1,1
9631,jlk,1,1
9632,jlm,1,1
9633,jml,1,1
9634,jmp,1,1
9635,joana,1,1
9636,jodhvir,1,1
9637,johannes,1,1
9638,johnny,1,1
9639,johnson,1,1
9640,joints,1,1
9641,jordan,1,1
9642,joseph,1,1
9643,jpl,1,1
9644,judgment,1,1
9645,judgments,1,1
9646,juices,1,1
9647,jumped,1,1
9648,jumper,1,1
9649,jun,1,1
9650,jury,1,1
9651,juvenile,1,1
9652,kangaria,1,1
9653,kangoraland,1,1
9654,kanguria,1,1
9655,kaohsiung,1,1
9656,karl,1,1
9657,kate,1,1
9658,kazakh,1,1
9659,kazakhstan,1,1
9660,kazan,1,1
9661,kelly,1,1
9662,kelp,1,1
9663,kelvin,1,1
9664,kev,1,1
9665,keystone,1,1
9666,kfc,1,1
9667,khj,1,1
9668,kicking,1,1
9669,kidney,1,1
9670,killifish,1,1
9671,killing,1,1
9672,king,1,1
9673,kingfishers,1,1
9674,kirsten,1,1
9675,kitchen,1,1
9676,kites,1,1
9677,kitty,1,1
9678,kjl,1,1
9679,klmj,1,1
9680,km1,1,1
9681,knew,1,1
9682,knife,1,1
9683,knock,1,1
9684,knocked,1,1
9685,knotted,1,1
9686,korean,1,1
9687,krebs,1,1
9688,kristina,1,1
9689,krypton,1,1
9690,kwh,1,1
9691,labeling,1,1
9692,labile,1,1
9693,labium,1,1
9694,laborers,1,1
9695,lacking,1,1
9696,lacks,1,1
9697,lactate,1,1
9698,lactose,1,1
9699,ladybirds,1,1
9700,ladybug,1,1
9701,lag,1,1
9702,lagged,1,1
9703,lags,1,1
9704,lakebed,1,1
9705,landfall,1,1
9706,lanterns,1,1
9707,larmor,1,1
9708,larvae,1,1
9709,lasagna,1,1
9710,lasers,1,1
9711,lasting,1,1
9712,laszlo,1,1
9713,latent,1,1
9714,lathe,1,1
9715,laughlin,1,1
9716,laura,1,1
9717,lauren,1,1
9718,lawrence,1,1
9719,laying,1,1
9720,lbm,1,1
9721,lbq,1,1
9722,lcl,1,1
9723,lea,1,1
9724,leaflet,1,1
9725,leaflets,1,1
9726,leafstalk,1,1
9727,leaked,1,1
9728,leans,1,1
9729,leap,1,1
9730,leased,1,1
9731,leftover,1,1
9732,legged,1,1
9733,lei,1,1
9734,lengthening,1,1
9735,lengthens,1,1
9736,lenses,1,1
9737,leonardo,1,1
9738,leonhard,1,1
9739,lessened,1,1
9740,leukocyte,1,1
9741,lever,1,1
9742,levitation,1,1
9743,lgd,1,1
9744,liaoning,1,1
9745,liar,1,1
9746,liars,1,1
9747,libreville,1,1
9748,lidless,1,1
9749,lids,1,1
9750,lifecycle,1,1
9751,lifetime,1,1
9752,liftoff,1,1
9753,ligate,1,1
9754,ligation,1,1
9755,likelihood,1,1
9756,lilies,1,1
9757,limbs,1,1
9758,limitations,1,1
9759,limits,1,1
9760,limpets,1,1
9761,lined,1,1
9762,linkage,1,1
9763,liquids,1,1
9764,lisas,1,1
9765,lists,1,1
9766,lit,1,1
9767,liupanshui,1,1
9768,liuzhou,1,1
9769,livelihood,1,1
9770,liver,1,1
9771,lkm,1,1
9772,lkn,1,1
9773,lm317,1,1
9774,lmpq,1,1
9775,lnm,1,1
9776,loading,1,1
9777,lobed,1,1
9778,locality,1,1
9779,localized,1,1
9780,locate,1,1
9781,loci,1,1
9782,lock,1,1
9783,locked,1,1
9784,locking,1,1
9785,locust,1,1
9786,logarithm,1,1
9787,logically,1,1
9788,longji,1,1
9789,loose,1,1
9790,los,1,1
9791,lose,1,1
9792,losing,1,1
9793,lots,1,1
9794,louguantai,1,1
9795,lowermost,1,1
9796,lowry,1,1
9797,lows,1,1
9798,lpf,1,1
9799,lqm,1,1
9800,lsb,1,1
9801,luca,1,1
9802,luck,1,1
9803,lumens,1,1
9804,lunch,1,1
9805,lycopene,1,1
9806,lzp,1,1
9807,m7130,1,1
9808,macs,1,1
9809,madagascar,1,1
9810,maddie,1,1
9811,maggot,1,1
9812,magician,1,1
9813,magnetism,1,1
9814,magnetization,1,1
9815,magnetohydrodynamic,1,1
9816,magneton,1,1
9817,magnetosphere,1,1
9818,mail,1,1
9819,maintenance,1,1
9820,majority,1,1
9821,malacca,1,1
9822,malaika,1,1
9823,malaria,1,1
9824,malignant,1,1
9825,mall,1,1
9826,mama,1,1
9827,mammal,1,1
9828,mammalian,1,1
9829,mammals,1,1
9830,mandibles,1,1
9831,mandibular,1,1
9832,mantis,1,1
9833,maob,1,1
9834,maple,1,1
9835,margie,1,1
9836,marginally,1,1
9837,markedly,1,1
9838,marketing,1,1
9839,markings,1,1
9840,marmot,1,1
9841,marriage,1,1
9842,marrying,1,1
9843,marta,1,1
9844,martial,1,1
9845,martinho,1,1
9846,math,1,1
9847,mathematically,1,1
9848,matias,1,1
9849,matthias,1,1
9850,maximal,1,1
9851,mbing,1,1
9852,mbn,1,1
9853,mbnd,1,1
9854,mdb,1,1
9855,mdf,1,1
9856,mding,1,1
9857,meadow,1,1
9858,mealworm,1,1
9859,meant,1,1
9860,meanwhile,1,1
9861,mechanically,1,1
9862,mechanics,1,1
9863,mediates,1,1
9864,medication,1,1
9865,melt,1,1
9866,melts,1,1
9867,membranes,1,1
9868,memories,1,1
9869,menus,1,1
9870,merges,1,1
9871,message,1,1
9872,met,1,1
9873,metabolically,1,1
9874,metamorphism,1,1
9875,meteor,1,1
9876,meteoroids,1,1
9877,metropolitan,1,1
9878,mfn,1,1
9879,mgq,1,1
9880,mhc,1,1
9881,mhj,1,1
9882,micro,1,1
9883,microclimate,1,1
9884,micrograph,1,1
9885,microorganism,1,1
9886,midday,1,1
9887,midlines,1,1
9888,midsummer,1,1
9889,midtread,1,1
9890,mild,1,1
9891,milkweed,1,1
9892,mill,1,1
9893,millennia,1,1
9894,millifarads,1,1
9895,millihenry,1,1
9896,millivolts,1,1
9897,minded,1,1
9898,miniature,1,1
9899,minimizing,1,1
9900,ministries,1,1
9901,ministry,1,1
9902,minora,1,1
9903,mirrored,1,1
9904,mirrors,1,1
9905,miss,1,1
9906,mist,1,1
9907,mistakenly,1,1
9908,mitotic,1,1
9909,mjia,1,1
9910,mjn,1,1
9911,mkn,1,1
9912,mnl,1,1
9913,mnqr,1,1
9914,mock,1,1
9915,modeling,1,1
9916,moderate,1,1
9917,modifying,1,1
9918,modulating,1,1
9919,mohe,1,1
9920,moisten,1,1
9921,molco2,1,1
9922,mold,1,1
9923,molt,1,1
9924,molting,1,1
9925,momenta,1,1
9926,momentarily,1,1
9927,moments,1,1
9928,monarch,1,1
9929,mond,1,1
9930,monday,1,1
9931,mongoose,1,1
9932,monkeys,1,1
9933,monocot,1,1
9934,monomolecular,1,1
9935,monovalent,1,1
9936,monoxide,1,1
9937,montane,1,1
9938,morakot,1,1
9939,moray,1,1
9940,mornings,1,1
9941,morphological,1,1
9942,mortar,1,1
9943,motherland,1,1
9944,motives,1,1
9945,motorcycles,1,1
9946,mox,1,1
9947,mpq,1,1
9948,mqn,1,1
9949,mqr,1,1
9950,mrn,1,1
9951,mrnp,1,1
9952,mrq,1,1
9953,msbs,1,1
9954,msq,1,1
9955,mtc,1,1
9956,mudflats,1,1
9957,mules,1,1
9958,multicellular,1,1
9959,multiples,1,1
9960,multiplexed,1,1
9961,multiplicity,1,1
9962,multiplied,1,1
9963,multiply,1,1
9964,municipal,1,1
9965,muscles,1,1
9966,muscular,1,1
9967,musical,1,1
9968,mussels,1,1
9969,mutagens,1,1
9970,mutualism,1,1
9971,mvar,1,1
9972,myi,1,1
9973,mysid,1,1
9974,mysteries,1,1
9975,nadph,1,1
9976,nahco,1,1
9977,naked,1,1
9978,nanhui,1,1
9979,nanoseconds,1,1
9980,nansha,1,1
9981,nap,1,1
9982,narrower,1,1
9983,nation,1,1
9984,nationals,1,1
9985,navigator,1,1
9986,navy,1,1
9987,ndg,1,1
9988,nearer,1,1
9989,neatly,1,1
9990,nectar,1,1
9991,needlelike,1,1
9992,needles,1,1
9993,negation,1,1
9994,neglects,1,1
9995,negligibly,1,1
9996,negotiate,1,1
9997,neighborhood,1,1
9998,nekton,1,1
9999,nematode,1,1
10000,nerves,1,1
10001,nervous,1,1
10002,neurospora,1,1
10003,neutrality,1,1
10004,neutralization,1,1
10005,niagara,1,1
10006,nice,1,1
10007,nico,1,1
10008,nif2,1,1
10009,nik,1,1
10010,nina,1,1
10011,nitrate,1,1
10012,nitrobacter,1,1
10013,nitrobenzene,1,1
10014,nml,1,1
10015,nobr,1,1
10016,noc,1,1
10017,nod,1,1
10018,nodal,1,1
10019,nof,1,1
10020,noisy,1,1
10021,nolloth,1,1
10022,nonadjacent,1,1
10023,noncongruent,1,1
10024,nonmagnetic,1,1
10025,nontransparent,1,1
10026,nontrivial,1,1
10027,normalization,1,1
10028,northerly,1,1
10029,northside,1,1
10030,notations,1,1
10031,noted,1,1
10032,notes,1,1
10033,novel,1,1
10034,nqrm,1,1
10035,nrt,1,1
10036,nsted,1,1
10037,ntc,1,1
10038,nth,1,1
10039,nucleic,1,1
10040,nucleolus,1,1
10041,numeric,1,1
10042,nymphs,1,1
10043,oabcde,1,1
10044,oabp,1,1
10045,oadc,1,1
10046,oapb,1,1
10047,oapq,1,1
10048,obac,1,1
10049,obch,1,1
10050,oben,1,1
10051,obesity,1,1
10052,obey,1,1
10053,objectives,1,1
10054,oblong,1,1
10055,obm,1,1
10056,observational,1,1
10057,occupying,1,1
10058,oce,1,1
10059,oceans,1,1
10060,och,1,1
10061,ocmn,1,1
10062,octahedrons,1,1
10063,octave,1,1
10064,odb,1,1
10065,odbc,1,1
10066,odec,1,1
10067,oebf,1,1
10068,oecd,1,1
10069,oed,1,1
10070,oem,1,1
10071,oen,1,1
10072,oersted,1,1
10073,ofb,1,1
10074,ofe,1,1
10075,ofeh,1,1
10076,offered,1,1
10077,offering,1,1
10078,offers,1,1
10079,officer,1,1
10080,oge,1,1
10081,ohmic,1,1
10082,okinawa,1,1
10083,omne,1,1
10084,opa,1,1
10085,opcr,1,1
10086,ope,1,1
10087,openings,1,1
10088,opinion,1,1
10089,opinions,1,1
10090,opn,1,1
10091,opportunities,1,1
10092,opportunity,1,1
10093,opposed,1,1
10094,opposing,1,1
10095,opq,1,1
10096,opqr,1,1
10097,optimize,1,1
10098,options,1,1
10099,optocoupler,1,1
10100,oqc,1,1
10101,oragnism,1,1
10102,orangutan,1,1
10103,orbiter,1,1
10104,orchard,1,1
10105,orienting,1,1
10106,originated,1,1
10107,orthocenter,1,1
10108,orthogonal,1,1
10109,oscillated,1,1
10110,ostrich,1,1
10111,otter,1,1
10112,ounce,1,1
10113,ounces,1,1
10114,outcome,1,1
10115,outdoors,1,1
10116,outgoing,1,1
10117,outlier,1,1
10118,outwardly,1,1
10119,outwards,1,1
10120,overcomes,1,1
10121,overcurrent,1,1
10122,overflowed,1,1
10123,overflowing,1,1
10124,overlappingly,1,1
10125,overloaded,1,1
10126,overnight,1,1
10127,overtook,1,1
10128,ovules,1,1
10129,owned,1,1
10130,oxidation,1,1
10131,oxygenated,1,1
10132,oxyz,1,1
10133,pac,1,1
10134,packet,1,1
10135,packing,1,1
10136,padded,1,1
10137,paddle,1,1
10138,paddy,1,1
10139,pages,1,1
10140,paired,1,1
10141,pairwise,1,1
10142,palace,1,1
10143,palate,1,1
10144,palindrome,1,1
10145,palm,1,1
10146,pancreatic,1,1
10147,panda,1,1
10148,pandemic,1,1
10149,panicle,1,1
10150,panning,1,1
10151,pans,1,1
10152,paq,1,1
10153,paqb,1,1
10154,paqc,1,1
10155,parabolas,1,1
10156,parachutes,1,1
10157,paradox,1,1
10158,parallelepipeds,1,1
10159,parallelpiped,1,1
10160,parallely,1,1
10161,parcel,1,1
10162,parental,1,1
10163,parks,1,1
10164,passband,1,1
10165,pasta,1,1
10166,pastoral,1,1
10167,patch,1,1
10168,pathogen,1,1
10169,pauli,1,1
10170,paver,1,1
10171,paw,1,1
10172,pays,1,1
10173,pbd,1,1
10174,pbe,1,1
10175,pbef,1,1
10176,pbo,1,1
10177,pbt,1,1
10178,pce,1,1
10179,pcq,1,1
10180,pdb,1,1
10181,pdc,1,1
10182,pdf,1,1
10183,pearson,1,1
10184,peas,1,1
10185,pec,1,1
10186,pedigrees,1,1
10187,pedipalp,1,1
10188,peg,1,1
10189,pelicans,1,1
10190,pelvis,1,1
10191,pendant,1,1
10192,pendants,1,1
10193,penetrant,1,1
10194,penny,1,1
10195,pentagram,1,1
10196,pentane,1,1
10197,pentominoes,1,1
10198,peptides,1,1
10199,percentages,1,1
10200,pericarp,1,1
10201,perilune,1,1
10202,peritubular,1,1
10203,periwinkle,1,1
10204,periwinkles,1,1
10205,permit,1,1
10206,permitted,1,1
10207,perot,1,1
10208,persisted,1,1
10209,persistent,1,1
10210,pertain,1,1
10211,pet28a,1,1
10212,petra,1,1
10213,petrel,1,1
10214,petri,1,1
10215,pets,1,1
10216,pfe,1,1
10217,pfm,1,1
10218,pharynx,1,1
10219,phasors,1,1
10220,phenotypically,1,1
10221,philosophy,1,1
10222,phosphatase,1,1
10223,phosphine,1,1
10224,phosphorous,1,1
10225,photocurrent,1,1
10226,photoelectron,1,1
10227,photomicrograph,1,1
10228,photophosphorylation,1,1
10229,photosensitive,1,1
10230,physicists,1,1
10231,picciotto,1,1
10232,picoseconds,1,1
10233,pieced,1,1
10234,piecewise,1,1
10235,piedmont,1,1
10236,pier,1,1
10237,pig,1,1
10238,pikas,1,1
10239,piled,1,1
10240,pinnately,1,1
10241,pipework,1,1
10242,piscivorous,1,1
10243,pistil,1,1
10244,pistils,1,1
10245,pith,1,1
10246,placement,1,1
10247,plaintain,1,1
10248,planarity,1,1
10249,plankticorous,1,1
10250,planktons,1,1
10251,plantain,1,1
10252,plastid,1,1
10253,plateaus,1,1
10254,platelet,1,1
10255,platforms,1,1
10256,playback,1,1
10257,played,1,1
10258,pleasing,1,1
10259,plentiful,1,1
10260,plk,1,1
10261,pma,1,1
10262,pmf,1,1
10263,pmosfet,1,1
10264,pnm,1,1
10265,pnp,1,1
10266,po4,1,1
10267,pob,1,1
10268,poc,1,1
10269,pod,1,1
10270,pof,1,1
10271,poh,1,1
10272,pointy,1,1
10273,poisonous,1,1
10274,polarizability,1,1
10275,polarize,1,1
10276,polled,1,1
10277,pollinates,1,1
10278,pollination,1,1
10279,polyhedra,1,1
10280,polylines,1,1
10281,polyominos,1,1
10282,polyp,1,1
10283,polypeptides,1,1
10284,ponds,1,1
10285,popularity,1,1
10286,populated,1,1
10287,pore,1,1
10288,pos,1,1
10289,pose,1,1
10290,posed,1,1
10291,poses,1,1
10292,postal,1,1
10293,potency,1,1
10294,pours,1,1
10295,poverty,1,1
10296,pqc,1,1
10297,pqcb,1,1
10298,pqj,1,1
10299,pqm,1,1
10300,pqrstu,1,1
10301,pqu,1,1
10302,prab,1,1
10303,practical,1,1
10304,practiced,1,1
10305,practices,1,1
10306,prairie,1,1
10307,praised,1,1
10308,praying,1,1
10309,prc,1,1
10310,precious,1,1
10311,prediction,1,1
10312,predictions,1,1
10313,predominant,1,1
10314,prefabricated,1,1
10315,prefactors,1,1
10316,prefecture,1,1
10317,preferential,1,1
10318,preimeter,1,1
10319,prepare,1,1
10320,pres1,1,1
10321,presenting,1,1
10322,preserve,1,1
10323,preserves,1,1
10324,press,1,1
10325,pressurize,1,1
10326,prevalence,1,1
10327,preventive,1,1
10328,preyed,1,1
10329,primarily,1,1
10330,primers,1,1
10331,primes,1,1
10332,principles,1,1
10333,priti,1,1
10334,pro,1,1
10335,probable,1,1
10336,proboscis,1,1
10337,procee,1,1
10338,proceeded,1,1
10339,proceeding,1,1
10340,professional,1,1
10341,professionals,1,1
10342,professor,1,1
10343,profitable,1,1
10344,profusely,1,1
10345,programmed,1,1
10346,progress,1,1
10347,projectiles,1,1
10348,prokaryotic,1,1
10349,prokelisia,1,1
10350,prolong,1,1
10351,prom,1,1
10352,promptly,1,1
10353,prompts,1,1
10354,promulgated,1,1
10355,propelling,1,1
10356,properly,1,1
10357,prophase,1,1
10358,propionic,1,1
10359,proposes,1,1
10360,propulsion,1,1
10361,prospects,1,1
10362,prosperous,1,1
10363,protease,1,1
10364,protect,1,1
10365,protecting,1,1
10366,protects,1,1
10367,proteomic,1,1
10368,proteomics,1,1
10369,protocooperation,1,1
10370,protoplast,1,1
10371,protoplasts,1,1
10372,protostar,1,1
10373,protruding,1,1
10374,protrusions,1,1
10375,prq,1,1
10376,prs,1,1
10377,prsv,1,1
10378,pseudo,1,1
10379,pst,1,1
10380,pulsating,1,1
10381,punkte,1,1
10382,pupils,1,1
10383,purchased,1,1
10384,purification,1,1
10385,pursuing,1,1
10386,pursuit,1,1
10387,putting,1,1
10388,pxv,1,1
10389,pyeongchang,1,1
10390,pyramids,1,1
10391,pythagoras,1,1
10392,qaidam,1,1
10393,qca,1,1
10394,qigong,1,1
10395,qinling,1,1
10396,qjk,1,1
10397,qlm,1,1
10398,qpc,1,1
10399,qpm,1,1
10400,qrt,1,1
10401,qst,1,1
10402,qtp,1,1
10403,quadrangle,1,1
10404,quadrates,1,1
10405,quadruplets,1,1
10406,qualification,1,1
10407,qualifiers,1,1
10408,qualitatively,1,1
10409,quarries,1,1
10410,quasielectrons,1,1
10411,quasihole,1,1
10412,quasisquare,1,1
10413,quasistatically,1,1
10414,quest,1,1
10415,quick,1,1
10416,quintisection,1,1
10417,quota,1,1
10418,raccoons,1,1
10419,racecar,1,1
10420,racemes,1,1
10421,rachis,1,1
10422,rack,1,1
10423,radiate,1,1
10424,radiating,1,1
10425,radiative,1,1
10426,radix,1,1
10427,rafting,1,1
10428,ragged,1,1
10429,rainforest,1,1
10430,rains,1,1
10431,rainstorms,1,1
10432,raisins,1,1
10433,ramps,1,1
10434,ran,1,1
10435,ranching,1,1
10436,ranged,1,1
10437,raphael,1,1
10438,rationality,1,1
10439,rats,1,1
10440,ravioli,1,1
10441,razor,1,1
10442,rbc,1,1
10443,rcp,1,1
10444,rcq,1,1
10445,reader,1,1
10446,readily,1,1
10447,reagents,1,1
10448,realizing,1,1
10449,rearranged,1,1
10450,rearranging,1,1
10451,reassemble,1,1
10452,reassembled,1,1
10453,rebates,1,1
10454,rebecca,1,1
10455,recall,1,1
10456,recapture,1,1
10457,recession,1,1
10458,rechts,1,1
10459,recipients,1,1
10460,recognizable,1,1
10461,recognizing,1,1
10462,recommends,1,1
10463,reconstructed,1,1
10464,recorder,1,1
10465,recover,1,1
10466,recovered,1,1
10467,recreation,1,1
10468,recreational,1,1
10469,rectification,1,1
10470,rectifiers,1,1
10471,recurring,1,1
10472,recursively,1,1
10473,redesigned,1,1
10474,redrawn,1,1
10475,redundant,1,1
10476,reef,1,1
10477,reefs,1,1
10478,referable,1,1
10479,referenced,1,1
10480,refineries,1,1
10481,refinery,1,1
10482,refueling,1,1
10483,refuge,1,1
10484,regard,1,1
10485,regards,1,1
10486,regraded,1,1
10487,regulating,1,1
10488,reinforce,1,1
10489,reinforced,1,1
10490,relatedness,1,1
10491,relationships,1,1
10492,reliable,1,1
10493,religious,1,1
10494,relocate,1,1
10495,relocating,1,1
10496,repeatedly,1,1
10497,repetition,1,1
10498,repetitions,1,1
10499,replaces,1,1
10500,replenish,1,1
10501,replicative,1,1
10502,reports,1,1
10503,repositioned,1,1
10504,representative,1,1
10505,republican,1,1
10506,requirement,1,1
10507,reserved,1,1
10508,resettlement,1,1
10509,reshape,1,1
10510,reshaped,1,1
10511,residence,1,1
10512,resisting,1,1
10513,resonant,1,1
10514,responded,1,1
10515,respondents,1,1
10516,responding,1,1
10517,responses,1,1
10518,responsivity,1,1
10519,restaurants,1,1
10520,restores,1,1
10521,restrict,1,1
10522,restricted,1,1
10523,restrictions,1,1
10524,restricts,1,1
10525,resume,1,1
10526,retains,1,1
10527,rethrow,1,1
10528,retirement,1,1
10529,retraction,1,1
10530,retreating,1,1
10531,retrieved,1,1
10532,retrovirus,1,1
10533,reubber,1,1
10534,revealed,1,1
10535,revealing,1,1
10536,review,1,1
10537,rhizome,1,1
10538,rhythms,1,1
10539,ribbed,1,1
10540,richer,1,1
10541,rid,1,1
10542,ridges,1,1
10543,riding,1,1
10544,rigidly,1,1
10545,rigorous,1,1
10546,rigorously,1,1
10547,ripe,1,1
10548,ripens,1,1
10549,ritzolierre,1,1
10550,riverbeds,1,1
10551,rnase,1,1
10552,roadbed,1,1
10553,roadmap,1,1
10554,roam,1,1
10555,robes,1,1
10556,robin,1,1
10557,rojas,1,1
10558,rollers,1,1
10559,rooftop,1,1
10560,rory,1,1
10561,ros,1,1
10562,rosemary,1,1
10563,rotations,1,1
10564,roughness,1,1
10565,rounding,1,1
10566,routh,1,1
10567,routines,1,1
10568,rps,1,1
10569,rqb,1,1
10570,rscf,1,1
10571,rts,1,1
10572,rtv,1,1
10573,rubbed,1,1
10574,rug,1,1
10575,runaway,1,1
10576,ruolin,1,1
10577,ruptured,1,1
10578,rushed,1,1
10579,rushes,1,1
10580,rust,1,1
10581,rut,1,1
10582,rxn,1,1
10583,ryb,1,1
10584,ryx,1,1
10585,rzt,1,1
10586,sab,1,1
10587,saccharin,1,1
10588,sacs,1,1
10589,safeguarding,1,1
10590,saibei,1,1
10591,saint,1,1
10592,salaam,1,1
10593,saliva,1,1
10594,saminadayar,1,1
10595,san,1,1
10596,sandpit,1,1
10597,sandstone,1,1
10598,sanmao,1,1
10599,sanmenxia,1,1
10600,sanqing,1,1
10601,sapling,1,1
10602,sascha,1,1
10603,satisfactory,1,1
10604,saved,1,1
10605,saves,1,1
10606,sawn,1,1
10607,sawyer,1,1
10608,sb1,1,1
10609,sbc,1,1
10610,scalene,1,1
10611,scaling,1,1
10612,scaly,1,1
10613,scavengers,1,1
10614,scenarios,1,1
10615,schedule,1,1
10616,scheduled,1,1
10617,schema,1,1
10618,schmidt,1,1
10619,scoring,1,1
10620,scorpion,1,1
10621,scotland,1,1
10622,scrape,1,1
10623,scratches,1,1
10624,screws,1,1
10625,sculls,1,1
10626,scyphozoa,1,1
10627,seafloor,1,1
10628,seamless,1,1
10629,seaside,1,1
10630,seating,1,1
10631,secretary,1,1
10632,secrete,1,1
10633,secures,1,1
10634,securing,1,1
10635,seedless,1,1
10636,seem,1,1
10637,seems,1,1
10638,selecting,1,1
10639,selective,1,1
10640,sell,1,1
10641,sells,1,1
10642,semen,1,1
10643,semiaxes,1,1
10644,send,1,1
10645,senior,1,1
10646,seoul,1,1
10647,sepals,1,1
10648,separating,1,1
10649,served,1,1
10650,servo,1,1
10651,settings,1,1
10652,settled,1,1
10653,severity,1,1
10654,shadings,1,1
10655,shake,1,1
10656,sheepskin,1,1
10657,sheng,1,1
10658,shenzhen,1,1
10659,shield,1,1
10660,shifts,1,1
10661,shimbun,1,1
10662,shocked,1,1
10663,shoes,1,1
10664,shoot,1,1
10665,shops,1,1
10666,shores,1,1
10667,shortages,1,1
10668,shortcomings,1,1
10669,shorten,1,1
10670,shortening,1,1
10671,shortens,1,1
10672,showcased,1,1
10673,shrevei,1,1
10674,shrews,1,1
10675,shrimps,1,1
10676,shrinkage,1,1
10677,shrinks,1,1
10678,shrouded,1,1
10679,shrub,1,1
10680,shrubs,1,1
10681,shu,1,1
10682,shutting,1,1
10683,shuttle,1,1
10684,sid,1,1
10685,siderophore,1,1
10686,sidewalk,1,1
10687,sideways,1,1
10688,signaling,1,1
10689,signposts,1,1
10690,signs,1,1
10691,similarities,1,1
10692,simulate,1,1
10693,simulated,1,1
10694,simulating,1,1
10695,sinc,1,1
10696,sinensis,1,1
10697,singapore,1,1
10698,singly,1,1
10699,sino,1,1
10700,sinusoidally,1,1
10701,sittwe,1,1
10702,skateboarder,1,1
10703,skated,1,1
10704,skidding,1,1
10705,skilled,1,1
10706,skunks,1,1
10707,skydiver,1,1
10708,skydiving,1,1
10709,sledding,1,1
10710,slender,1,1
10711,slice,1,1
10712,sliced,1,1
10713,slim,1,1
10714,slingshot,1,1
10715,slogans,1,1
10716,slots,1,1
10717,slowest,1,1
10718,slowing,1,1
10719,sludge,1,1
10720,sma,1,1
10721,smallmouth,1,1
10722,smartphone,1,1
10723,smartphones,1,1
10724,smell,1,1
10725,smith,1,1
10726,smoke,1,1
10727,smudge,1,1
10728,snapped,1,1
10729,snapshot,1,1
10730,sneaker,1,1
10731,snooker,1,1
10732,snowboarding,1,1
10733,snowfall,1,1
10734,snugly,1,1
10735,soaked,1,1
10736,sofas,1,1
10737,soften,1,1
10738,softer,1,1
10739,soils,1,1
10740,soldier,1,1
10741,soles,1,1
10742,solvable,1,1
10743,somatostatin,1,1
10744,soot,1,1
10745,sorts,1,1
10746,southernmost,1,1
10747,sow,1,1
10748,spacewalk,1,1
10749,spades,1,1
10750,spans,1,1
10751,spartina,1,1
10752,spatially,1,1
10753,spatula,1,1
10754,specifically,1,1
10755,specified,1,1
10756,specify,1,1
10757,spectacle,1,1
10758,spectrograph,1,1
10759,spectrophotometrically,1,1
10760,speculated,1,1
10761,speculation,1,1
10762,speedometer,1,1
10763,spell,1,1
10764,spider,1,1
10765,spiders,1,1
10766,spindle,1,1
10767,spirally,1,1
10768,spirit,1,1
10769,spoke,1,1
10770,sponsored,1,1
10771,sporophylls,1,1
10772,sporozoites,1,1
10773,spouses,1,1
10774,spq,1,1
10775,sprays,1,1
10776,spreading,1,1
10777,springboard,1,1
10778,sprint,1,1
10779,sprinting,1,1
10780,sprouting,1,1
10781,spt,1,1
10782,spurious,1,1
10783,spurred,1,1
10784,sq1,1,1
10785,sq2,1,1
10786,sqrt,1,1
10787,squats,1,1
10788,stacking,1,1
10789,stadium,1,1
10790,staff,1,1
10791,staggered,1,1
10792,stair,1,1
10793,stakes,1,1
10794,stalactites,1,1
10795,stalagmite,1,1
10796,stalls,1,1
10797,stamen,1,1
10798,stamens,1,1
10799,stan,1,1
10800,standoff,1,1
10801,starlike,1,1
10802,starvation,1,1
10803,statistically,1,1
10804,steadily,1,1
10805,steelheads,1,1
10806,steep,1,1
10807,steepest,1,1
10808,stefan,1,1
10809,stephen,1,1
10810,stepless,1,1
10811,stepping,1,1
10812,sterilizing,1,1
10813,sticker,1,1
10814,sticky,1,1
10815,stigma,1,1
10816,stimulate,1,1
10817,stimulates,1,1
10818,stipulate,1,1
10819,stipulated,1,1
10820,stoneflies,1,1
10821,stories,1,1
10822,storing,1,1
10823,stp,1,1
10824,straddles,1,1
10825,straighten,1,1
10826,strands,1,1
10827,straw,1,1
10828,strawberry,1,1
10829,strecke,1,1
10830,stress,1,1
10831,stretching,1,1
10832,strongly,1,1
10833,strung,1,1
10834,stuff,1,1
10835,stumbles,1,1
10836,sturdy,1,1
10837,suan,1,1
10838,subayang,1,1
10839,subdivided,1,1
10840,subei,1,1
10841,substation,1,1
10842,substrates,1,1
10843,subtends,1,1
10844,subunits,1,1
10845,suburbanization,1,1
10846,subways,1,1
10847,succeed,1,1
10848,success,1,1
10849,suck,1,1
10850,sue,1,1
10851,suffers,1,1
10852,suggestion,1,1
10853,suggests,1,1
10854,suitably,1,1
10855,sulfurous,1,1
10856,summarizing,1,1
10857,sunan,1,1
10858,sunfish,1,1
10859,sunrises,1,1
10860,sunsets,1,1
10861,sunspots,1,1
10862,supercapacitor,1,1
10863,supercapacitors,1,1
10864,supplemented,1,1
10865,supposing,1,1
10866,surf,1,1
10867,surge,1,1
10868,surprised,1,1
10869,surprisingly,1,1
10870,surveys,1,1
10871,survivorship,1,1
10872,susan,1,1
10873,susceptances,1,1
10874,susceptibility,1,1
10875,susceptible,1,1
10876,suspects,1,1
10877,sustain,1,1
10878,sustainably,1,1
10879,sutong,1,1
10880,suzanna,1,1
10881,suzhou,1,1
10882,svalbard,1,1
10883,swamps,1,1
10884,swapping,1,1
10885,sweating,1,1
10886,sweden,1,1
10887,sweetener,1,1
10888,swept,1,1
10889,symbiont,1,1
10890,symbiosis,1,1
10891,symbolizing,1,1
10892,synapses,1,1
10893,synced,1,1
10894,syngeneic,1,1
10895,synthesized,1,1
10896,synthesizing,1,1
10897,syria,1,1
10898,tacho,1,1
10899,tactic,1,1
10900,tadpoles,1,1
10901,tagging,1,1
10902,tailfin,1,1
10903,tailgate,1,1
10904,tails,1,1
10905,tailwind,1,1
10906,taiwanese,1,1
10907,takada,1,1
10908,taklamakan,1,1
10909,tamara,1,1
10910,tandem,1,1
10911,tangshan,1,1
10912,tanker,1,1
10913,taoist,1,1
10914,taped,1,1
10915,taping,1,1
10916,taranto,1,1
10917,tarzan,1,1
10918,tasks,1,1
10919,tasmania,1,1
10920,tastebuds,1,1
10921,taxis,1,1
10922,tbp,1,1
10923,tear,1,1
10924,tears,1,1
10925,technicians,1,1
10926,technique,1,1
10927,technologies,1,1
10928,ted,1,1
10929,tedio,1,1
10930,telecommunications,1,1
10931,telemetry,1,1
10932,tell,1,1
10933,telling,1,1
10934,tells,1,1
10935,tellurium,1,1
10936,temporal,1,1
10937,tend,1,1
10938,tended,1,1
10939,tendency,1,1
10940,tends,1,1
10941,tens,1,1
10942,tense,1,1
10943,terminates,1,1
10944,terrace,1,1
10945,terraced,1,1
10946,terrasse,1,1
10947,tess,1,1
10948,tessellation,1,1
10949,tethered,1,1
10950,tetrabromide,1,1
10951,tetrachloride,1,1
10952,tetrahedra,1,1
10953,tetraploid,1,1
10954,textbooks,1,1
10955,thalassemia,1,1
10956,thaw,1,1
10957,theoretical,1,1
10958,thermodynamics,1,1
10959,thermometer,1,1
10960,thicken,1,1
10961,thigh,1,1
10962,things,1,1
10963,thinking,1,1
10964,thinner,1,1
10965,thinning,1,1
10966,thirteen,1,1
10967,thn,1,1
10968,thomson,1,1
10969,though,1,1
10970,thought,1,1
10971,thp,1,1
10972,threadlike,1,1
10973,threat,1,1
10974,threatened,1,1
10975,threatens,1,1
10976,thresholds,1,1
10977,threw,1,1
10978,thrilling,1,1
10979,throat,1,1
10980,thruster,1,1
10981,thunder,1,1
10982,thunderclouds,1,1
10983,thursday,1,1
10984,thyme,1,1
10985,thymine,1,1
10986,thyristorized,1,1
10987,tian,1,1
10988,tianshan,1,1
10989,ticker,1,1
10990,ticket,1,1
10991,tidal,1,1
10992,tidally,1,1
10993,tie,1,1
10994,ties,1,1
10995,tiger,1,1
10996,tigers,1,1
10997,tilting,1,1
10998,tim,1,1
10999,tim23,1,1
11000,timed,1,1
11001,timely,1,1
11002,timetable,1,1
11003,tired,1,1
11004,toads,1,1
11005,tobacco,1,1
11006,toggle,1,1
11007,token,1,1
11008,tokens,1,1
11009,tongling,1,1
11010,tongue,1,1
11011,toni,1,1
11012,tonicity,1,1
11013,toninho,1,1
11014,tony,1,1
11015,tools,1,1
11016,toothed,1,1
11017,toothfish,1,1
11018,topless,1,1
11019,topology,1,1
11020,toppled,1,1
11021,topples,1,1
11022,tops,1,1
11023,toroid,1,1
11024,toroidal,1,1
11025,torr,1,1
11026,torymus,1,1
11027,totem,1,1
11028,tough,1,1
11029,tours,1,1
11030,toxic,1,1
11031,toxins,1,1
11032,tpa,1,1
11033,traceable,1,1
11034,trachea,1,1
11035,tracing,1,1
11036,tracking,1,1
11037,tract,1,1
11038,tractor,1,1
11039,traded,1,1
11040,trading,1,1
11041,trail,1,1
11042,trailer,1,1
11043,trailing,1,1
11044,transaction,1,1
11045,transcribed,1,1
11046,transcriptase,1,1
11047,transferring,1,1
11048,transformations,1,1
11049,transforming,1,1
11050,transients,1,1
11051,transitional,1,1
11052,translational,1,1
11053,translocation,1,1
11054,transmitivity,1,1
11055,transmits,1,1
11056,transnational,1,1
11057,transporter,1,1
11058,transversals,1,1
11059,traverse,1,1
11060,traverses,1,1
11061,trenches,1,1
11062,tri,1,1
11063,triac,1,1
11064,trick,1,1
11065,triominoes,1,1
11066,triples,1,1
11067,tripped,1,1
11068,trisected,1,1
11069,triton,1,1
11070,tropics,1,1
11071,troposphere,1,1
11072,tropospheric,1,1
11073,truther,1,1
11074,trying,1,1
11075,tsp,1,1
11076,tsr,1,1
11077,tubule,1,1
11078,tuesday,1,1
11079,tulips,1,1
11080,tumors,1,1
11081,tuna,1,1
11082,tune,1,1
11083,tunneled,1,1
11084,turbid,1,1
11085,turbines,1,1
11086,turbulence,1,1
11087,turkey,1,1
11088,turntables,1,1
11089,turtles,1,1
11090,tvs,1,1
11091,twins,1,1
11092,twist,1,1
11093,twists,1,1
11094,twrv,1,1
11095,uacgaacauugg,1,1
11096,ubc,1,1
11097,ujt,1,1
11098,ultra,1,1
11099,ultraviolet,1,1
11100,umbel,1,1
11101,unary,1,1
11102,unattainable,1,1
11103,unbalanced,1,1
11104,unbelievable,1,1
11105,uncertain,1,1
11106,uncertainty,1,1
11107,unclear,1,1
11108,uncontrolled,1,1
11109,uncovered,1,1
11110,und,1,1
11111,underdeveloped,1,1
11112,understood,1,1
11113,undertake,1,1
11114,undertaken,1,1
11115,undertakes,1,1
11116,undulation,1,1
11117,unexpected,1,1
11118,unhighlighted,1,1
11119,unicellular,1,1
11120,unidirectional,1,1
11121,unified,1,1
11122,unijunction,1,1
11123,uninflated,1,1
11124,uninterrupted,1,1
11125,unipolar,1,1
11126,unisexual,1,1
11127,unknowns,1,1
11128,unlinked,1,1
11129,unloaded,1,1
11130,unnecessary,1,1
11131,unplanted,1,1
11132,unpredictable,1,1
11133,unreliable,1,1
11134,unsat,1,1
11135,unseen,1,1
11136,unsoldered,1,1
11137,updraught,1,1
11138,upgrade,1,1
11139,uplift,1,1
11140,ups,1,1
11141,urgent,1,1
11142,uru,1,1
11143,usable,1,1
11144,usain,1,1
11145,usefulness,1,1
11146,ut1,1,1
11147,utde,1,1
11148,utilizable,1,1
11149,uwxy,1,1
11150,vab,1,1
11151,vabc,1,1
11152,vac,1,1
11153,vacation,1,1
11154,vacuoles,1,1
11155,valentin,1,1
11156,valeriu,1,1
11157,variations,1,1
11158,vbing,1,1
11159,vcd,1,1
11160,vd2,1,1
11161,vdc,1,1
11162,vding,1,1
11163,vegetarian,1,1
11164,vena,1,1
11165,vendor,1,1
11166,venn,1,1
11167,venture,1,1
11168,venue,1,1
11169,verified,1,1
11170,verify,1,1
11171,verse,1,1
11172,vertebrates,1,1
11173,vessels,1,1
11174,vibrates,1,1
11175,vibrio,1,1
11176,viedma,1,1
11177,vii,1,1
11178,villa,1,1
11179,vinci,1,1
11180,violating,1,1
11181,vision,1,1
11182,visiting,1,1
11183,visitors,1,1
11184,visually,1,1
11185,vjia,1,1
11186,volumetric,1,1
11187,volunteer,1,1
11188,voracious,1,1
11189,vorne,1,1
11190,voted,1,1
11191,voter,1,1
11192,voting,1,1
11193,vru,1,1
11194,vswr,1,1
11195,vt3,1,1
11196,vulnerable,1,1
11197,vulture,1,1
11198,vut,1,1
11199,vwx,1,1
11200,vwy,1,1
11201,vxy,1,1
11202,vyi,1,1
11203,wafer,1,1
11204,wagons,1,1
11205,waived,1,1
11206,wand,1,1
11207,waning,1,1
11208,warms,1,1
11209,warn,1,1
11210,warned,1,1
11211,wasps,1,1
11212,waterbirds,1,1
11213,waterfront,1,1
11214,waters,1,1
11215,waterside,1,1
11216,waterworks,1,1
11217,wattmeter,1,1
11218,wavefront,1,1
11219,waveguide,1,1
11220,waxing,1,1
11221,weakens,1,1
11222,weakness,1,1
11223,wearing,1,1
11224,weaving,1,1
11225,webs,1,1
11226,wedding,1,1
11227,wednesday,1,1
11228,weeds,1,1
11229,weekday,1,1
11230,welcome,1,1
11231,welcoming,1,1
11232,welded,1,1
11233,wenchang,1,1
11234,wendy,1,1
11235,werner,1,1
11236,wetness,1,1
11237,wha,1,1
11238,whereas,1,1
11239,whereby,1,1
11240,whilst,1,1
11241,whip,1,1
11242,whiplike,1,1
11243,whitefly,1,1
11244,whitish,1,1
11245,win,1,1
11246,windless,1,1
11247,windows,1,1
11248,windowsill,1,1
11249,winglike,1,1
11250,wins,1,1
11251,wintering,1,1
11252,wiped,1,1
11253,wipes,1,1
11254,wireframe,1,1
11255,wireless,1,1
11256,wise,1,1
11257,wishes,1,1
11258,withered,1,1
11259,wizard,1,1
11260,wobble,1,1
11261,wolf,1,1
11262,wolverines,1,1
11263,wonder,1,1
11264,wonderland,1,1
11265,workboat,1,1
11266,workshops,1,1
11267,worldwide,1,1
11268,worsen,1,1
11269,worship,1,1
11270,woven,1,1
11271,wrist,1,1
11272,wristwatch,1,1
11273,writing,1,1
11274,wrongly,1,1
11275,wtz,1,1
11276,wuv,1,1
11277,wuzhou,1,1
11278,wxzy,1,1
11279,wyx,1,1
11280,x0y,1,1
11281,xbc,1,1
11282,xho,1,1
11283,xiamen,1,1
11284,xiang,1,1
11285,xiangjiang,1,1
11286,xiangshan,1,1
11287,xiangtan,1,1
11288,xiaocong,1,1
11289,xiaoman,1,1
11290,xiaomi,1,1
11291,xiaoqiang,1,1
11292,xiaowen,1,1
11293,xiaoxin,1,1
11294,xiaoying,1,1
11295,xiaozan,1,1
11296,xiaozhang,1,1
11297,xlabel,1,1
11298,xmax,1,1
11299,xmin,1,1
11300,xpy,1,1
11301,xqy,1,1
11302,xry,1,1
11303,xsy,1,1
11304,xtick,1,1
11305,xty,1,1
11306,xuelong,1,1
11307,xuetong,1,1
11308,xyw,1,1
11309,yancheng,1,1
11310,yangshan,1,1
11311,yao,1,1
11312,yarlung,1,1
11313,yenisei,1,1
11314,yett,1,1
11315,yielded,1,1
11316,yielding,1,1
11317,yields,1,1
11318,yingze,1,1
11319,ylabel,1,1
11320,ymajorgrids,1,1
11321,ymax,1,1
11322,ymin,1,1
11323,york,1,1
11324,youth,1,1
11325,ytick,1,1
11326,yulong,1,1
11327,yunan,1,1
11328,yunxia,1,1
11329,yuxin,1,1
11330,ywz,1,1
11331,zangbo,1,1
11332,zeit,1,1
11333,zeroes,1,1
11334,zhaozhou,1,1
11335,zheng,1,1
11336,zhongming,1,1
11337,zhuang,1,1
11338,zilda,1,1
11339,zmin,1,1
11340,znco,1,1
11341,zonality,1,1
11342,zooplanktons,1,1
11343,zxw,1,1
11344,zxy,1,1
