rank,word,count,doc_count
1,length,2240,1949
2,find,2032,1896
3,two,1939,1469
4,structure,1514,829
5,axis,1448,747
6,side,1445,1054
7,state,1445,1053
8,value,1298,1205
9,intersects,1270,919
10,read,1254,1249
11,square,1226,825
12,respectively,1202,1122
13,abcd,1167,1003
14,answer,1163,1146
15,certain,1147,1035
16,time,1145,828
17,circuit,1127,958
18,number,1100,928
19,transition,1057,725
20,field,1012,449
21,small,977,550
22,mass,959,654
23,measure,941,932
24,right,903,734
25,voltage,901,569
26,region,894,704
27,graph,892,651
28,circle,869,593
29,force,863,545
30,magnetic,834,292
31,system,822,671
32,direction,820,615
33,segment,812,517
34,magnitude,805,548
35,angle,804,659
36,function,801,544
37,along,781,687
38,known,780,759
39,horizontal,775,522
40,triangle,762,569
41,arrows,748,745
42,three,739,598
43,velocity,737,473
44,place,713,558
45,plane,710,444
46,radius,708,563
47,rectangle,705,505
48,current,703,507
49,distance,701,553
50,speed,682,462
51,expression,675,662
52,total,670,633
53,bonds,666,334
54,water,652,338
55,china,639,510
56,midpoint,629,548
57,ball,623,187
58,resistance,601,428
59,four,594,498
60,calculate,590,556
61,uniform,578,443
62,during,576,460
63,connected,572,480
64,perpendicular,571,492
65,placed,571,489
66,question,553,549
67,power,551,351
68,constant,550,449
69,sides,547,493
70,surface,547,363
71,many,537,519
72,electric,532,242
73,will,532,482
74,coordinate,522,437
75,intersect,514,484
76,acceleration,506,376
77,quadrilateral,504,416
78,consider,498,496
79,population,495,288
80,light,494,270
81,numbers,488,287
82,schematic,485,475
83,block,484,162
84,maximum,484,415
85,smiles,478,478
86,moving,477,421
87,output,477,388
88,ground,476,288
89,center,472,380
90,temperature,472,303
91,but,470,469
92,located,469,439
93,type,459,412
94,lines,453,370
95,object,453,168
96,connect,450,382
97,determine,449,353
98,rod,449,137
99,table,442,277
100,first,437,366
101,single,437,433
102,change,433,390
103,ratio,433,394
104,different,429,387
105,coordinates,427,369
106,map,426,409
107,equal,425,380
108,long,425,311
109,end,422,287
110,friction,420,256
111,squares,419,289
112,height,416,328
113,distribution,409,354
114,coil,408,134
115,ignoring,403,403
116,charge,401,257
117,energy,400,276
118,food,398,369
119,motion,392,289
120,parabola,391,195
121,diameter,385,348
122,process,382,318
123,perimeter,378,311
124,drawn,376,327
125,present,376,374
126,passes,372,354
127,degree,369,365
128,river,367,214
129,circular,362,220
130,large,360,297
131,components,358,356
132,double,358,352
133,including,357,356
134,electron,356,161
135,hydrogen,354,348
136,vertical,353,284
137,rest,352,307
138,left,351,296
139,air,350,242
140,minimum,345,323
141,involving,340,340
142,let,340,302
143,excluding,339,339
144,within,334,325
145,disregard,333,333
146,main,333,322
147,triple,329,329
148,linear,328,262
149,parallel,328,284
150,city,326,228
151,car,325,75
152,positive,325,257
153,rhombus,325,252
154,solution,325,253
155,changes,324,281
156,used,323,309
157,paper,318,213
158,shaded,318,290
159,cartesian,316,313
160,particle,315,117
161,straight,309,257
162,bisects,307,266
163,gas,307,121
164,pressure,305,193
165,circles,303,172
166,should,298,280
167,please,297,289
168,fixed,292,256
169,ideal,292,261
170,set,291,259
171,position,289,233
172,proportion,288,221
173,moves,287,246
174,sum,287,225
175,unit,285,250
176,coefficient,280,227
177,high,278,203
178,inside,277,233
179,average,276,219
180,metal,275,117
181,conditions,273,251
182,inclined,270,111
183,day,269,188
184,land,268,189
185,note,266,265
186,relationship,262,248
187,input,261,216
188,kinetic,260,192
189,source,256,210
190,acb,255,247
191,earth,253,119
192,gravitational,251,212
193,track,251,66
194,assume,250,218
195,period,250,209
196,spring,250,101
197,top,250,192
198,places,248,213
199,vertices,248,217
200,rate,247,183
201,cylinder,246,71
202,wire,246,107
203,bisector,245,207
204,initial,245,213
205,second,245,203
206,base,243,183
207,tangent,242,209
208,country,238,175
209,equilateral,238,205
210,web,238,230
211,represents,234,192
212,triangles,234,167
213,some,232,219
214,use,231,211
215,out,229,208
216,bac,226,213
217,half,226,157
218,form,225,212
219,move,225,195
220,moment,224,190
221,flow,223,206
222,induction,223,182
223,under,222,208
224,vertex,222,191
225,values,221,207
226,aob,220,170
227,level,220,187
228,range,219,212
229,potential,218,134
230,inverse,216,162
231,midpoints,216,207
232,common,213,212
233,chart,212,172
234,questions,211,210
235,diagonal,210,195
236,negligible,210,198
237,closed,208,182
238,down,208,177
239,likely,208,207
240,they,208,192
241,rectangular,207,167
242,rope,207,89
243,starts,207,183
244,she,206,131
245,edge,205,148
246,over,205,182
247,folded,204,197
248,intersecting,204,187
249,ring,204,66
250,curve,203,154
251,terms,203,189
252,exactly,202,190
253,off,202,169
254,data,199,174
255,arc,198,150
256,equation,198,186
257,made,198,182
258,bottom,197,144
259,development,197,168
260,load,196,141
261,smooth,196,169
262,precipitation,195,151
263,represent,194,180
264,taken,194,188
265,diagonals,193,188
266,directly,193,190
267,cell,192,125
268,may,192,176
269,wooden,192,68
270,just,191,174
271,stage,191,173
272,uniformly,191,156
273,volume,191,130
274,switch,189,131
275,cycle,188,154
276,difference,188,169
277,order,188,173
278,cube,187,89
279,reaches,187,167
280,write,187,173
281,belt,186,65
282,gravity,186,167
283,across,185,156
284,choose,185,184
285,inequality,185,164
286,meters,184,125
287,due,183,168
288,regions,183,151
289,amount,182,152
290,frequency,182,136
291,reason,182,182
292,section,182,154
293,times,182,165
294,array,181,94
295,reaction,181,129
296,resistor,180,138
297,altitude,179,155
298,density,178,146
299,extension,177,172
300,per,177,144
301,inscribed,176,161
302,horizontally,175,156
303,factor,174,163
304,supply,173,138
305,applied,172,153
306,degrees,172,169
307,signal,172,127
308,slope,171,90
309,natural,170,153
310,plate,169,79
311,turns,168,130
312,identical,167,160
313,lies,166,149
314,passing,166,155
315,string,166,76
316,zero,166,153
317,phase,165,126
318,capacitor,164,105
319,falls,164,153
320,grid,164,112
321,group,164,84
322,material,164,135
323,rails,164,38
324,board,163,55
325,lengths,163,149
326,information,162,160
327,beijing,161,111
328,loop,161,78
329,arrow,160,150
330,picture,160,142
331,chord,159,144
332,jia,159,126
333,wave,159,83
334,charged,158,103
335,cross,158,143
336,wind,158,85
337,assuming,157,148
338,location,157,133
339,parallelogram,157,137
340,vertically,157,143
341,cells,156,99
342,mainly,156,151
343,complete,155,147
344,relative,155,129
345,characteristics,154,150
346,plates,154,60
347,width,154,129
348,plant,153,119
349,strength,153,122
350,white,153,103
351,big,152,127
352,box,152,55
353,formed,152,144
354,segments,152,132
355,them,152,146
356,boc,151,127
357,isosceles,151,143
358,latitude,151,122
359,organism,151,147
360,regular,151,119
361,take,151,144
362,growth,150,114
363,origin,150,130
364,world,150,135
365,year,150,128
366,intensity,149,127
367,collision,147,62
368,foot,146,126
369,aoc,145,126
370,body,145,90
371,connecting,145,130
372,acid,144,92
373,shape,144,118
374,thin,144,99
375,black,143,83
376,five,143,127
377,measured,143,128
378,see,143,134
379,experiment,142,112
380,initially,142,135
381,remains,142,126
382,smaller,142,109
383,transfer,142,116
384,nearest,141,141
385,primary,141,95
386,sliding,141,99
387,wall,141,93
388,conveyor,140,25
389,make,140,125
390,more,140,132
391,possible,140,135
392,province,140,99
393,solar,139,108
394,transformer,139,92
395,you,139,105
396,orbit,138,63
397,concentration,137,101
398,depicted,137,137
399,quadrant,137,104
400,released,137,126
401,industrial,136,101
402,local,136,125
403,condition,135,130
404,lower,134,113
405,urban,134,101
406,decimal,133,131
407,draw,133,117
408,ray,133,82
409,agricultural,132,109
410,angled,132,121
411,north,132,115
412,round,132,127
413,steps,132,120
414,together,132,119
415,transistor,132,102
416,gene,131,54
417,island,130,74
418,results,130,122
419,chemical,129,125
420,near,129,119
421,enters,128,96
422,molecules,128,125
423,student,128,92
424,climate,127,99
425,industry,127,98
426,respect,127,124
427,upward,127,109
428,angular,126,101
429,compared,126,126
430,lie,126,118
431,much,126,115
432,sea,126,99
433,chain,125,114
434,frame,125,46
435,new,125,97
436,diode,124,101
437,obtain,124,119
438,opposite,124,118
439,stationary,124,110
440,considered,123,116
441,contour,123,104
442,production,123,98
443,corresponding,122,114
444,hexagon,122,77
445,always,121,113
446,equilibrium,121,95
447,work,121,101
448,letter,120,111
449,ade,119,109
450,cut,119,98
451,pass,119,109
452,seconds,119,99
453,intersection,118,103
454,whose,118,109
455,pushing,117,114
456,rectangles,117,80
457,figures,116,101
458,labeled,116,109
459,satellite,116,47
460,upper,116,94
461,heat,115,80
462,highest,115,104
463,indicate,115,102
464,sequence,115,88
465,electromotive,114,94
466,written,114,91
467,disk,112,28
468,must,112,105
469,relatively,112,105
470,station,112,58
471,tension,112,83
472,wants,112,104
473,adjacent,111,89
474,divided,111,107
475,space,111,87
476,affected,110,106
477,characteristic,110,104
478,open,110,97
479,exerted,109,96
480,inner,109,74
481,motor,109,49
482,increase,108,101
483,marked,108,95
484,until,108,104
485,clockwise,107,98
486,directed,107,92
487,our,107,87
488,represented,107,105
489,zone,107,74
490,every,105,92
491,secondary,105,75
492,semicircle,105,71
493,suppose,105,101
494,weather,105,84
495,displacement,104,81
496,illustrate,104,104
497,induced,104,80
498,mechanistic,104,104
499,negative,104,94
500,path,104,88
501,reading,104,74
502,solid,104,86
503,congruent,103,92
504,interval,103,85
505,original,103,92
506,annual,102,79
507,contact,102,86
508,internal,102,94
509,outside,102,94
510,row,102,69
511,zener,102,48
512,acting,101,82
513,dashed,101,85
514,effect,101,95
515,leaves,101,65
516,particles,101,40
517,profile,101,87
518,reach,101,91
519,relocated,101,101
520,hemisphere,100,91
521,mountain,100,70
522,objects,100,60
523,slides,100,75
524,angles,99,89
525,causing,99,94
526,conductor,99,42
527,extend,99,94
528,kind,99,98
529,makes,99,89
530,ocean,99,72
531,size,99,92
532,sphere,99,53
533,years,99,86
534,external,98,78
535,grey,98,72
536,soil,98,57
537,starting,98,88
538,fold,97,81
539,lowest,96,91
540,electrons,95,39
541,faces,95,69
542,label,95,87
543,probability,95,74
544,product,95,74
545,central,94,89
546,constructed,94,89
547,largest,94,89
548,why,94,94
549,balls,93,52
550,bar,93,60
551,conducting,93,60
552,happen,93,93
553,middle,93,79
554,piece,93,80
555,six,93,81
556,his,92,69
557,rotates,92,81
558,symmetry,92,84
559,content,91,69
560,oabc,91,75
561,plants,91,67
562,tube,91,34
563,column,90,64
564,piston,90,25
565,called,89,85
566,changing,89,84
567,containing,89,83
568,did,89,86
569,life,89,85
570,producer,89,89
571,related,89,85
572,species,89,74
573,without,89,86
574,countries,88,66
575,ends,88,81
576,removed,88,78
577,resources,88,61
578,satisfy,88,88
579,scale,88,79
580,cubes,87,39
581,moon,87,29
582,rotate,87,77
583,rotated,87,82
584,slide,87,65
585,units,87,71
586,abd,86,81
587,action,86,84
588,amplifier,86,77
589,face,86,62
590,model,86,70
591,acd,85,76
592,clock,85,55
593,downward,85,80
594,economic,85,69
595,masses,85,81
596,added,84,73
597,atmospheric,84,75
598,done,84,70
599,increases,84,79
600,pattern,84,73
601,pulley,84,43
602,required,84,81
603,way,84,79
604,ammeter,83,56
605,bod,83,77
606,building,83,63
607,cars,83,35
608,express,83,79
609,greater,83,80
610,pieces,83,51
611,start,83,74
612,topographic,83,82
613,xoy,83,81
614,cities,82,67
615,counterclockwise,82,77
616,slider,82,25
617,statistical,82,69
618,suspended,82,76
619,test,82,50
620,variation,82,71
621,contains,81,71
622,distributed,81,76
623,larger,81,67
624,shaped,81,65
625,weight,81,59
626,net,80,60
627,pair,80,73
628,result,80,75
629,sample,80,62
630,show,80,78
631,static,80,77
632,volts,80,72
633,blocks,79,38
634,composed,79,76
635,least,79,76
636,neglected,79,76
637,network,79,65
638,obtained,79,71
639,road,79,56
640,tenth,79,79
641,west,79,73
642,adc,78,75
643,days,78,64
644,had,78,58
645,illustrated,78,77
646,non,78,70
647,red,78,60
648,similar,78,77
649,smallest,78,76
650,step,78,61
651,sun,78,54
652,takes,78,72
653,transmission,78,50
654,index,77,52
655,materials,77,75
656,onto,77,51
657,peak,77,57
658,pole,77,56
659,yellow,77,52
660,your,77,67
661,approximately,76,71
662,device,76,58
663,normal,76,64
664,outer,76,58
665,planet,76,22
666,south,76,69
667,taking,76,72
668,types,76,68
669,bcd,75,70
670,direct,75,74
671,forward,75,69
672,gain,75,70
673,insulating,75,45
674,integers,75,70
675,rotation,75,71
676,terrain,75,70
677,control,74,66
678,might,74,74
679,next,74,68
680,northern,74,72
681,pentagon,74,51
682,phenomenon,74,67
683,problem,74,67
684,accelerated,73,60
685,becomes,73,67
686,directions,73,72
687,elastic,73,63
688,entire,73,67
689,enzyme,73,34
690,fall,73,62
691,front,73,54
692,get,73,63
693,lake,73,40
694,logic,73,60
695,low,73,68
696,thrown,73,51
697,away,72,68
698,charges,72,53
699,color,72,44
700,exists,72,69
701,indicated,72,71
702,produced,72,67
703,third,72,57
704,boundary,71,57
705,cod,71,59
706,flux,71,51
707,formation,71,63
708,generator,71,45
709,higher,71,69
710,increased,71,69
711,real,71,66
712,bad,70,68
713,floor,70,45
714,generated,70,67
715,medium,70,36
716,people,70,52
717,still,70,69
718,thickness,70,58
719,basin,69,58
720,consists,69,66
721,fish,69,49
722,inches,69,37
723,liquid,69,28
724,add,68,45
725,def,68,55
726,edges,68,62
727,environment,68,56
728,feet,68,51
729,free,68,53
730,fruit,68,36
731,immediately,68,60
732,month,68,57
733,products,68,56
734,steady,68,64
735,voltmeter,68,51
736,animal,67,60
737,aod,67,62
738,braking,67,34
739,container,67,40
740,corner,67,54
741,dna,67,39
742,functional,67,43
743,layer,67,46
744,median,67,64
745,plank,67,16
746,pulling,67,48
747,radiation,67,37
748,season,67,59
749,slowly,67,57
750,various,67,60
751,channel,66,45
752,combining,66,66
753,construct,66,60
754,indicates,66,58
755,meet,66,61
756,students,66,41
757,triangular,66,58
758,attached,65,59
759,follows,65,62
760,geological,65,57
761,oil,65,28
762,rotating,65,52
763,steel,65,31
764,sufficiently,65,64
765,begins,64,57
766,bulb,64,34
767,denoted,64,52
768,digit,64,45
769,expressed,64,61
770,influence,64,60
771,lunar,64,24
772,positions,64,59
773,regional,64,62
774,suitable,64,59
775,trapezoid,64,57
776,beam,63,37
777,centimeters,63,56
778,curves,63,56
779,equivalent,63,61
780,experimental,63,50
781,filled,63,59
782,important,63,62
783,landscape,63,51
784,star,63,32
785,trajectory,63,50
786,very,63,62
787,wheel,63,20
788,back,62,53
789,correct,62,60
790,east,62,53
791,flip,62,47
792,green,62,49
793,less,62,60
794,making,62,59
795,operating,62,54
796,railway,62,43
797,springs,62,27
798,stable,62,57
799,summer,62,56
800,unchanged,62,58
801,currents,61,50
802,greatest,61,61
803,need,61,60
804,person,61,32
805,refers,61,61
806,axes,60,54
807,coincides,60,58
808,flower,60,38
809,found,60,57
810,major,60,57
811,measures,60,56
812,noon,60,51
813,once,60,57
814,radii,60,57
815,sunrise,60,49
816,tower,60,20
817,travel,60,54
818,turn,60,41
819,undergoes,60,57
820,abe,59,59
821,approximate,59,55
822,become,59,49
823,coast,59,47
824,decrease,59,56
825,frictional,59,45
826,ion,59,31
827,like,59,57
828,necessary,59,59
829,neglect,59,57
830,remain,59,57
831,school,59,46
832,simple,59,47
833,situation,59,57
834,southern,59,58
835,terminals,59,51
836,truck,59,14
837,already,58,58
838,chamber,58,15
839,decreases,58,55
840,drop,58,53
841,graphs,58,56
842,hypotenuse,58,56
843,iron,58,28
844,plot,58,52
845,ways,58,58
846,cause,57,57
847,ecological,57,46
848,floating,57,54
849,hole,57,36
850,inclination,57,51
851,occur,57,57
852,route,57,45
853,seen,57,55
854,trend,57,55
855,variable,57,54
856,carrying,56,50
857,disease,56,32
858,knowledge,56,56
859,landing,56,46
860,law,56,52
861,night,56,51
862,occurs,56,54
863,planting,56,47
864,protein,56,27
865,stop,56,44
866,bus,55,26
867,elevation,55,42
868,forces,55,49
869,functions,55,54
870,moved,55,50
871,percentage,55,49
872,perspective,55,55
873,spatial,55,45
874,vegetation,55,47
875,blue,54,43
876,feedback,54,49
877,forms,54,49
878,heavy,54,38
879,human,54,50
880,hyperbola,54,42
881,integer,54,53
882,lands,54,50
883,magnitudes,54,52
884,rad,54,49
885,resulting,54,52
886,silicon,54,46
887,statement,54,54
888,centers,53,52
889,combined,53,50
890,compare,53,53
891,copper,53,24
892,cylindrical,53,40
893,fill,53,53
894,fraction,53,50
895,gate,53,41
896,hand,53,33
897,hits,53,46
898,impedance,53,40
899,orbital,53,42
900,sinusoidal,53,53
901,states,53,50
902,amounts,52,39
903,appear,52,51
904,basketball,52,11
905,bing,52,45
906,capacitance,52,42
907,final,52,50
908,glass,52,30
909,her,52,37
910,july,52,44
911,movement,52,45
912,opening,52,39
913,proportional,52,47
914,response,52,45
915,shanghai,52,40
916,short,52,51
917,cart,51,14
918,circumference,51,46
919,effective,51,44
920,either,51,49
921,equals,51,50
922,great,51,29
923,impact,51,46
924,instantaneous,51,44
925,series,51,50
926,solenoid,51,19
927,terminal,51,44
928,child,50,25
929,coincide,50,50
930,component,50,43
931,corresponds,50,47
932,forest,50,33
933,instant,50,44
934,leaf,50,41
935,rough,50,48
936,simultaneously,50,48
937,standard,50,33
938,stops,50,39
939,tiles,50,22
940,arranged,49,49
941,best,49,49
942,built,49,46
943,changed,49,44
944,coils,49,41
945,consumption,49,31
946,electrical,49,36
947,emitter,49,44
948,gradually,49,48
949,letters,49,40
950,park,49,38
951,reflected,49,47
952,semicircles,49,33
953,strong,49,44
954,titration,49,36
955,treated,49,48
956,twice,49,48
957,uses,49,47
958,winter,49,46
959,zones,49,37
960,activity,48,34
961,athlete,48,19
962,comes,48,46
963,construction,48,43
964,delta,48,41
965,entering,48,42
966,geographical,48,43
967,january,48,41
968,mark,48,44
969,needed,48,46
970,neglecting,48,47
971,room,48,28
972,seasonal,48,38
973,thread,48,15
974,towards,48,38
975,waveform,48,42
976,bridge,47,37
977,carbon,47,32
978,completely,47,46
979,daily,47,32
980,diagrams,47,41
981,electrostatic,47,31
982,filter,47,37
983,genes,47,32
984,levels,47,41
985,magnet,47,25
986,oxygen,47,28
987,port,47,37
988,rays,47,36
989,reaching,47,44
990,sections,47,36
991,tree,47,34
992,urbanization,47,30
993,who,47,38
994,belong,46,45
995,coe,46,41
996,continent,46,41
997,cylinders,46,9
998,duration,46,40
999,duty,46,30
1000,junction,46,39
1001,last,46,42
1002,longer,46,44
1003,needs,46,46
1004,perpendicularly,46,42
1005,platform,46,22
1006,pulse,46,40
1007,put,46,43
1008,separated,46,45
1009,specific,46,38
1010,touch,46,43
1011,toward,46,43
1012,united,46,40
1013,whether,46,41
1014,whole,46,46
1015,enterprise,45,26
1016,factors,45,42
1017,happens,45,45
1018,having,45,42
1019,ions,45,21
1020,meter,45,39
1021,occurred,45,39
1022,operation,45,41
1023,pipe,45,20
1024,pyramid,45,27
1025,refer,45,45
1026,screen,45,20
1027,strip,45,27
1028,target,45,28
1029,train,45,19
1030,traveling,45,41
1031,agriculture,44,38
1032,battery,44,35
1033,boat,44,11
1034,converter,44,29
1035,corners,44,41
1036,counter,44,31
1037,diameters,44,43
1038,digits,44,35
1039,doe,44,43
1040,individuals,44,29
1041,locations,44,39
1042,pendulum,44,15
1043,remaining,44,41
1044,traveled,44,44
1045,wavelength,44,34
1046,western,44,35
1047,advantage,43,42
1048,aoe,43,37
1049,continues,43,41
1050,eastern,43,41
1051,equally,43,41
1052,explain,43,43
1053,forming,43,42
1054,give,43,43
1055,groups,43,29
1056,incident,43,34
1057,pulled,43,39
1058,rounded,43,43
1059,sectional,43,42
1060,semicircular,43,26
1061,seven,43,39
1062,stone,43,21
1063,weak,43,26
1064,aed,42,38
1065,alternating,42,34
1066,arcs,42,37
1067,atmosphere,42,36
1068,bisectors,42,40
1069,cde,42,40
1070,centered,42,38
1071,controlled,42,36
1072,crop,42,34
1073,example,42,42
1074,flows,42,37
1075,grain,42,21
1076,nine,42,37
1077,old,42,26
1078,outward,42,40
1079,research,42,35
1080,shortest,42,39
1081,well,42,37
1082,ace,41,37
1083,age,41,27
1084,analytical,41,40
1085,bit,41,32
1086,carries,41,34
1087,circulation,41,34
1088,coastal,41,39
1089,crease,41,33
1090,fields,41,26
1091,flies,41,27
1092,mol,41,20
1093,observed,41,38
1094,prime,41,35
1095,principle,41,41
1096,produce,41,41
1097,regarded,41,39
1098,resistors,41,38
1099,ship,41,22
1100,suddenly,41,38
1101,walks,41,27
1102,accordingly,40,40
1103,ant,40,23
1104,coal,40,26
1105,combination,40,40
1106,composition,40,36
1107,die,40,32
1108,enclosed,40,31
1109,flat,40,39
1110,flop,40,28
1111,individual,40,30
1112,khz,40,32
1113,learned,40,40
1114,mean,40,35
1115,national,40,38
1116,parameters,40,40
1117,producing,40,34
1118,share,40,36
1119,sheet,40,27
1120,significant,40,38
1121,spacecraft,40,22
1122,tank,40,17
1123,tied,40,37
1124,transportation,40,34
1125,wide,40,34
1126,wires,40,28
1127,ampere,39,33
1128,bottle,39,10
1129,centre,39,36
1130,close,39,38
1131,coinciding,39,39
1132,coloured,39,26
1133,consumer,39,39
1134,curved,39,26
1135,dark,39,31
1136,dce,39,35
1137,ding,39,36
1138,distances,39,37
1139,driver,39,19
1140,ecosystem,39,34
1141,exits,39,34
1142,externally,39,39
1143,fault,39,26
1144,fly,39,16
1145,full,39,31
1146,harmonic,39,32
1147,kilometers,39,34
1148,loss,39,35
1149,name,39,39
1150,numbered,39,28
1151,oab,39,32
1152,polar,39,34
1153,runoff,39,25
1154,sealed,39,34
1155,shadow,39,29
1156,study,39,35
1157,technology,39,38
1158,transport,39,28
1159,velocities,39,37
1160,allowed,38,35
1161,build,38,34
1162,effects,38,36
1163,efgh,38,32
1164,emitted,38,27
1165,far,38,34
1166,flowing,38,35
1167,freely,38,37
1168,frog,38,18
1169,hit,38,29
1170,normally,38,34
1171,overlap,38,32
1172,rods,38,20
1173,sodium,38,22
1174,standing,38,30
1175,tabletop,38,23
1176,throughout,38,37
1177,utilization,38,25
1178,walls,38,25
1179,xinjiang,38,24
1180,bicycle,37,18
1181,chang,37,26
1182,continuous,37,36
1183,developed,37,35
1184,eight,37,33
1185,enterprises,37,28
1186,environmental,37,37
1187,estimate,37,33
1188,family,37,24
1189,genetic,37,33
1190,here,37,36
1191,inductance,37,33
1192,matter,37,25
1193,molecule,37,27
1194,organisms,37,35
1195,polygon,37,27
1196,prism,37,19
1197,rivers,37,37
1198,sediment,37,23
1199,substance,37,29
1200,affecting,36,35
1201,anhui,36,19
1202,causes,36,36
1203,centres,36,30
1204,disaster,36,28
1205,electricity,36,22
1206,finally,36,35
1207,grass,36,30
1208,ice,36,20
1209,interior,36,30
1210,launch,36,30
1211,little,36,31
1212,method,36,31
1213,mon,36,31
1214,muscle,36,10
1215,noise,36,21
1216,perpendiculars,36,34
1217,proton,36,11
1218,rain,36,25
1219,refractive,36,31
1220,reservoir,36,23
1221,rings,36,20
1222,rise,36,29
1223,selected,36,33
1224,shell,36,21
1225,spheres,36,15
1226,symmetric,36,32
1227,thermal,36,33
1228,analyze,35,33
1229,balloon,35,11
1230,beginning,35,34
1231,boolean,35,33
1232,cards,35,18
1233,consumed,35,30
1234,dae,35,32
1235,dots,35,29
1236,enter,35,32
1237,exit,35,27
1238,frozen,35,12
1239,good,35,32
1240,heating,35,24
1241,keep,35,32
1242,launched,35,30
1243,layout,35,34
1244,longitude,35,33
1245,mechanical,35,34
1246,membrane,35,26
1247,planning,35,30
1248,pointing,35,34
1249,quadratic,35,29
1250,rail,35,19
1251,researchers,35,31
1252,resource,35,21
1253,semi,35,26
1254,since,35,34
1255,stations,35,24
1256,unknown,35,29
1257,vials,35,7
1258,bdc,34,33
1259,blank,34,33
1260,case,34,30
1261,colour,34,27
1262,consisting,34,33
1263,core,34,22
1264,divide,34,33
1265,ensure,34,31
1266,fourth,34,33
1267,head,34,25
1268,held,34,34
1269,increasing,34,33
1270,inward,34,34
1271,mice,34,22
1272,multiple,34,28
1273,often,34,33
1274,opened,34,33
1275,overlapping,34,31
1276,pairs,34,33
1277,proportions,34,29
1278,quantity,34,29
1279,rated,34,28
1280,returns,34,30
1281,rises,34,31
1282,solutions,34,22
1283,belts,33,23
1284,carry,33,31
1285,circumcircle,33,32
1286,closest,33,30
1287,cold,33,29
1288,cone,33,15
1289,correspond,33,33
1290,depth,33,26
1291,elements,33,27
1292,extended,33,31
1293,fluid,33,9
1294,holes,33,22
1295,hundredth,33,33
1296,incorrect,33,32
1297,industries,33,31
1298,measuring,33,31
1299,meridian,33,32
1300,numerical,33,30
1301,partial,33,33
1302,perform,33,28
1303,propagation,33,28
1304,proteins,33,15
1305,raw,33,30
1306,reads,33,19
1307,separation,33,29
1308,sled,33,4
1309,surfaces,33,28
1310,term,33,31
1311,threshold,33,28
1312,titrated,33,33
1313,undergo,33,32
1314,vehicle,33,15
1315,via,33,32
1316,atoms,32,17
1317,bde,32,32
1318,cab,32,31
1319,chosen,32,29
1320,cotton,32,11
1321,cultivated,32,24
1322,element,32,26
1323,elevator,32,8
1324,falling,32,27
1325,famous,32,31
1326,goes,32,28
1327,hours,32,29
1328,ignored,32,32
1329,inductor,32,24
1330,judge,32,31
1331,lamp,32,16
1332,naoh,32,22
1333,pond,32,20
1334,predator,32,32
1335,provided,32,30
1336,random,32,30
1337,site,32,28
1338,snow,32,16
1339,spectrum,32,28
1340,ten,32,31
1341,toll,32,5
1342,travels,32,29
1343,vehicles,32,17
1344,waves,32,16
1345,yangtze,32,26
1346,accelerating,31,28
1347,amplitude,31,25
1348,apart,31,31
1349,boe,31,31
1350,capacity,31,24
1351,carried,31,31
1352,collector,31,25
1353,considering,31,31
1354,contained,31,16
1355,cover,31,24
1356,defined,31,30
1357,described,31,31
1358,diodes,31,26
1359,drive,31,19
1360,dry,31,19
1361,exterior,31,28
1362,infinite,31,27
1363,jumps,31,18
1364,leave,31,28
1365,market,31,29
1366,min,31,22
1367,observation,31,21
1368,pedigree,31,27
1369,quality,31,27
1370,quarter,31,26
1371,speeds,31,31
1372,team,31,21
1373,transistors,31,28
1374,active,30,27
1375,banana,30,9
1376,branch,30,22
1377,card,30,13
1378,chinese,30,27
1379,constants,30,28
1380,continuously,30,30
1381,covered,30,25
1382,dice,30,16
1383,experienced,30,28
1384,film,30,12
1385,folding,30,29
1386,generally,30,30
1387,generation,30,23
1388,houses,30,15
1389,monthly,30,22
1390,painted,30,21
1391,pathway,30,23
1392,plateau,30,24
1393,projectile,30,15
1394,recent,30,30
1395,saturation,30,29
1396,sizes,30,29
1397,spherical,30,22
1398,stages,30,27
1399,strips,30,16
1400,synchronous,30,24
1401,town,30,19
1402,trait,30,15
1403,upon,30,25
1404,vibration,30,21
1405,abo,29,27
1406,accelerates,29,26
1407,adb,29,29
1408,adjusted,29,27
1409,assumed,29,27
1410,barrier,29,12
1411,binary,29,26
1412,brakes,29,19
1413,cable,29,12
1414,calculation,29,25
1415,ceiling,29,27
1416,come,29,28
1417,compute,29,27
1418,consumes,29,29
1419,differences,29,29
1420,dominant,29,29
1421,iii,29,24
1422,impulse,29,27
1423,lewis,29,22
1424,limit,29,28
1425,lying,29,28
1426,manufacturing,29,25
1427,populations,29,25
1428,processing,29,17
1429,project,29,20
1430,setup,29,28
1431,sources,29,21
1432,traffic,29,21
1433,tubes,29,13
1434,turntable,29,6
1435,working,29,23
1436,advantageous,28,21
1437,balance,28,15
1438,band,28,16
1439,bases,28,23
1440,bed,28,20
1441,bond,28,14
1442,bulbs,28,16
1443,cbd,28,27
1444,collides,28,23
1445,consecutive,28,28
1446,crops,28,24
1447,crossing,28,22
1448,developing,28,26
1449,digital,28,24
1450,error,28,26
1451,etc,28,19
1452,even,28,25
1453,flood,28,18
1454,hour,28,23
1455,japan,28,14
1456,past,28,24
1457,percent,28,27
1458,perimeters,28,25
1459,photo,28,22
1460,price,28,20
1461,rectifier,28,23
1462,revolution,28,25
1463,rock,28,17
1464,separate,28,22
1465,shapes,28,21
1466,stem,28,25
1467,substances,28,21
1468,subtropical,28,12
1469,suspension,28,20
1470,absorbed,27,25
1471,aircraft,27,6
1472,atom,27,16
1473,belongs,27,27
1474,cad,27,26
1475,caused,27,27
1476,collected,27,20
1477,contain,27,26
1478,corn,27,17
1479,dac,27,27
1480,date,27,22
1481,dimensions,27,27
1482,distinct,27,24
1483,droplet,27,7
1484,efficiency,27,27
1485,eoc,27,19
1486,fully,27,25
1487,game,27,19
1488,illustrates,27,27
1489,mercury,27,7
1490,miles,27,14
1491,mountains,27,23
1492,nutrient,27,14
1493,oriented,27,24
1494,performed,27,27
1495,periods,27,24
1496,plain,27,23
1497,plan,27,24
1498,plasmid,27,14
1499,play,27,27
1500,provide,27,26
1501,race,27,14
1502,release,27,24
1503,rheostat,27,19
1504,role,27,27
1505,sector,27,23
1506,self,27,25
1507,sketch,27,27
1508,spectral,27,22
1509,stands,27,26
1510,touches,27,27
1511,transmitted,27,20
1512,vacuum,27,25
1513,winding,27,15
1514,abcdef,26,23
1515,able,26,26
1516,amplification,26,19
1517,analysis,26,26
1518,apple,26,12
1519,axle,26,16
1520,bacteria,26,14
1521,calculated,26,24
1522,cases,26,14
1523,ch3,26,7
1524,climatic,26,26
1525,containers,26,16
1526,cost,26,21
1527,dbc,26,26
1528,develop,26,24
1529,divides,26,26
1530,electrophoresis,26,17
1531,enough,26,24
1532,enthalpy,26,7
1533,fog,26,14
1534,gray,26,17
1535,heart,26,16
1536,highway,26,16
1537,isotherm,26,22
1538,itself,26,25
1539,labor,26,19
1540,landform,26,21
1541,laser,26,9
1542,later,26,26
1543,male,26,21
1544,meteorological,26,18
1545,overall,26,25
1546,passed,26,25
1547,photograph,26,18
1548,pqrs,26,20
1549,pure,26,23
1550,ramp,26,13
1551,reflect,26,26
1552,restriction,26,16
1553,rice,26,12
1554,safety,26,16
1555,schematically,26,26
1556,successfully,26,22
1557,symbol,26,21
1558,upwards,26,25
1559,usually,26,24
1560,view,26,25
1561,xiao,26,18
1562,abco,25,18
1563,algae,25,25
1564,amino,25,13
1565,ampicillin,25,7
1566,ancient,25,21
1567,august,25,24
1568,automobile,25,16
1569,bce,25,25
1570,blood,25,17
1571,collide,25,21
1572,compounds,25,24
1573,crossed,25,18
1574,delay,25,19
1575,desertification,25,9
1576,designed,25,25
1577,dioxide,25,20
1578,emits,25,23
1579,evaporation,25,15
1580,garden,25,18
1581,inequalities,25,25
1582,injected,25,22
1583,investigation,25,24
1584,islands,25,19
1585,jump,25,17
1586,kinds,25,24
1587,leaving,25,23
1588,legs,25,24
1589,max,25,14
1590,mid,25,25
1591,mutant,25,14
1592,photosynthesis,25,20
1593,poured,25,10
1594,prices,25,21
1595,provinces,25,23
1596,pump,25,10
1597,reflects,25,25
1598,satisfies,25,24
1599,scientific,25,21
1600,shorter,25,24
1601,similarity,25,22
1602,switching,25,24
1603,temperatures,25,22
1604,thick,25,24
1605,transparent,25,17
1606,wound,25,20
1607,abcde,24,20
1608,activities,24,23
1609,actual,24,22
1610,aef,24,23
1611,celestial,24,13
1612,centripetal,24,18
1613,clear,24,23
1614,co2,24,13
1615,completed,24,19
1616,correctly,24,23
1617,demand,24,17
1618,disasters,24,23
1619,draws,24,20
1620,electromagnetic,24,14
1621,elliptical,24,16
1622,equator,24,21
1623,established,24,22
1624,exist,24,23
1625,female,24,16
1626,global,24,22
1627,growing,24,19
1628,haze,24,11
1629,interference,24,15
1630,inverter,24,20
1631,june,24,22
1632,longest,24,24
1633,million,24,20
1634,minutes,24,21
1635,mode,24,23
1636,nerve,24,12
1637,operational,24,22
1638,pacific,24,21
1639,parameter,24,23
1640,paths,24,23
1641,pictured,24,24
1642,positively,24,23
1643,prevailing,24,18
1644,prevent,24,21
1645,provincial,24,20
1646,pull,24,21
1647,readings,24,20
1648,recessive,24,21
1649,residential,24,16
1650,rigid,24,20
1651,rotational,24,18
1652,seawater,24,17
1653,signals,24,16
1654,solstice,24,20
1655,split,24,19
1656,sunlight,24,19
1657,terminator,24,20
1658,tourism,24,18
1659,transferred,24,21
1660,translated,24,21
1661,turned,24,19
1662,volumes,24,22
1663,wild,24,16
1664,animals,23,19
1665,better,23,20
1666,children,23,15
1667,commercial,23,19
1668,comparison,23,23
1669,culture,23,12
1670,dart,23,10
1671,dependency,23,11
1672,drawing,23,22
1673,egg,23,17
1674,evolution,23,22
1675,insulated,23,21
1676,joined,23,22
1677,layers,23,19
1678,maintain,23,23
1679,matrix,23,16
1680,negatively,23,23
1681,orbits,23,19
1682,organic,23,12
1683,passenger,23,12
1684,reached,23,23
1685,regarding,23,23
1686,resultant,23,20
1687,return,23,23
1688,root,23,18
1689,sand,23,16
1690,sites,23,17
1691,strings,23,15
1692,sub,23,20
1693,sunset,23,21
1694,surrounding,23,22
1695,tiangong,23,12
1696,torque,23,22
1697,trends,23,23
1698,true,23,23
1699,unity,23,22
1700,voltages,23,21
1701,wheat,23,16
1702,window,23,12
1703,wing,23,10
1704,ambient,22,9
1705,bias,22,18
1706,boiling,22,17
1707,code,22,17
1708,concentrations,22,20
1709,constraints,22,22
1710,consume,22,22
1711,create,22,22
1712,deceleration,22,17
1713,downwards,22,20
1714,endpoints,22,20
1715,entry,22,9
1716,expressions,22,21
1717,flag,22,14
1718,flagpole,22,10
1719,formula,22,18
1720,gets,22,20
1721,gives,22,22
1722,glucose,22,9
1723,identify,22,22
1724,inputs,22,21
1725,investment,22,14
1726,kangaroo,22,14
1727,kept,22,22
1728,know,22,22
1729,lane,22,9
1730,machine,22,15
1731,minimized,22,22
1732,mixed,22,12
1733,neighbouring,22,16
1734,octagon,22,17
1735,poles,22,19
1736,rainfall,22,15
1737,rapid,22,22
1738,reasonable,22,22
1739,received,22,18
1740,relation,22,19
1741,respiration,22,16
1742,ropes,22,17
1743,scientists,22,18
1744,sound,22,5
1745,stream,22,10
1746,transformation,22,22
1747,valley,22,16
1748,wxyz,22,20
1749,achieve,21,21
1750,adult,21,21
1751,ahead,21,17
1752,aluminum,21,13
1753,apb,21,15
1754,behavior,21,19
1755,bird,21,17
1756,butterfly,21,18
1757,chromosome,21,11
1758,class,21,15
1759,colored,21,17
1760,compound,21,18
1761,concentric,21,16
1762,cookies,21,3
1763,decelerated,21,17
1764,december,21,21
1765,deflection,21,17
1766,determined,21,21
1767,dielectric,21,11
1768,discharge,21,17
1769,driving,21,19
1770,dryer,21,5
1771,empty,21,18
1772,exchange,21,14
1773,eye,21,15
1774,flops,21,19
1775,forecast,21,20
1776,fourier,21,19
1777,frictionless,21,16
1778,general,21,21
1779,graphic,21,21
1780,guangzhou,21,14
1781,guide,21,9
1782,heated,21,16
1783,hitting,21,21
1784,hung,21,14
1785,hydrological,21,14
1786,hydropower,21,12
1787,ignore,21,21
1788,infinitely,21,18
1789,labelled,21,18
1790,logical,21,20
1791,modulation,21,18
1792,photosynthetic,21,14
1793,pqr,21,20
1794,randomly,21,21
1795,runs,21,16
1796,showing,21,21
1797,sided,21,19
1798,support,21,21
1799,textual,21,21
1800,tourist,21,13
1801,towns,21,17
1802,2no,20,11
1803,airplane,20,11
1804,alleles,20,11
1805,amperes,20,20
1806,applies,20,19
1807,appropriate,20,19
1808,bacterial,20,15
1809,bmatrix,20,6
1810,butane,20,6
1811,cdef,20,13
1812,collisions,20,14
1813,conductive,20,14
1814,configuration,20,18
1815,convex,20,18
1816,county,20,16
1817,course,20,20
1818,cubic,20,17
1819,cup,20,9
1820,dates,20,16
1821,decelerate,20,16
1822,defg,20,15
1823,dissipated,20,18
1824,earlier,20,19
1825,europe,20,18
1826,expected,20,17
1827,experiences,20,19
1828,factories,20,18
1829,flowering,20,9
1830,flowers,20,13
1831,fundamental,20,20
1832,gap,20,15
1833,hexagons,20,13
1834,inch,20,16
1835,incline,20,13
1836,isotherms,20,19
1837,joining,20,18
1838,kite,20,12
1839,lattice,20,17
1840,leading,20,17
1841,migration,20,13
1842,ming,20,14
1843,molecular,20,15
1844,multi,20,14
1845,october,20,19
1846,organ,20,20
1847,orientation,20,17
1848,originally,20,20
1849,patterns,20,14
1850,perfectly,20,20
1851,physical,20,20
1852,portion,20,19
1853,rear,20,11
1854,receives,20,18
1855,ripple,20,18
1856,rms,20,19
1857,scores,20,15
1858,seed,20,12
1859,southeast,20,19
1860,stability,20,18
1861,supplied,20,20
1862,took,20,20
1863,transform,20,18
1864,turning,20,13
1865,varies,20,19
1866,viewed,20,19
1867,walk,20,17
1868,wet,20,10
1869,acts,19,19
1870,addition,19,18
1871,amp,19,19
1872,appears,19,17
1873,basic,19,19
1874,birth,19,16
1875,bob,19,10
1876,camera,19,8
1877,cargo,19,6
1878,carrier,19,16
1879,chengdu,19,14
1880,chongqing,19,14
1881,cluster,19,15
1882,coefficients,19,19
1883,coin,19,7
1884,coins,19,8
1885,coli,19,11
1886,colours,19,12
1887,currently,19,18
1888,died,19,19
1889,divisible,19,14
1890,docking,19,9
1891,dominoes,19,6
1892,early,19,16
1893,endpoint,19,18
1894,enzymes,19,11
1895,factory,19,16
1896,fast,19,17
1897,future,19,19
1898,gases,19,16
1899,geographic,19,19
1900,golden,19,11
1901,hcl,19,18
1902,hemoglobin,19,11
1903,illumination,19,18
1904,interaction,19,15
1905,keeping,19,19
1906,laid,19,19
1907,maximized,19,18
1908,molar,19,17
1909,ningxia,19,14
1910,northwest,19,17
1911,octahedron,19,8
1912,particular,19,19
1913,peter,19,13
1914,police,19,3
1915,property,19,19
1916,quadrilaterals,19,16
1917,quiescent,19,16
1918,reduced,19,19
1919,reduction,19,11
1920,relativistic,19,12
1921,seeds,19,12
1922,semiconductor,19,12
1923,september,19,19
1924,sign,19,14
1925,simplified,19,19
1926,solve,19,19
1927,stored,19,17
1928,supporting,19,18
1929,tracks,19,11
1930,village,19,11
1931,volt,19,15
1932,wedge,19,7
1933,wheels,19,15
1934,acids,18,15
1935,additional,18,18
1936,aec,18,18
1937,affect,18,18
1938,agar,18,10
1939,aligned,18,17
1940,anomaly,18,8
1941,available,18,16
1942,baffle,18,8
1943,balanced,18,17
1944,basket,18,8
1945,bounded,18,18
1946,cabin,18,5
1947,carnivore,18,18
1948,centroid,18,18
1949,charts,18,15
1950,chromosomes,18,17
1951,closely,18,18
1952,combine,18,18
1953,concentrated,18,16
1954,creating,18,17
1955,dam,18,12
1956,decreased,18,18
1957,design,18,16
1958,domino,18,4
1959,earthquake,18,7
1960,eats,18,18
1961,electronic,18,14
1962,emergency,18,11
1963,erosion,18,11
1964,ethylene,18,5
1965,exact,18,18
1966,extending,18,17
1967,facing,18,14
1968,feeds,18,18
1969,flesh,18,9
1970,gel,18,9
1971,grade,18,10
1972,house,18,12
1973,humans,18,17
1974,hydroxide,18,13
1975,infer,18,18
1976,interactions,18,18
1977,intersections,18,18
1978,march,18,16
1979,meeting,18,13
1980,minor,18,17
1981,mount,18,8
1982,november,18,18
1983,occurrence,18,18
1984,outputs,18,15
1985,patient,18,9
1986,performance,18,15
1987,pistons,18,4
1988,proposed,18,18
1989,quantities,18,14
1990,quickly,18,18
1991,reduce,18,17
1992,reference,18,17
1993,regression,18,14
1994,regulator,18,17
1995,relevant,18,18
1996,removing,18,12
1997,resistances,18,18
1998,rim,18,13
1999,ripening,18,10
2000,running,18,15
2001,shift,18,14
2002,spacing,18,18
2003,started,18,17
2004,statistic,18,18
2005,stick,18,13
2006,street,18,8
2007,suburbs,18,14
2008,sums,18,14
2009,supplies,18,17
2010,systems,18,17
2011,tangency,18,17
2012,tarim,18,11
2013,transverse,18,17
2014,typical,18,18
2015,workers,18,14
2016,agglomeration,17,14
2017,birds,17,14
2018,breaks,17,10
2019,cloud,17,13
2020,community,17,16
2021,company,17,13
2022,comparing,17,17
2023,compressed,17,13
2024,conduct,17,17
2025,conducted,17,17
2026,dab,17,17
2027,describes,17,16
2028,differential,17,13
2029,dotted,17,15
2030,engine,17,9
2031,eof,17,16
2032,experience,17,16
2033,extract,17,10
2034,favorable,17,17
2035,feed,17,17
2036,fig,17,7
2037,flight,17,15
2038,geometric,17,13
2039,greatly,17,17
2040,herbivore,17,17
2041,hinge,17,8
2042,however,17,17
2043,hyperbolic,17,11
2044,include,17,17
2045,insect,17,15
2046,jiangsu,17,13
2047,latitudes,17,16
2048,look,17,16
2049,lost,17,15
2050,maps,17,14
2051,mechanism,17,14
2052,metres,17,13
2053,monochromatic,17,13
2054,months,17,16
2055,observatory,17,7
2056,obvious,17,17
2057,opamp,17,15
2058,operates,17,17
2059,orange,17,11
2060,pcr,17,12
2061,player,17,11
2062,precisely,17,17
2063,qinghai,17,9
2064,rates,17,15
2065,reactance,17,13
2066,refraction,17,11
2067,sampling,17,15
2068,service,17,14
2069,shandong,17,12
2070,smoothly,17,16
2071,spaced,17,16
2072,stacked,17,17
2073,swing,17,10
2074,symmetrical,17,17
2075,traits,17,12
2076,vector,17,13
2077,went,17,17
2078,10m,16,14
2079,abscissa,16,16
2080,accelerate,16,16
2081,accompanying,16,16
2082,administrative,16,13
2083,advantages,16,15
2084,airflow,16,14
2085,analytic,16,16
2086,april,16,12
2087,autonomous,16,15
2088,behind,16,15
2089,biological,16,12
2090,centimetres,16,16
2091,classified,16,12
2092,colliding,16,16
2093,columns,16,14
2094,computer,16,12
2095,connection,16,14
2096,created,16,16
2097,dec,16,15
2098,depends,16,16
2099,detection,16,14
2100,district,16,5
2101,division,16,10
2102,door,16,5
2103,economy,16,13
2104,equipment,16,14
2105,evacuated,16,16
2106,exceed,16,15
2107,exploration,16,14
2108,extensions,16,16
2109,filament,16,8
2110,fresh,16,10
2111,genotypes,16,14
2112,goods,16,8
2113,gradient,16,10
2114,hemispherical,16,9
2115,hint,16,15
2116,indicator,16,15
2117,inferred,16,16
2118,jumping,16,10
2119,laundry,16,4
2120,means,16,15
2121,mirror,16,12
2122,morning,16,14
2123,movable,16,15
2124,notices,16,15
2125,obc,16,16
2126,observer,16,5
2127,occurring,16,16
2128,oscillation,16,11
2129,oscillator,16,15
2130,outlet,16,10
2131,plans,16,16
2132,positioned,16,15
2133,prepared,16,16
2134,processes,16,16
2135,proportionality,16,14
2136,recorded,16,16
2137,reflective,16,4
2138,resistive,16,16
2139,reverse,16,12
2140,rows,16,14
2141,rubber,16,8
2142,satisfying,16,16
2143,score,16,13
2144,serial,16,13
2145,sets,16,15
2146,shenzhou,16,10
2147,shot,16,10
2148,significance,16,16
2149,spiral,16,7
2150,statistics,16,16
2151,stiffness,16,16
2152,structural,16,16
2153,synthesis,16,15
2154,tangents,16,16
2155,tennis,16,4
2156,throws,16,15
2157,thrust,16,10
2158,touching,16,16
2159,transformed,16,16
2160,trees,16,13
2161,undergoing,16,15
2162,variables,16,16
2163,vegetable,16,11
2164,worker,16,6
2165,yunnan,16,14
2166,zoning,16,16
2167,12v,15,15
2168,accelerations,15,15
2169,acute,15,13
2170,aefg,15,11
2171,anna,15,9
2172,astronaut,15,9
2173,autosomal,15,13
2174,avoid,15,12
2175,backboard,15,4
2176,bank,15,13
2177,beaker,15,7
2178,bec,15,14
2179,begin,15,14
2180,brick,15,11
2181,broken,15,14
2182,bug,15,7
2183,bullet,15,4
2184,cae,15,15
2185,catches,15,12
2186,chords,15,13
2187,closing,15,14
2188,collection,15,8
2189,consumers,15,13
2190,continue,15,15
2191,controlling,15,11
2192,corridor,15,10
2193,critical,15,11
2194,dense,15,12
2195,detected,15,11
2196,devices,15,12
2197,dimensional,15,15
2198,doing,15,14
2199,downstream,15,11
2200,droplets,15,7
2201,dust,15,9
2202,eac,15,13
2203,easily,15,14
2204,eat,15,14
2205,embankment,15,7
2206,evening,15,15
2207,evidence,15,13
2208,fibers,15,10
2209,fruits,15,6
2210,genotype,15,12
2211,going,15,15
2212,hall,15,6
2213,holds,15,15
2214,implemented,15,15
2215,independent,15,15
2216,independently,15,15
2217,insects,15,11
2218,installed,15,14
2219,led,15,12
2220,lift,15,13
2221,lima,15,7
2222,marks,15,12
2223,massless,15,15
2224,mathematical,15,14
2225,meets,15,14
2226,momentum,15,10
2227,mos,15,12
2228,mouse,15,14
2229,northeast,15,15
2230,nymph,15,13
2231,offspring,15,13
2232,operate,15,15
2233,oxide,15,14
2234,pab,15,15
2235,periodic,15,13
2236,petroleum,15,12
2237,phone,15,6
2238,presence,15,15
2239,probe,15,11
2240,provides,15,15
2241,pulleys,15,9
2242,push,15,13
2243,remove,15,11
2244,replaced,15,15
2245,resistivity,15,15
2246,rolling,15,12
2247,routes,15,15
2248,saw,15,13
2249,settlement,15,10
2250,showed,15,14
2251,sine,15,14
2252,sitting,15,10
2253,ski,15,9
2254,storage,15,12
2255,structures,15,15
2256,studied,15,15
2257,studying,15,15
2258,superconducting,15,6
2259,textile,15,11
2260,thyristor,15,7
2261,timing,15,15
2262,tributary,15,8
2263,trolley,15,5
2264,uncharged,15,15
2265,unshaded,15,15
2266,upstream,15,11
2267,vapor,15,13
2268,visible,15,13
2269,word,15,11
2270,writes,15,14
2271,yes,15,15
2272,allelic,14,8
2273,arrangement,14,13
2274,bands,14,9
2275,bandwidth,14,11
2276,baseband,14,13
2277,bef,14,14
2278,bode,14,13
2279,border,14,11
2280,bright,14,10
2281,brown,14,10
2282,capacitors,14,12
2283,cardiac,14,11
2284,cbe,14,12
2285,chi,14,14
2286,circumscribed,14,14
2287,colors,14,13
2288,competent,14,7
2289,composite,14,12
2290,compression,14,11
2291,converted,14,12
2292,costs,14,12
2293,crosswalk,14,3
2294,cuts,14,13
2295,cutting,14,11
2296,decompose,14,14
2297,drew,14,14
2298,eggs,14,11
2299,electrode,14,9
2300,elongation,14,10
2301,export,14,9
2302,farthest,14,13
2303,few,14,14
2304,fiber,14,12
2305,filling,14,13
2306,fine,14,14
2307,fishing,14,7
2308,folds,14,13
2309,follow,14,14
2310,gates,14,12
2311,gently,14,12
2312,geography,14,14
2313,groundwater,14,11
2314,hairless,14,3
2315,hereditary,14,11
2316,improve,14,14
2317,incidence,14,11
2318,india,14,12
2319,interest,14,14
2320,introduced,14,13
2321,inverting,14,12
2322,investigate,14,14
2323,kangaroos,14,7
2324,keeps,14,14
2325,kilometer,14,12
2326,kingdom,14,11
2327,lighter,14,9
2328,losses,14,13
2329,mainland,14,11
2330,maintains,14,12
2331,matches,14,12
2332,members,14,10
2333,mhz,14,10
2334,minute,14,11
2335,monkey,14,4
2336,mutual,14,14
2337,navigation,14,12
2338,nearly,14,14
2339,neutral,14,14
2340,permafrost,14,7
2341,phenotypes,14,10
2342,planned,14,14
2343,policy,14,10
2344,pollen,14,9
2345,pool,14,5
2346,potentials,14,13
2347,previous,14,13
2348,problems,14,14
2349,realized,14,14
2350,reducing,14,10
2351,referred,14,14
2352,respective,14,14
2353,rocket,14,8
2354,rolled,14,14
2355,rolls,14,14
2356,satellites,14,10
2357,scales,14,10
2358,separately,14,14
2359,sized,14,14
2360,spot,14,11
2361,strategy,14,13
2362,strongest,14,14
2363,subjected,14,13
2364,sunshine,14,9
2365,swings,14,12
2366,taut,14,11
2367,throwing,14,9
2368,tons,14,11
2369,tropical,14,12
2370,vegetables,14,12
2371,week,14,12
2372,weights,14,8
2373,yield,14,11
2374,ability,13,12
2375,absorption,13,7
2376,adding,13,13
2377,affects,13,13
2378,antarctic,13,13
2379,aquatic,13,12
2380,aspect,13,13
2381,associated,13,11
2382,astronomical,13,8
2383,barrel,13,6
2384,becoming,13,11
2385,bigger,13,11
2386,biggest,13,13
2387,brain,13,12
2388,breeding,13,11
2389,bring,13,13
2390,canada,13,9
2391,catch,13,12
2392,cents,13,4
2393,chose,13,7
2394,complex,13,11
2395,conduction,13,11
2396,contents,13,13
2397,daytime,13,13
2398,deep,13,13
2399,deposition,13,12
2400,differentiation,13,12
2401,dining,13,3
2402,dipole,13,7
2403,dissipation,13,10
2404,drought,13,8
2405,emission,13,12
2406,entered,13,12
2407,equations,13,13
2408,eventually,13,13
2409,fan,13,5
2410,flying,13,11
2411,football,13,5
2412,further,13,13
2413,gold,13,8
2414,han,13,8
2415,heights,13,11
2416,hollow,13,12
2417,home,13,11
2418,incenter,13,13
2419,inextensible,13,13
2420,intermolecular,13,13
2421,joule,13,13
2422,lights,13,10
2423,lithosphere,13,11
2424,logo,13,8
2425,mars,13,4
2426,measurements,13,13
2427,medians,13,13
2428,mother,13,8
2429,norway,13,5
2430,npn,13,12
2431,odd,13,12
2432,own,13,12
2433,partially,13,11
2434,permeability,13,11
2435,placing,13,13
2436,png,13,13
2437,projection,13,11
2438,reasons,13,13
2439,remote,13,12
2440,rocks,13,13
2441,rst,13,12
2442,run,13,12
2443,salt,13,9
2444,sampled,13,11
2445,seasons,13,13
2446,sec,13,11
2447,selection,13,12
2448,significantly,13,12
2449,situated,13,13
2450,soft,13,13
2451,southwest,13,13
2452,spokes,13,7
2453,statements,13,12
2454,sulfate,13,11
2455,surrounded,13,11
2456,teacher,13,12
2457,territory,13,13
2458,thereby,13,13
2459,therefore,13,13
2460,tibet,13,10
2461,tile,13,10
2462,trisection,13,12
2463,trunk,13,7
2464,versus,13,13
2465,x0008,13,12
2466,xiaoming,13,11
2467,abf,12,11
2468,actively,12,12
2469,adjoining,12,12
2470,allele,12,8
2471,american,12,11
2472,amusement,12,12
2473,arid,12,10
2474,artificial,12,12
2475,atm,12,11
2476,bae,12,12
2477,baf,12,12
2478,bars,12,5
2479,became,12,10
2480,biased,12,12
2481,billboard,12,3
2482,bits,12,11
2483,bohai,12,8
2484,books,12,5
2485,bounces,12,12
2486,boundaries,12,8
2487,boxes,12,7
2488,branches,12,11
2489,brazil,12,9
2490,bricks,12,7
2491,cdb,12,11
2492,century,12,12
2493,circuited,12,11
2494,conclusion,12,12
2495,confidence,12,12
2496,count,12,11
2497,crane,12,6
2498,crosses,12,7
2499,cultivation,12,12
2500,curvature,12,7
2501,darth,12,3
2502,depict,12,12
2503,desert,12,12
2504,diamond,12,12
2505,differ,12,12
2506,doping,12,7
2507,drainage,12,11
2508,drops,12,11
2509,exert,12,9
2510,explore,12,12
2511,exposed,12,10
2512,fastest,12,12
2513,february,12,12
2514,fed,12,12
2515,finite,12,11
2516,fountain,12,3
2517,fringe,12,9
2518,got,12,4
2519,grape,12,8
2520,grasshopper,12,12
2521,gun,12,10
2522,him,12,9
2523,hold,12,11
2524,hybridization,12,9
2525,income,12,8
2526,inductive,12,12
2527,influencing,12,12
2528,inherited,12,12
2529,instead,12,12
2530,internally,12,8
2531,jilin,12,7
2532,john,12,7
2533,judged,12,12
2534,laboratory,12,10
2535,lander,12,6
2536,larva,12,11
2537,leg,12,11
2538,link,12,11
2539,loess,12,9
2540,lossless,12,12
2541,magic,12,8
2542,measurement,12,12
2543,metabolic,12,10
2544,mouth,12,10
2545,municipality,12,8
2546,nyquist,12,8
2547,observe,12,12
2548,oleic,12,2
2549,paint,12,7
2550,pearl,12,10
2551,performs,12,12
2552,phenotype,12,8
2553,planes,12,11
2554,producers,12,12
2555,prove,12,12
2556,railways,12,9
2557,ranging,12,12
2558,reciprocal,12,10
2559,reflection,12,11
2560,ride,12,7
2561,roads,12,10
2562,rpm,12,8
2563,said,12,11
2564,sandstorms,12,8
2565,seat,12,9
2566,sensor,12,10
2567,shaft,12,9
2568,shooting,12,10
2569,sichuan,12,9
2570,solubility,12,12
2571,stand,12,8
2572,status,12,12
2573,stones,12,6
2574,substrate,12,12
2575,sucrose,12,5
2576,switches,12,12
2577,tail,12,10
2578,trapezoids,12,9
2579,trigger,12,10
2580,triggered,12,11
2581,trophic,12,9
2582,vader,12,3
2583,valves,12,6
2584,walking,12,12
2585,warm,12,11
2586,waveforms,12,11
2587,wings,12,7
2588,2bc,11,11
2589,2nd,11,10
2590,abcdefgh,11,10
2591,abp,11,11
2592,absolute,11,10
2593,aco,11,7
2594,adjusting,11,10
2595,admittance,11,11
2596,aecf,11,9
2597,airbag,11,2
2598,airport,11,5
2599,annulus,11,4
2600,antarctica,11,11
2601,approaches,11,11
2602,ascent,11,9
2603,asia,11,11
2604,assembled,11,11
2605,balloons,11,7
2606,basis,11,11
2607,bca,11,11
2608,began,11,11
2609,bending,11,9
2610,beq,11,11
2611,beside,11,11
2612,bisecting,11,10
2613,bjt,11,8
2614,brake,11,10
2615,break,11,8
2616,bridges,11,7
2617,bubble,11,2
2618,buffer,11,9
2619,cardboard,11,4
2620,cathode,11,9
2621,cdf,11,11
2622,chromatography,11,7
2623,clothing,11,9
2624,cof,11,11
2625,coleoptile,11,3
2626,commodity,11,7
2627,commonly,11,11
2628,competition,11,10
2629,cooling,11,5
2630,correlation,11,10
2631,cosmic,11,9
2632,dcb,11,10
2633,decomposition,11,10
2634,deer,11,11
2635,delivered,11,11
2636,demonstration,11,11
2637,denotes,11,11
2638,derive,11,10
2639,detergent,11,4
2640,dictionary,11,1
2641,disc,11,6
2642,discovered,11,11
2643,discrete,11,11
2644,display,11,8
2645,dropped,11,7
2646,ead,11,11
2647,eastward,11,8
2648,edc,11,9
2649,enamel,11,4
2650,encloses,11,10
2651,equipped,11,11
2652,escape,11,4
2653,eta,11,11
2654,exam,11,9
2655,excited,11,11
2656,exiting,11,9
2657,experiments,11,11
2658,faced,11,11
2659,feature,11,11
2660,fitted,11,11
2661,fluorescent,11,10
2662,foreign,11,10
2663,freight,11,8
2664,frequencies,11,10
2665,fringes,11,5
2666,generating,11,11
2667,goalkeeper,11,5
2668,grassland,11,11
2669,grow,11,10
2670,guizhou,11,10
2671,hot,11,6
2672,includes,11,11
2673,inflow,11,10
2674,international,11,11
2675,isolines,11,11
2676,jiuquan,11,9
2677,judging,11,11
2678,landscapes,11,11
2679,lily,11,5
2680,links,11,9
2681,logistics,11,7
2682,margin,11,10
2683,minimal,11,10
2684,missing,11,11
2685,motorcycle,11,3
2686,mutation,11,11
2687,newly,11,11
2688,nor,11,11
2689,nuclear,11,9
2690,nucleus,11,9
2691,ocd,11,8
2692,ohm,11,10
2693,ones,11,10
2694,ordered,11,9
2695,oscillations,11,9
2696,outline,11,8
2697,page,11,10
2698,peat,11,2
2699,photographer,11,7
2700,phylogenetic,11,8
2701,prey,11,11
2702,promote,11,11
2703,protons,11,9
2704,public,11,10
2705,pumps,11,5
2706,purely,11,10
2707,purpose,11,11
2708,quadrants,11,10
2709,quantum,11,4
2710,rapidly,11,11
2711,regulated,11,9
2712,regulation,11,9
2713,relocation,11,5
2714,rendezvous,11,8
2715,rent,11,11
2716,report,11,9
2717,ridge,11,9
2718,rising,11,11
2719,roll,11,9
2720,rural,11,11
2721,sequential,11,11
2722,shared,11,11
2723,shares,11,9
2724,slightly,11,11
2725,snail,11,7
2726,southeastern,11,11
2727,special,11,11
2728,stars,11,7
2729,stuck,11,11
2730,sugar,11,10
2731,supports,11,7
2732,tensions,11,10
2733,theory,11,8
2734,thus,11,11
2735,tomato,11,5
2736,trade,11,10
2737,traditional,11,10
2738,varieties,11,9
2739,variety,11,8
2740,want,11,8
2741,wine,11,6
2742,withstand,11,9
2743,xyz,11,10
2744,young,11,11
2745,100m,10,9
2746,10v,10,10
2747,314t,10,7
2748,aba,10,3
2749,absorbs,10,10
2750,accident,10,10
2751,achieved,10,10
2752,adam,10,5
2753,aeb,10,10
2754,afb,10,10
2755,afc,10,10
2756,allowing,10,10
2757,allows,10,10
2758,although,10,10
2759,analyzed,10,10
2760,answers,10,9
2761,arctic,10,9
2762,argon,10,5
2763,arms,10,7
2764,asymptotic,10,10
2765,atlantic,10,10
2766,autumn,10,8
2767,bof,10,10
2768,book,10,6
2769,brightness,10,10
2770,brought,10,10
2771,cake,10,5
2772,call,10,10
2773,cat,10,5
2774,cbf,10,9
2775,ch3ch,10,7
2776,chloride,10,6
2777,chopper,10,9
2778,circuits,10,10
2779,coleoptiles,10,3
2780,coming,10,10
2781,communication,10,9
2782,cord,10,10
2783,cubical,10,7
2784,cuno,10,10
2785,darts,10,8
2786,declined,10,10
2787,departments,10,9
2788,dependence,10,10
2789,depicts,10,10
2790,desired,10,8
2791,desorption,10,2
2792,diaoyu,10,6
2793,displaced,10,7
2794,diurnal,10,9
2795,dividing,10,10
2796,diving,10,5
2797,dollars,10,9
2798,dome,10,4
2799,domestic,10,9
2800,drying,10,3
2801,dryness,10,4
2802,eab,10,10
2803,efc,10,8
2804,employees,10,7
2805,eod,10,10
2806,establish,10,10
2807,european,10,8
2808,extremely,10,10
2809,fifth,10,10
2810,fills,10,9
2811,flask,10,3
2812,gdp,10,5
2813,geostationary,10,5
2814,glasses,10,3
2815,glue,10,5
2816,grows,10,8
2817,hands,10,5
2818,helium,10,8
2819,help,10,10
2820,highly,10,10
2821,hpa,10,10
2822,hundred,10,10
2823,hypothesis,10,9
2824,images,10,8
2825,implement,10,10
2826,included,10,10
2827,inheritance,10,8
2828,inserted,10,7
2829,intensities,10,8
2830,interface,10,10
2831,intervals,10,10
2832,isobars,10,10
2833,jklm,10,10
2834,kunming,10,10
2835,laptop,10,5
2836,lateral,10,10
2837,lens,10,5
2838,locks,10,9
2839,males,10,8
2840,manner,10,10
2841,migrant,10,7
2842,mining,10,8
2843,modes,10,10
2844,moisture,10,7
2845,monsoon,10,10
2846,mosfet,10,7
2847,motionless,10,9
2848,nacl,10,6
2849,narrow,10,9
2850,neighbours,10,5
2851,nodes,10,9
2852,obviously,10,10
2853,package,10,2
2854,passage,10,8
2855,paul,10,6
2856,peptide,10,8
2857,permittivity,10,8
2858,phenomena,10,9
2859,pictures,10,8
2860,planks,10,3
2861,pointed,10,10
2862,produces,10,10
2863,propagates,10,9
2864,pushed,10,10
2865,raindrop,10,2
2866,rainy,10,9
2867,raised,10,10
2868,rapeseed,10,3
2869,rather,10,10
2870,receiving,10,9
2871,records,10,10
2872,reflex,10,8
2873,relaxed,10,7
2874,releases,10,9
2875,replace,10,10
2876,residues,10,4
2877,rides,10,6
2878,rightward,10,9
2879,roller,10,4
2880,russia,10,9
2881,safely,10,8
2882,samples,10,9
2883,saturated,10,9
2884,scheme,10,9
2885,select,10,9
2886,separates,10,8
2887,sequentially,10,10
2888,serve,10,10
2889,sex,10,9
2890,shale,10,9
2891,sharks,10,7
2892,shore,10,8
2893,simplicity,10,10
2894,sky,10,10
2895,sleeved,10,9
2896,slow,10,10
2897,snakes,10,10
2898,sofa,10,2
2899,somewhat,10,7
2900,soybean,10,6
2901,spectrometer,10,10
2902,spinning,10,10
2903,squared,10,10
2904,stabilization,10,8
2905,stack,10,6
2906,subsequently,10,10
2907,suburban,10,7
2908,successively,10,8
2909,sufficient,10,10
2910,super,10,3
2911,taiwan,10,9
2912,tertiary,10,10
2913,testing,10,9
2914,theorem,10,10
2915,thevenin,10,10
2916,thousand,10,10
2917,tightly,10,10
2918,tip,10,8
2919,toothpicks,10,4
2920,training,10,8
2921,transformers,10,10
2922,transported,10,10
2923,trapezium,10,7
2924,tray,10,6
2925,trip,10,10
2926,truth,10,8
2927,tungsten,10,4
2928,turbine,10,3
2929,twelve,10,7
2930,unfolded,10,10
2931,universe,10,6
2932,virtual,10,6
2933,volcanic,10,8
2934,wanted,10,8
2935,weigh,10,8
2936,wrapped,10,8
2937,wrote,10,10
2938,wuhan,10,7
2939,yeast,10,4
2940,accounts,9,8
2941,accumulated,9,6
2942,acf,9,9
2943,adithya,9,3
2944,adjust,9,9
2945,afe,9,9
2946,aged,9,5
2947,ants,9,7
2948,approximated,9,9
2949,arch,9,4
2950,arrives,9,9
2951,atomic,9,9
2952,automatic,9,9
2953,ayding,9,3
2954,bamboo,9,5
2955,beetle,9,9
2956,benefit,9,9
2957,bisect,9,9
2958,blowing,9,7
2959,bush,9,5
2960,button,9,7
2961,cancer,9,5
2962,cef,9,9
2963,charging,9,4
2964,chooses,9,7
2965,chute,9,1
2966,cmos,9,9
2967,cob,9,9
2968,combinations,9,8
2969,conductivity,9,9
2970,conductors,9,5
2971,consistent,9,8
2972,constraint,9,9
2973,coulomb,9,9
2974,counted,9,9
2975,covers,9,8
2976,crawls,9,7
2977,crossbeam,9,3
2978,curling,9,2
2979,department,9,8
2980,depend,9,9
2981,derivative,9,9
2982,deviates,9,9
2983,differentiable,9,9
2984,dissolved,9,4
2985,distilled,9,9
2986,drives,9,9
2987,elapsed,9,8
2988,elderly,9,6
2989,electrodes,9,8
2990,emit,9,9
2991,entries,9,6
2992,evaluate,9,8
2993,event,9,8
2994,excellent,9,9
2995,excess,9,8
2996,existing,9,9
2997,extinct,9,9
2998,eyes,9,7
2999,faster,9,9
3000,features,9,9
3001,fence,9,4
3002,flasks,9,7
3003,fleshed,9,2
3004,fragment,9,6
3005,freezing,9,8
3006,friends,9,4
3007,fujian,9,9
3008,gaps,9,6
3009,generations,9,8
3010,glacier,9,5
3011,gland,9,7
3012,goldfish,9,4
3013,government,9,9
3014,gpcr,9,5
3015,grams,9,7
3016,granite,9,6
3017,greenland,9,4
3018,guangdong,9,7
3019,guiding,9,6
3020,holding,9,8
3021,homogeneous,9,9
3022,iaa,9,3
3023,imaginary,9,9
3024,indicating,9,9
3025,inhibition,9,6
3026,insulin,9,4
3027,isobar,9,9
3028,isotope,9,8
3029,karnaugh,9,8
3030,kunlun,9,8
3031,labels,9,8
3032,laplace,9,9
3033,lead,9,9
3034,lhasa,9,5
3035,listed,9,9
3036,locus,9,7
3037,london,9,8
3038,looks,9,9
3039,luminous,9,5
3040,maintaining,9,9
3041,management,9,9
3042,manages,9,9
3043,maria,9,9
3044,match,9,7
3045,mineral,9,9
3046,mostly,9,9
3047,moths,9,3
3048,multinational,9,5
3049,multiplexer,9,9
3050,nearby,9,9
3051,neither,9,9
3052,nominal,9,9
3053,opens,9,6
3054,oscilloscope,9,7
3055,otherwise,9,9
3056,parabolic,9,7
3057,parents,9,9
3058,particulate,9,9
3059,peninsula,9,7
3060,pentagons,9,6
3061,peru,9,6
3062,physics,9,9
3063,pin,9,7
3064,pipes,9,2
3065,pivot,9,9
3066,plains,9,7
3067,planted,9,8
3068,prominent,9,9
3069,protective,9,7
3070,protractor,9,7
3071,pupa,9,9
3072,puts,9,8
3073,rabbit,9,9
3074,radians,9,7
3075,radio,9,7
3076,rare,9,6
3077,rating,9,8
3078,rectilinear,9,9
3079,referring,9,9
3080,reproductive,9,9
3081,rests,9,9
3082,returned,9,8
3083,rightmost,9,5
3084,rna,9,9
3085,roots,9,9
3086,rose,9,8
3087,rule,9,9
3088,ruler,9,8
3089,safe,9,7
3090,sales,9,5
3091,salinity,9,8
3092,scenario,9,8
3093,scr,9,4
3094,seedlings,9,7
3095,selector,9,4
3096,sheets,9,7
3097,shishi,9,3
3098,skateboard,9,2
3099,slip,9,9
3100,slipping,9,8
3101,sochi,9,3
3102,social,9,9
3103,spinal,9,5
3104,stain,9,5
3105,starch,9,4
3106,stay,9,9
3107,storehouse,9,3
3108,stretched,9,7
3109,subsequent,9,9
3110,successful,9,9
3111,successive,9,9
3112,summarized,9,9
3113,surroundings,9,6
3114,sustainable,9,9
3115,tap,9,5
3116,teaching,9,3
3117,technical,9,9
3118,temperate,9,9
3119,tengchong,9,6
3120,text,9,8
3121,thailand,9,6
3122,threaded,9,9
3123,throw,9,7
3124,tiled,9,6
3125,tom,9,6
3126,tourists,9,7
3127,traced,9,9
3128,treat,9,9
3129,treatment,9,8
3130,try,9,9
3131,tunnel,9,5
3132,underground,9,9
3133,underwater,9,6
3134,varying,9,8
3135,volcano,9,7
3136,weighing,9,8
3137,wilderness,9,3
3138,xijiang,9,3
3139,yuan,9,7
3140,zhongshan,9,6
3141,10k,8,8
3142,1st,8,5
3143,20x,8,6
3144,2ad,8,8
3145,abundant,8,8
3146,accurate,8,8
3147,activated,8,7
3148,adjustment,8,8
3149,adopted,8,8
3150,albinism,8,4
3151,alcohol,8,5
3152,algebraic,8,8
3153,allocation,8,6
3154,allow,8,8
3155,alternately,8,8
3156,altitudes,8,8
3157,amn,8,7
3158,apex,8,8
3159,apogee,8,6
3160,appeared,8,8
3161,armature,8,4
3162,arrange,8,7
3163,art,8,3
3164,asian,8,7
3165,athens,8,6
3166,beds,8,4
3167,besides,8,8
3168,biology,8,8
3169,biomass,8,5
3170,birthday,8,6
3171,blades,8,4
3172,boost,8,7
3173,booth,8,3
3174,bow,8,6
3175,boxplots,8,5
3176,breakdown,8,8
3177,buck,8,7
3178,calcium,8,4
3179,cape,8,4
3180,ced,8,8
3181,chips,8,4
3182,cmhg,8,5
3183,collinear,8,7
3184,comprehensive,8,8
3185,condensation,8,8
3186,coniferous,8,6
3187,continents,8,7
3188,continued,8,8
3189,contract,8,4
3190,conversion,8,8
3191,darkness,8,6
3192,dbce,8,8
3193,dbe,8,7
3194,decline,8,7
3195,decreasing,8,8
3196,deflected,8,7
3197,denmark,8,7
3198,denote,8,8
3199,depression,8,6
3200,dob,8,8
3201,dragonfly,8,8
3202,drilled,8,7
3203,driven,8,8
3204,drosophila,8,1
3205,dye,8,2
3206,dynamics,8,8
3207,dynasty,8,8
3208,efg,8,7
3209,electromagnet,8,4
3210,enclosure,8,2
3211,engaged,8,8
3212,eroded,8,6
3213,establishing,8,8
3214,evenly,8,7
3215,exceeds,8,8
3216,except,8,8
3217,excitation,8,8
3218,existence,8,8
3219,explanation,8,8
3220,eyed,8,3
3221,eyeless,8,2
3222,farmer,8,3
3223,farming,8,8
3224,feeding,8,8
3225,fewer,8,8
3226,fire,8,5
3227,firing,8,7
3228,fragments,8,6
3229,furnace,8,3
3230,gains,8,8
3231,garbage,8,3
3232,gev,8,1
3233,glued,8,7
3234,glume,8,2
3235,grounded,8,7
3236,hainan,8,4
3237,harbin,8,7
3238,headquarters,8,7
3239,hectares,8,8
3240,heihe,8,4
3241,hemispheres,8,5
3242,henan,8,6
3243,hexagonal,8,6
3244,hexi,8,5
3245,hidden,8,6
3246,hillside,8,5
3247,historical,8,7
3248,horse,8,7
3249,humidity,8,8
3250,hypothetical,8,8
3251,idea,8,8
3252,illuminated,8,6
3253,image2,8,8
3254,infection,8,6
3255,infinity,8,4
3256,inhalable,8,8
3257,inland,8,8
3258,insert,8,8
3259,integral,8,6
3260,integrated,8,8
3261,intersected,8,8
3262,involves,8,8
3263,isolated,8,8
3264,isoline,8,8
3265,jack,8,2
3266,jkl,8,7
3267,kanga,8,3
3268,lack,8,8
3269,laws,8,8
3270,lifting,8,7
3271,ligase,8,3
3272,lighthouse,8,3
3273,limiting,8,8
3274,list,8,6
3275,live,8,8
3276,living,8,8
3277,locally,8,8
3278,lorentz,8,7
3279,mature,8,8
3280,megacity,8,8
3281,melting,8,6
3282,mnpq,8,7
3283,monitored,8,8
3284,mosquito,8,8
3285,mover,8,1
3286,naturally,8,8
3287,nature,8,8
3288,necessarily,8,8
3289,needle,8,5
3290,never,8,8
3291,nitrogen,8,8
3292,notation,8,7
3293,nozzle,8,5
3294,nutrients,8,7
3295,observing,8,8
3296,occupied,8,8
3297,olympics,8,7
3298,operations,8,7
3299,optical,8,8
3300,ordinate,8,8
3301,organizes,8,8
3302,overcome,8,8
3303,partition,8,2
3304,pedestrian,8,3
3305,perfume,8,2
3306,phases,8,7
3307,physiological,8,8
3308,pigment,8,6
3309,planets,8,3
3310,plasma,8,6
3311,plastic,8,6
3312,plotted,8,8
3313,pointer,8,4
3314,polarity,8,8
3315,pollution,8,6
3316,polygons,8,8
3317,powered,8,8
3318,pressed,8,8
3319,properties,8,8
3320,qatar,8,3
3321,radian,8,6
3322,register,8,5
3323,relay,8,6
3324,repeated,8,8
3325,require,8,7
3326,requirements,8,8
3327,residents,8,7
3328,rhombuses,8,4
3329,ripened,8,8
3330,rodents,8,6
3331,rowing,8,3
3332,rules,8,8
3333,sat,8,8
3334,seal,8,8
3335,secretion,8,5
3336,semester,8,2
3337,sensitive,8,8
3338,severe,8,8
3339,shanxi,8,8
3340,shoots,8,8
3341,shortage,8,8
3342,silk,8,5
3343,sits,8,8
3344,sixth,8,8
3345,skin,8,4
3346,slab,8,5
3347,sliders,8,2
3348,someone,8,8
3349,southward,8,8
3350,spin,8,2
3351,spray,8,4
3352,staircase,8,4
3353,stimulated,8,4
3354,stopcocks,8,6
3355,strain,8,4
3356,strikes,8,7
3357,sulfur,8,8
3358,swinging,8,7
3359,switched,8,8
3360,tables,8,4
3361,tangentially,8,8
3362,tape,8,3
3363,testosterone,8,5
3364,tests,8,5
3365,thicker,8,8
3366,tilted,8,5
3367,timer,8,8
3368,toy,8,7
3369,transconductance,8,8
3370,transgenic,8,4
3371,transpiration,8,7
3372,triggering,8,8
3373,undertaking,8,6
3374,underwent,8,8
3375,union,8,8
3376,unique,8,8
3377,universal,8,6
3378,unstable,8,7
3379,utility,8,1
3380,valid,8,8
3381,venus,8,2
3382,vibrate,8,6
3383,visit,8,8
3384,volcanoes,8,7
3385,warning,8,6
3386,watershed,8,8
3387,weighs,8,6
3388,widely,8,8
3389,zhejiang,8,7
3390,zonal,8,8
3391,zooplankton,8,5
3392,2cd,7,7
3393,3ax,7,7
3394,3rd,7,7
3395,acc,7,3
3396,accelerator,7,6
3397,acetic,7,5
3398,acre,7,7
3399,adder,7,2
3400,additionally,7,7
3401,address,7,6
3402,adds,7,7
3403,adiabatic,7,7
3404,adjustable,7,7
3405,aging,7,3
3406,ago,7,7
3407,alexandria,7,2
3408,america,7,6
3409,ammeters,7,5
3410,analog,7,7
3411,ancestral,7,7
3412,anode,7,7
3413,antibiotic,7,7
3414,aobc,7,5
3415,ape,7,7
3416,apparent,7,6
3417,appliance,7,5
3418,aqueous,7,7
3419,arabidopsis,7,6
3420,arbitrary,7,7
3421,arithmetic,7,4
3422,ask,7,7
3423,association,7,7
3424,australia,7,6
3425,background,7,7
3426,badge,7,3
3427,banks,7,7
3428,bay,7,5
3429,bced,7,7
3430,bcf,7,7
3431,bda,7,7
3432,beams,7,5
3433,bedf,7,5
3434,beidou,7,4
3435,billiard,7,5
3436,blast,7,4
3437,blocked,7,5
3438,bodies,7,6
3439,bounce,7,6
3440,bouncing,7,7
3441,bound,7,7
3442,bowl,7,4
3443,bpc,7,7
3444,brand,7,6
3445,business,7,5
3446,came,7,7
3447,capita,7,7
3448,carbonic,7,7
3449,care,7,7
3450,carriers,7,5
3451,carts,7,3
3452,caught,7,4
3453,causal,7,7
3454,ceq,7,7
3455,cherenkov,7,1
3456,chip,7,5
3457,chocolate,7,4
3458,collapse,7,4
3459,collided,7,6
3460,colonies,7,5
3461,complementary,7,7
3462,connects,7,7
3463,conservancy,7,4
3464,contestant,7,1
3465,continuing,7,7
3466,conventional,7,7
3467,council,7,7
3468,couple,7,5
3469,covering,7,7
3470,daylight,7,7
3471,dca,7,6
3472,decelerates,7,6
3473,decided,7,7
3474,decision,7,5
3475,decomposer,7,7
3476,deflect,7,7
3477,delays,7,6
3478,densities,7,7
3479,descends,7,7
3480,detect,7,7
3481,detector,7,2
3482,diagonally,7,7
3483,difficulty,7,7
3484,dimers,7,5
3485,dish,7,5
3486,disinfection,7,2
3487,disks,7,2
3488,displays,7,6
3489,dissociation,7,7
3490,distant,7,7
3491,doc,7,7
3492,doctors,7,3
3493,dog,7,5
3494,dusk,7,6
3495,eaf,7,7
3496,earthworms,7,3
3497,ecf,7,6
3498,education,7,7
3499,effectively,7,7
3500,eighth,7,5
3501,employment,7,7
3502,energies,7,7
3503,entirely,7,7
3504,eratosthenes,7,2
3505,everywhere,7,7
3506,exceeded,7,7
3507,excessive,7,7
3508,exerts,7,5
3509,expansion,7,5
3510,expedition,7,6
3511,exploring,7,7
3512,extracts,7,7
3513,farther,7,7
3514,finish,7,6
3515,forests,7,7
3516,france,7,4
3517,gaussian,7,7
3518,generate,7,7
3519,generates,7,7
3520,grains,7,5
3521,graphed,7,7
3522,guangxi,7,7
3523,guppies,7,3
3524,hairy,7,3
3525,handle,7,4
3526,hanging,7,7
3527,hangs,7,6
3528,hard,7,5
3529,harvesting,7,7
3530,hawk,7,7
3531,healthy,7,5
3532,hearts,7,4
3533,helicopter,7,5
3534,highways,7,6
3535,homologous,7,6
3536,immediate,7,7
3537,incircle,7,6
3538,indian,7,7
3539,indicators,7,7
3540,indices,7,7
3541,inertia,7,7
3542,intercity,7,3
3543,invest,7,7
3544,joins,7,7
3545,journey,7,7
3546,jupiter,7,2
3547,kick,7,6
3548,lamps,7,4
3549,lightweight,7,7
3550,lives,7,6
3551,locomotion,7,6
3552,lti,7,7
3553,luggage,7,1
3554,lungs,7,6
3555,mat,7,2
3556,matched,7,6
3557,matchsticks,7,4
3558,member,7,6
3559,mentioned,7,5
3560,metamorphosis,7,7
3561,mev,7,3
3562,microsatellite,7,1
3563,mitochondria,7,4
3564,mongolia,7,7
3565,mountainous,7,7
3566,municipalities,7,6
3567,mutually,7,7
3568,nail,7,6
3569,neon,7,5
3570,nmos,7,7
3571,notch,7,4
3572,notches,7,4
3573,noticed,7,6
3574,oasis,7,6
3575,objective,7,7
3576,obliquely,7,7
3577,obstacle,7,5
3578,obstacles,7,5
3579,obtains,7,7
3580,olympic,7,7
3581,orbiting,7,6
3582,ore,7,4
3583,outflow,7,7
3584,overcoming,7,6
3585,pathogenic,7,7
3586,pbcl,7,3
3587,pbi,7,3
3588,perfect,7,6
3589,perigee,7,5
3590,petrochemical,7,5
3591,photos,7,5
3592,phytoplankton,7,7
3593,pilot,7,3
3594,playing,7,7
3595,polarized,7,5
3596,pollutant,7,5
3597,pollutants,7,7
3598,poor,7,7
3599,posture,7,3
3600,presented,7,7
3601,prior,7,7
3602,profiles,7,7
3603,progresses,7,7
3604,pulp,7,7
3605,purify,7,4
3606,purple,7,4
3607,puzzle,7,3
3608,qrst,7,7
3609,radial,7,7
3610,rainstorm,7,4
3611,rainwater,7,5
3612,raise,7,7
3613,reactions,7,7
3614,realize,7,7
3615,rebounds,7,6
3616,recording,7,3
3617,refracted,7,6
3618,repeating,7,7
3619,requires,7,7
3620,restore,7,7
3621,riverbank,7,5
3622,roo,7,3
3623,roundabout,7,2
3624,sailing,7,7
3625,saline,7,7
3626,salinization,7,7
3627,sarah,7,2
3628,satisfied,7,7
3629,scatter,7,7
3630,seasonally,7,5
3631,seats,7,5
3632,sectors,7,6
3633,security,7,7
3634,services,7,7
3635,sewer,7,3
3636,shading,7,5
3637,shorted,7,5
3638,shouguang,7,4
3639,silo,7,2
3640,silver,7,5
3641,similitude,7,6
3642,simplest,7,7
3643,sin,7,7
3644,situations,7,6
3645,slopes,7,6
3646,snake,7,6
3647,soap,7,2
3648,solute,7,2
3649,sowing,7,4
3650,specialized,7,4
3651,spent,7,5
3652,splits,7,5
3653,stamps,7,3
3654,sticks,7,6
3655,stopped,7,7
3656,strata,7,6
3657,streets,7,5
3658,supplying,7,7
3659,supported,7,7
3660,sweet,7,7
3661,tablecloth,7,3
3662,tall,7,6
3663,temple,7,3
3664,tested,7,7
3665,tetrahedron,7,6
3666,thermally,7,7
3667,tianzhou,7,4
3668,ton,7,6
3669,topmost,7,7
3670,transit,7,7
3671,travelling,7,6
3672,tried,7,7
3673,trout,7,7
3674,underlying,7,6
3675,understand,7,7
3676,undistorted,7,7
3677,unequal,7,7
3678,unreasonable,7,7
3679,variability,7,5
3680,vessel,7,5
3681,vial,7,7
3682,vibrating,7,6
3683,viewing,7,5
3684,vigorously,7,7
3685,visual,7,5
3686,washing,7,4
3687,waste,7,7
3688,wetland,7,5
3689,widespread,7,7
3690,xor,7,6
3691,yellowed,7,2
3692,yulin,7,5
3693,18th,6,6
3694,1970s,6,6
3695,20th,6,6
3696,2bd,6,6
3697,4mm,6,4
3698,5cm,6,5
3699,5th,6,5
3700,aabb,6,2
3701,abnormal,6,6
3702,abscisic,6,4
3703,account,6,6
3704,accounted,6,6
3705,act,6,6
3706,actually,6,6
3707,afterward,6,6
3708,ages,6,3
3709,alternator,6,5
3710,ancestor,6,4
3711,antisense,6,2
3712,anywhere,6,6
3713,aof,6,6
3714,apc,6,6
3715,apparatus,6,5
3716,appearance,6,6
3717,applying,6,6
3718,approximation,6,6
3719,aridity,6,2
3720,arrived,6,6
3721,assembly,6,5
3722,attain,6,5
3723,bag,6,3
3724,bags,6,3
3725,bcde,6,5
3726,bearing,6,6
3727,believed,6,6
3728,bell,6,2
3729,benefits,6,5
3730,bfc,6,6
3731,binding,6,6
3732,biprism,6,1
3733,boards,6,3
3734,bpd,6,6
3735,brands,6,2
3736,brighter,6,6
3737,bristle,6,2
3738,buildings,6,6
3739,buoyant,6,4
3740,camp,6,3
3741,cao,6,4
3742,capacitive,6,6
3743,capital,6,6
3744,carla,6,1
3745,caterpillar,6,5
3746,cda,6,6
3747,ces,6,5
3748,cfe,6,6
3749,chambers,6,3
3750,channels,6,4
3751,chloroplasts,6,6
3752,circumcenter,6,6
3753,cleavage,6,5
3754,cliff,6,6
3755,climates,6,6
3756,climbing,6,6
3757,climbs,6,6
3758,coasts,6,5
3759,colouring,6,6
3760,comparator,6,6
3761,cong,6,2
3762,connections,6,5
3763,constructing,6,5
3764,contacts,6,4
3765,converters,6,2
3766,cords,6,6
3767,cosine,6,6
3768,crate,6,2
3769,crest,6,6
3770,crustaceans,6,6
3771,ctp,6,5
3772,cuboid,6,4
3773,cumulative,6,6
3774,cyclic,6,5
3775,dajing,6,1
3776,death,6,6
3777,decade,6,5
3778,deficit,6,3
3779,define,6,6
3780,deformation,6,6
3781,depletion,6,6
3782,des,6,2
3783,detroit,6,6
3784,dies,6,6
3785,diffusion,6,5
3786,digestion,6,5
3787,directional,6,4
3788,disappearance,6,6
3789,disconnected,6,6
3790,diseases,6,6
3791,distinctive,6,6
3792,divider,6,5
3793,docks,6,6
3794,dongfanghong,6,3
3795,donor,6,6
3796,dove,6,2
3797,drain,6,3
3798,draughts,6,2
3799,drift,6,6
3800,ebc,6,6
3801,ecd,6,6
3802,efficient,6,6
3803,emerging,6,6
3804,employed,6,4
3805,encoded,6,5
3806,encoder,6,1
3807,encounter,6,5
3808,ending,6,6
3809,engineering,6,6
3810,entrance,6,5
3811,entropy,6,5
3812,equidistant,6,6
3813,equinox,6,5
3814,estimated,6,6
3815,ethanol,6,4
3816,etiolation,6,2
3817,events,6,6
3818,examine,6,6
3819,exercise,6,6
3820,exhaust,6,5
3821,expects,6,6
3822,expo,6,5
3823,exposure,6,5
3824,extensive,6,6
3825,extracted,6,5
3826,extreme,6,5
3827,false,6,5
3828,fbi,6,3
3829,females,6,5
3830,fit,6,6
3831,flea,6,6
3832,flexible,6,6
3833,focal,6,3
3834,former,6,6
3835,foundation,6,5
3836,fuji,6,3
3837,games,6,6
3838,gathered,6,5
3839,gear,6,5
3840,geopark,6,5
3841,germination,6,2
3842,giving,6,6
3843,graduated,6,3
3844,halves,6,3
3845,histogram,6,6
3846,hotan,6,4
3847,hydrochloric,6,6
3848,identity,6,6
3849,impacts,6,6
3850,injection,6,6
3851,ink,6,6
3852,insulator,6,5
3853,interacting,6,3
3854,internet,6,5
3855,invariant,6,6
3856,inverted,6,6
3857,issued,6,4
3858,item,6,6
3859,jujubes,6,4
3860,junctions,6,3
3861,kepler,6,5
3862,key,6,6
3863,kmol,6,2
3864,kolkata,6,6
3865,lab,6,5
3866,ladder,6,3
3867,ladybird,6,4
3868,landed,6,6
3869,launching,6,5
3870,lawn,6,3
3871,lay,6,4
3872,leakage,6,6
3873,lilly,6,1
3874,limb,6,4
3875,liter,6,2
3876,liters,6,6
3877,lived,6,5
3878,locational,6,6
3879,longitudinal,6,4
3880,looked,6,6
3881,looking,6,6
3882,machines,6,3
3883,maize,6,4
3884,man,6,6
3885,marbles,6,1
3886,maximize,6,6
3887,maximizes,6,4
3888,mayfly,6,6
3889,mcn,6,6
3890,mechanization,6,6
3891,meiosis,6,5
3892,metabolized,6,6
3893,michaelis,6,3
3894,minerals,6,6
3895,mixture,6,6
3896,mmhg,6,4
3897,mobility,6,5
3898,modulo,6,6
3899,moines,6,2
3900,moist,6,6
3901,mole,6,6
3902,moles,6,6
3903,monitor,6,6
3904,motions,6,6
3905,mounted,6,6
3906,multiplication,6,6
3907,munich,6,6
3908,natal,6,3
3909,natb,6,2
3910,nationwide,6,4
3911,neurons,6,5
3912,news,6,6
3913,northeastern,6,6
3914,oars,6,1
3915,obtaining,6,6
3916,oced,6,4
3917,octane,6,2
3918,outstanding,6,4
3919,overtake,6,1
3920,packed,6,4
3921,paints,6,4
3922,pamp,6,6
3923,parallelepiped,6,5
3924,patients,6,5
3925,paying,6,6
3926,performer,6,3
3927,permanent,6,5
3928,permittivities,6,6
3929,phasor,6,4
3930,photons,6,6
3931,pipeline,6,5
3932,plays,6,6
3933,plum,6,4
3934,polarizer,6,3
3935,polymerization,6,2
3936,ports,6,6
3937,potato,6,5
3938,powers,6,6
3939,pqmn,6,4
3940,predetermined,6,4
3941,primle,6,1
3942,pulses,6,6
3943,pumping,6,4
3944,qilin,6,3
3945,quantizer,6,3
3946,queqiao,6,1
3947,raccoon,6,3
3948,racing,6,2
3949,railgun,6,2
3950,ranking,6,3
3951,rational,6,6
3952,ratios,6,6
3953,reasonably,6,6
3954,receiver,6,6
3955,reduces,6,5
3956,rental,6,4
3957,repeats,6,6
3958,representing,6,6
3959,reproduction,6,5
3960,resistant,6,4
3961,responsible,6,6
3962,restoring,6,5
3963,revolutions,6,4
3964,ribbons,6,3
3965,rider,6,3
3966,rocky,6,2
3967,rotor,6,4
3968,sale,6,6
3969,scene,6,6
3970,scenic,6,4
3971,scored,6,2
3972,seals,6,5
3973,seater,6,1
3974,sense,6,6
3975,sensing,6,6
3976,sequences,6,6
3977,serious,6,6
3978,setting,6,3
3979,sexual,6,5
3980,shark,6,5
3981,shop,6,6
3982,shortened,6,6
3983,shrimp,6,6
3984,simulation,6,3
3985,siren,6,3
3986,slit,6,4
3987,soon,6,6
3988,spain,6,3
3989,span,6,6
3990,specimen,6,3
3991,specimens,6,3
3992,stomach,6,6
3993,stopping,6,6
3994,store,6,6
3995,storm,6,4
3996,strategic,6,4
3997,strictly,6,6
3998,stripes,6,6
3999,substitution,6,6
4000,superposition,6,6
4001,surplus,6,2
4002,survey,6,6
4003,suspend,6,6
4004,swims,6,2
4005,tanning,6,2
4006,taxi,6,1
4007,television,6,3
4008,thermistor,6,3
4009,tide,6,1
4010,tilt,6,5
4011,tortoise,6,3
4012,tour,6,2
4013,transcription,6,4
4014,trolleys,6,2
4015,truncated,6,2
4016,tsunami,6,6
4017,twenty,6,5
4018,ultrasonic,6,1
4019,uninhabited,6,6
4020,user,6,4
4021,vary,6,6
4022,vestigial,6,4
4023,views,6,5
4024,washington,6,4
4025,wastelands,6,3
4026,westerlies,6,3
4027,wetted,6,3
4028,windings,6,5
4029,women,6,5
4030,wood,6,5
4031,worst,6,4
4032,wrong,6,6
4033,yet,6,6
4034,yizhuang,6,4
4035,zhangmu,6,5
4036,zoo,6,3
4037,1980s,5,5
4038,1cm,5,5
4039,20k,5,5
4040,220v,5,5
4041,abde,5,4
4042,abef,5,5
4043,absence,5,5
4044,absorb,5,5
4045,acde,5,5
4046,acetyl,5,4
4047,acrobat,5,4
4048,acted,5,5
4049,adapted,5,5
4050,adders,5,5
4051,adef,5,5
4052,adf,5,5
4053,administration,5,3
4054,adults,5,3
4055,advanced,5,4
4056,aeg,5,4
4057,affinity,5,5
4058,aforementioned,5,4
4059,agave,5,2
4060,agb,5,5
4061,agf,5,5
4062,alice,5,3
4063,almost,5,5
4064,ambulance,5,1
4065,amu,5,5
4066,andrew,5,5
4067,appearing,5,5
4068,application,5,5
4069,apply,5,5
4070,arkkkk60491,5,3
4071,arrival,5,5
4072,aspartate,5,5
4073,astronauts,5,4
4074,atp,5,3
4075,attaching,5,5
4076,attained,5,5
4077,attempt,5,4
4078,attention,5,5
4079,attraction,5,4
4080,automatically,5,5
4081,autotransformer,5,3
4082,bao,5,5
4083,barbara,5,4
4084,baskets,5,1
4085,baud,5,4
4086,beak,5,5
4087,beakers,5,5
4088,beryllium,5,1
4089,beverage,5,3
4090,beyond,5,5
4091,bike,5,5
4092,billion,5,4
4093,biocapacity,5,3
4094,biochemical,5,3
4095,blow,5,5
4096,bold,5,5
4097,bon,5,5
4098,breaker,5,2
4099,burned,5,4
4100,buses,5,5
4101,cabbage,5,2
4102,calm,5,5
4103,cannon,5,1
4104,capacitances,5,5
4105,carefully,5,5
4106,carl,5,4
4107,category,5,5
4108,cba,5,5
4109,cdo,5,5
4110,ceb,5,5
4111,censuses,5,5
4112,centerline,5,3
4113,centrally,5,5
4114,chains,5,4
4115,charger,5,1
4116,chess,5,5
4117,chickens,5,3
4118,choice,5,5
4119,classmate,5,5
4120,classmates,5,2
4121,clouds,5,3
4122,coa,5,4
4123,coincident,5,5
4124,college,5,4
4125,combinational,5,5
4126,comparative,5,5
4127,compensator,5,5
4128,concave,5,2
4129,concluded,5,5
4130,conserved,5,5
4131,contractile,5,5
4132,controls,5,5
4133,convert,5,5
4134,cookie,5,2
4135,cooperation,5,5
4136,cores,5,3
4137,correlated,5,5
4138,coupled,5,5
4139,creates,5,5
4140,criminal,5,1
4141,cuboids,5,3
4142,cultured,5,5
4143,cups,5,4
4144,cushion,5,3
4145,cycles,5,5
4146,danger,5,4
4147,danxia,5,3
4148,darlington,5,5
4149,deb,5,5
4150,decades,5,5
4151,decelerating,5,5
4152,decides,5,5
4153,deck,5,2
4154,dedicated,5,4
4155,deeply,5,5
4156,degradation,5,5
4157,descending,5,4
4158,designs,5,5
4159,destinations,5,5
4160,destroyed,5,5
4161,detergents,5,4
4162,develops,5,5
4163,diamonds,5,4
4164,diana,5,5
4165,dianchi,5,4
4166,diluted,5,5
4167,diploid,5,5
4168,diprotic,5,5
4169,discs,5,3
4170,dishes,5,1
4171,disinfectant,5,2
4172,distortion,5,5
4173,dominated,5,4
4174,don,5,5
4175,dough,5,3
4176,downhill,5,3
4177,dried,5,4
4178,duck,5,3
4179,dunhuang,5,3
4180,dwellings,5,3
4181,earliest,5,5
4182,easy,5,5
4183,eaten,5,5
4184,ebd,5,5
4185,ebony,5,2
4186,edf,5,5
4187,eff,5,2
4188,ejected,5,5
4189,elongations,5,5
4190,embryonic,5,4
4191,emerge,5,5
4192,enable,5,5
4193,endophytic,5,1
4194,endosperm,5,2
4195,energized,5,4
4196,equatorial,5,5
4197,eruption,5,5
4198,especially,5,5
4199,estuary,5,5
4200,etalon,5,1
4201,ethnic,5,3
4202,eurasian,5,4
4203,exchanged,5,5
4204,expenditure,5,3
4205,explores,5,5
4206,extends,5,5
4207,extracellular,5,3
4208,extraction,5,3
4209,eyelets,5,1
4210,farm,5,5
4211,farmers,5,5
4212,farms,5,5
4213,fde,5,5
4214,festival,5,5
4215,finds,5,5
4216,finished,5,5
4217,fishes,5,5
4218,fits,5,5
4219,fleas,5,3
4220,fluorine,5,2
4221,format,5,4
4222,forth,5,5
4223,fractions,5,5
4224,freshwater,5,5
4225,frontal,5,5
4226,fronts,5,5
4227,frustum,5,3
4228,geometry,5,5
4229,geomorphological,5,5
4230,germanium,5,1
4231,gfp,5,3
4232,gis,5,3
4233,glider,5,1
4234,goats,5,3
4235,golmud,5,3
4236,grapes,5,4
4237,grasses,5,5
4238,grasshoppers,5,5
4239,grindstone,5,1
4240,h2co3,5,5
4241,habitat,5,4
4242,hatched,5,5
4243,helmet,5,1
4244,hence,5,3
4245,herbivores,5,5
4246,holiday,5,4
4247,homodimer,5,4
4248,homozygotes,5,3
4249,homozygous,5,5
4250,hope,5,4
4251,horizon,5,4
4252,household,5,5
4253,hui,5,5
4254,humid,5,4
4255,hypotenuses,5,5
4256,icing,5,3
4257,illustration,5,5
4258,imagine,5,4
4259,img,5,5
4260,immersed,5,4
4261,impedances,5,5
4262,incompressible,5,5
4263,infiltration,5,5
4264,influences,5,5
4265,inhibitor,5,5
4266,install,5,5
4267,intercepted,5,5
4268,interception,5,4
4269,inversion,5,3
4270,involved,5,5
4271,irregular,5,4
4272,isobaric,5,4
4273,items,5,5
4274,jane,5,3
4275,jeffrey,5,3
4276,jfet,5,4
4277,join,5,4
4278,joules,5,5
4279,juan,5,3
4280,juice,5,4
4281,kicks,5,5
4282,km2,5,5
4283,korea,5,5
4284,kva,5,4
4285,lagging,5,5
4286,latch,5,4
4287,late,5,4
4288,latitudinal,5,5
4289,leftmost,5,5
4290,letting,5,5
4291,lid,5,2
4292,lifted,5,5
4293,lifts,5,5
4294,limestone,5,5
4295,limited,5,5
4296,linked,5,4
4297,lizard,5,4
4298,loaded,5,4
4299,longitudes,5,4
4300,luojia,5,3
4301,lymphocytes,5,3
4302,magnetizing,5,5
4303,maintained,5,5
4304,malfunction,5,3
4305,mallow,5,1
4306,maneuver,5,3
4307,manifested,5,5
4308,marine,5,5
4309,marker,5,2
4310,mathematician,5,5
4311,meaning,5,5
4312,media,5,5
4313,medicine,5,3
4314,metamorphic,5,3
4315,methods,5,4
4316,microscope,5,3
4317,millikan,5,4
4318,models,5,4
4319,modern,5,5
4320,modulated,5,5
4321,moreover,5,5
4322,morphine,5,3
4323,movements,5,3
4324,mutations,5,4
4325,nails,5,2
4326,neighbors,5,5
4327,neuron,5,4
4328,nh3,5,5
4329,nick,5,4
4330,nickel,5,2
4331,northward,5,5
4332,northwestern,5,5
4333,nuclei,5,4
4334,oac,5,5
4335,observations,5,5
4336,occupy,5,5
4337,occurrences,5,4
4338,odc,5,5
4339,officially,5,5
4340,online,5,4
4341,optimal,5,5
4342,origins,5,5
4343,oscillate,5,4
4344,osmotic,5,3
4345,others,5,4
4346,overlaps,5,5
4347,overweight,5,4
4348,pad,5,2
4349,paid,5,5
4350,parked,5,5
4351,parking,5,2
4352,partitioned,5,5
4353,peninsulas,5,5
4354,photoelectric,5,4
4355,photographed,5,4
4356,photographic,5,2
4357,photographing,5,3
4358,pick,5,5
4359,pinhole,5,4
4360,pka,5,3
4361,plots,5,5
4362,pmn,5,4
4363,poet,5,5
4364,polyacrylamide,5,4
4365,popularization,5,2
4366,portray,5,5
4367,positioning,5,5
4368,possibility,5,5
4369,potatoes,5,3
4370,pre,5,5
4371,precipitate,5,4
4372,predatory,5,5
4373,predict,5,5
4374,preparing,5,5
4375,preservation,5,5
4376,printed,5,5
4377,program,5,5
4378,projected,5,5
4379,promotes,5,5
4380,protection,5,5
4381,pulls,5,4
4382,qingdao,5,5
4383,qrs,5,4
4384,quantization,5,4
4385,quanzhou,5,3
4386,rabbits,5,5
4387,radar,5,4
4388,radially,5,5
4389,radiated,5,4
4390,raindrops,5,3
4391,ranges,5,5
4392,react,5,5
4393,reactances,5,5
4394,reagent,5,4
4395,reality,5,5
4396,reception,5,4
4397,receptor,5,3
4398,recombinant,5,3
4399,record,5,4
4400,recovery,5,4
4401,reflections,5,5
4402,reform,5,5
4403,releasing,5,5
4404,remained,5,5
4405,repair,5,3
4406,repeat,5,3
4407,reproduce,5,5
4408,reservoirs,5,4
4409,residual,5,3
4410,residue,5,3
4411,restitution,5,3
4412,restricting,5,5
4413,returning,5,5
4414,revenue,5,5
4415,rich,5,5
4416,rlc,5,5
4417,roger,5,2
4418,roles,5,5
4419,rooms,5,4
4420,roughly,5,5
4421,runway,5,1
4422,sanjiang,5,3
4423,scholars,5,5
4424,science,5,5
4425,sds,5,4
4426,secure,5,3
4427,sees,5,5
4428,sends,5,5
4429,settling,5,5
4430,shades,5,2
4431,shaoxing,5,4
4432,shengze,5,4
4433,ships,5,4
4434,shrew,5,5
4435,sideline,5,3
4436,sit,5,4
4437,skating,5,4
4438,skier,5,2
4439,skiing,5,2
4440,slits,5,3
4441,sold,5,2
4442,solvent,5,5
4443,somewhere,5,5
4444,sown,5,4
4445,spaceship,5,3
4446,sparrow,5,3
4447,spinner,5,3
4448,spots,5,3
4449,sprayed,5,5
4450,squid,5,4
4451,stabilizes,5,4
4452,stalks,5,5
4453,statue,5,4
4454,staying,5,5
4455,stays,5,5
4456,sticking,5,4
4457,stimulating,5,4
4458,stopwatch,5,1
4459,strand,5,4
4460,stretch,5,4
4461,struck,5,4
4462,studies,5,5
4463,submerged,5,5
4464,subway,5,3
4465,sui,5,1
4466,sujay,5,2
4467,suspending,5,4
4468,suspends,5,5
4469,symmetrically,5,5
4470,takeoff,5,3
4471,tang,5,5
4472,tangential,5,5
4473,telescope,5,5
4474,tesla,5,4
4475,themed,5,5
4476,thereafter,5,5
4477,thermodynamic,5,4
4478,thing,5,4
4479,thirds,5,5
4480,threads,5,2
4481,tiny,5,4
4482,tokyo,5,5
4483,told,5,3
4484,tool,5,5
4485,topping,5,2
4486,traction,5,4
4487,trains,5,4
4488,transfers,5,5
4489,transforms,5,5
4490,translation,5,5
4491,trapezoidal,5,5
4492,treating,5,5
4493,treatments,5,5
4494,trial,5,5
4495,tropic,5,5
4496,tss,5,3
4497,ttl,5,5
4498,tumor,5,5
4499,tuning,5,4
4500,twilight,5,4
4501,unfortunately,5,5
4502,unregulated,5,4
4503,ural,5,4
4504,useful,5,5
4505,valve,5,3
4506,van,5,3
4507,ventricle,5,3
4508,ventricular,5,5
4509,vibrations,5,4
4510,vine,5,1
4511,virus,5,4
4512,voltmeters,5,5
4513,vortices,5,1
4514,votes,5,3
4515,vulnerability,5,2
4516,wasteland,5,2
4517,watch,5,5
4518,waterfall,5,3
4519,watts,5,5
4520,weddell,5,4
4521,wenjing,5,1
4522,won,5,5
4523,worth,5,5
4524,wxy,5,4
4525,xining,5,4
4526,xyzw,5,5
4527,yichang,5,4
4528,zhang,5,4
4529,zhengzhou,5,5
4530,00g,4,4
4531,10min,4,4
4532,10th,4,3
4533,10x,4,4
4534,12th,4,4
4535,18v,4,4
4536,1kg,4,4
4537,20m,4,4
4538,20v,4,4
4539,29th,4,4
4540,2ap,4,4
4541,2oa,4,4
4542,30th,4,4
4543,3ccl,4,2
4544,4th,4,4
4545,7th,4,4
4546,9th,4,3
4547,abbreviated,4,4
4548,abce,4,3
4549,abm,4,4
4550,abroad,4,4
4551,academic,4,1
4552,accounting,4,4
4553,accurately,4,4
4554,acidic,4,4
4555,acrobatic,4,4
4556,activates,4,2
4557,additive,4,4
4558,ado,4,4
4559,adopt,4,4
4560,adp,4,4
4561,adrenal,4,4
4562,adventure,4,4
4563,aep,4,4
4564,africa,4,4
4565,agc,4,4
4566,agh,4,2
4567,aimed,4,4
4568,alkali,4,4
4569,alkaptonuria,4,3
4570,allowable,4,4
4571,alpine,4,4
4572,alternate,4,4
4573,altogether,4,4
4574,amc,4,2
4575,ammonia,4,4
4576,amplified,4,3
4577,amps,4,4
4578,analogous,4,4
4579,antenna,4,1
4580,antigen,4,2
4581,aom,4,4
4582,aperture,4,4
4583,appreciating,4,4
4584,approved,4,4
4585,arcsinh,4,2
4586,arranges,4,4
4587,arrested,4,4
4588,assigned,4,4
4589,atcase,4,4
4590,athletes,4,4
4591,atlantis,4,1
4592,attacking,4,2
4593,attempts,4,1
4594,attracted,4,4
4595,attracting,4,4
4596,attractive,4,4
4597,audible,4,4
4598,autoacceleration,4,2
4599,autocorrelation,4,3
4600,auxiliary,4,4
4601,avoidance,4,3
4602,avoided,4,2
4603,b2c,4,2
4604,backward,4,4
4605,bake,4,2
4606,baoji,4,4
4607,barcode,4,2
4608,bass,4,4
4609,batteries,4,3
4610,bcfg,4,4
4611,bcp,4,4
4612,bdec,4,4
4613,beautiful,4,4
4614,bee,4,3
4615,behave,4,4
4616,believe,4,4
4617,bend,4,4
4618,beneficial,4,4
4619,bent,4,4
4620,beta,4,3
4621,bfe,4,4
4622,biasing,4,4
4623,bill,4,2
4624,binds,4,3
4625,blackbody,4,4
4626,blocking,4,2
4627,blossoms,4,4
4628,bmn,4,4
4629,boa,4,4
4630,boats,4,1
4631,bom,4,4
4632,booster,4,1
4633,brenda,4,2
4634,broad,4,4
4635,brushes,4,4
4636,bullets,4,1
4637,bumper,4,2
4638,buoyancy,4,4
4639,burning,4,3
4640,butterflies,4,2
4641,buttons,4,2
4642,cage,4,2
4643,calculations,4,3
4644,calculator,4,3
4645,calendar,4,4
4646,calories,4,2
4647,canal,4,3
4648,candy,4,2
4649,canonical,4,2
4650,capable,4,4
4651,careful,4,4
4652,cash,4,4
4653,catapult,4,2
4654,ccrraa,4,2
4655,cdp,4,4
4656,cefg,4,3
4657,census,4,4
4658,centrifugal,4,2
4659,cereals,4,1
4660,cfb,4,4
4661,ch4,4,4
4662,chaperones,4,2
4663,check,4,4
4664,chronological,4,4
4665,cirf,4,1
4666,clearly,4,4
4667,clk,4,3
4668,clocks,4,2
4669,closer,4,4
4670,clues,4,4
4671,clustered,4,4
4672,clusters,4,4
4673,coding,4,3
4674,commutated,4,4
4675,comparable,4,4
4676,compartment,4,2
4677,compensation,4,3
4678,competitive,4,4
4679,competitors,4,2
4680,completes,4,4
4681,completion,4,4
4682,computed,4,4
4683,concrete,4,2
4684,configurations,4,4
4685,confined,4,3
4686,conforms,4,4
4687,congress,4,4
4688,consecutively,4,4
4689,consist,4,4
4690,constructive,4,4
4691,contraction,4,4
4692,contracts,4,4
4693,controller,4,4
4694,costa,4,2
4695,cougars,4,2
4696,counting,4,4
4697,courses,4,4
4698,coverage,4,3
4699,crabs,4,4
4700,cream,4,2
4701,crime,4,4
4702,crisis,4,4
4703,crustal,4,4
4704,curse,4,3
4705,customer,4,2
4706,customs,4,4
4707,cutoff,4,4
4708,cyan,4,3
4709,cyclopropane,4,2
4710,cytidine,4,4
4711,cytometer,4,2
4712,dangerous,4,3
4713,dataset,4,4
4714,dawn,4,3
4715,dba,4,4
4716,dbef,4,2
4717,dbf,4,4
4718,decibel,4,4
4719,defend,4,4
4720,deleted,4,3
4721,derived,4,3
4722,descent,4,4
4723,description,4,4
4724,designated,4,4
4725,despite,4,4
4726,detecting,4,4
4727,deviation,4,4
4728,dfc,4,4
4729,dfe,4,4
4730,dgf,4,4
4731,disappeared,4,4
4732,discontinuous,4,4
4733,disney,4,2
4734,displacements,4,4
4735,displayed,4,4
4736,dissolve,4,3
4737,distributions,4,4
4738,disturbance,4,3
4739,diversion,4,4
4740,dodecagon,4,2
4741,doha,4,1
4742,dolphin,4,3
4743,dongting,4,3
4744,doped,4,4
4745,doppler,4,2
4746,dpc,4,4
4747,drainpipe,4,3
4748,drink,4,4
4749,drum,4,3
4750,dynamic,4,4
4751,earned,4,2
4752,eating,4,4
4753,eaves,4,4
4754,ebf,4,4
4755,ecb,4,4
4756,ecliptic,4,4
4757,ecologically,4,4
4758,ecology,4,4
4759,eels,4,1
4760,efd,4,4
4761,election,4,3
4762,emanating,4,4
4763,emergence,4,4
4764,endonucleases,4,4
4765,enhancement,4,4
4766,enjoyed,4,4
4767,enthusiast,4,3
4768,eob,4,4
4769,evolutionary,4,4
4770,examined,4,3
4771,excessively,4,4
4772,exclude,4,4
4773,exhibits,4,4
4774,expand,4,4
4775,expanded,4,4
4776,expectations,4,4
4777,explains,4,4
4778,expressway,4,3
4779,extra,4,3
4780,fails,4,4
4781,familial,4,4
4782,families,4,3
4783,fbe,4,4
4784,fcg,4,4
4785,fec,4,4
4786,ferris,4,2
4787,fertility,4,4
4788,filters,4,4
4789,finger,4,1
4790,fired,4,4
4791,fitting,4,4
4792,flowed,4,4
4793,flowerbed,4,2
4794,flowerpot,4,2
4795,foa,4,4
4796,focus,4,4
4797,followed,4,4
4798,founding,4,4
4799,frogs,4,4
4800,fsm,4,2
4801,fuel,4,4
4802,gbe,4,4
4803,geomorphic,4,4
4804,geostrophic,4,4
4805,glowing,4,4
4806,goal,4,4
4807,gon,4,3
4808,gougu,4,3
4809,graphical,4,4
4810,groove,4,2
4811,grounding,4,3
4812,grounds,4,3
4813,grown,4,4
4814,gtp,4,3
4815,guitar,4,2
4816,handan,4,2
4817,harmony,4,1
4818,hefei,4,3
4819,helps,4,4
4820,hemispheric,4,4
4821,heptagon,4,2
4822,heterozygote,4,4
4823,hfcs,4,1
4824,highlighted,4,3
4825,hill,4,2
4826,hilly,4,4
4827,hinged,4,4
4828,histograms,4,4
4829,hno,4,3
4830,honeycomb,4,1
4831,hook,4,3
4832,hormone,4,3
4833,horseback,4,4
4834,host,4,4
4835,hubei,4,4
4836,hurt,4,2
4837,hybrid,4,3
4838,hydroxyl,4,2
4839,hydroxylase,4,4
4840,hypochlorite,4,3
4841,icosahedron,4,2
4842,ignited,4,4
4843,image3,4,4
4844,imaging,4,3
4845,immigration,4,4
4846,immune,4,2
4847,impacted,4,4
4848,impermeable,4,4
4849,implementation,4,4
4850,imports,4,3
4851,improved,4,4
4852,infinitesimally,4,3
4853,influenced,4,4
4854,inhibit,4,4
4855,initialized,4,4
4856,instance,4,4
4857,instrument,4,3
4858,instruments,4,4
4859,intensive,4,2
4860,internationally,4,4
4861,intrinsic,4,4
4862,introduce,4,4
4863,investigated,4,4
4864,iodate,4,2
4865,iodine,4,4
4866,ionic,4,4
4867,ionization,4,4
4868,ionized,4,4
4869,iqr,4,2
4870,iran,4,2
4871,isotopes,4,4
4872,jiangnan,4,4
4873,jujube,4,2
4874,julia,4,3
4875,kennedy,4,2
4876,khingan,4,4
4877,kicked,4,4
4878,kiribati,4,2
4879,klmn,4,3
4880,knee,4,4
4881,knockout,4,1
4882,knot,4,3
4883,krill,4,4
4884,labyrinth,4,4
4885,lace,4,1
4886,lampshade,4,1
4887,lanzhou,4,4
4888,latter,4,4
4889,launcher,4,2
4890,lays,4,4
4891,leads,4,4
4892,leak,4,4
4893,leaning,4,4
4894,ligand,4,4
4895,lightest,4,3
4896,linearly,4,4
4897,lisa,4,3
4898,litres,4,2
4899,liu,4,3
4900,lizards,4,3
4901,lmn,4,4
4902,lookout,4,1
4903,loops,4,3
4904,lush,4,4
4905,lymphocyte,4,2
4906,lysine,4,4
4907,machinery,4,4
4908,magma,4,4
4909,magnets,4,3
4910,mainstream,4,2
4911,manna,4,1
4912,manual,4,2
4913,marble,4,4
4914,markovnikov,4,2
4915,marries,4,4
4916,mast,4,2
4917,maternal,4,3
4918,mathematics,4,4
4919,maya,4,2
4920,medical,4,4
4921,men,4,4
4922,microparticle,4,1
4923,midline,4,4
4924,mileage,4,4
4925,milligrams,4,4
4926,millimeters,4,4
4927,minimize,4,3
4928,minnesota,4,2
4929,minorities,4,2
4930,minterms,4,3
4931,missed,4,3
4932,mitochondrial,4,3
4933,mma,4,2
4934,money,4,2
4935,monika,4,3
4936,monitoring,4,4
4937,morphology,4,4
4938,mrna,4,3
4939,multiplier,4,2
4940,multivibrator,4,4
4941,mutants,4,3
4942,mux,4,4
4943,myanmar,4,3
4944,named,4,3
4945,nanjing,4,4
4946,nantong,4,2
4947,nations,4,4
4948,nautical,4,2
4949,nematodes,4,4
4950,nepal,4,2
4951,networks,4,4
4952,newtons,4,4
4953,nighttime,4,4
4954,nobel,4,4
4955,none,4,4
4956,nonlinear,4,3
4957,nonpolar,4,4
4958,numeral,4,4
4959,obd,4,4
4960,obeys,4,4
4961,obliquity,4,4
4962,obtuse,4,4
4963,ocb,4,4
4964,office,4,4
4965,offset,4,4
4966,ohms,4,4
4967,ontario,4,2
4968,operated,4,4
4969,opponent,4,2
4970,organelle,4,4
4971,organized,4,4
4972,outermost,4,4
4973,overseas,4,2
4974,overtaking,4,1
4975,oxides,4,4
4976,pan,4,2
4977,parachute,4,1
4978,parallelograms,4,4
4979,parasitic,4,2
4980,parent,4,2
4981,parrot,4,2
4982,participated,4,4
4983,party,4,3
4984,passengers,4,4
4985,passive,4,4
4986,pay,4,4
4987,pbc,4,3
4988,pcd,4,4
4989,pedestrians,4,4
4990,pellet,4,1
4991,penalty,4,3
4992,pentagonal,4,2
4993,performing,4,4
4994,periodically,4,4
4995,permanently,4,4
4996,peroxide,4,4
4997,persons,4,2
4998,phenylalanine,4,4
4999,phenylketonuria,4,4
5000,phones,4,4
5001,photogate,4,1
5002,pie,4,3
5003,pions,4,1
5004,pipelines,4,4
5005,pits,4,4
5006,planar,4,4
5007,planck,4,4
5008,plated,4,4
5009,players,4,3
5010,playground,4,4
5011,pleasant,4,4
5012,pmos,4,4
5013,pndb,4,4
5014,pools,4,1
5015,possibly,4,4
5016,post,4,4
5017,potentiometer,4,3
5018,practically,4,4
5019,preference,4,4
5020,preparations,4,4
5021,presents,4,4
5022,prevails,4,4
5023,prize,4,4
5024,probabilities,4,3
5025,procedure,4,4
5026,proceeds,4,4
5027,profit,4,4
5028,programmable,4,4
5029,prone,4,4
5030,propagate,4,4
5031,propagating,4,4
5032,proper,4,3
5033,pumped,4,3
5034,purified,4,4
5035,purposes,4,4
5036,pushes,4,4
5037,pwm,4,4
5038,quanta,4,2
5039,radical,4,4
5040,rank,4,4
5041,realization,4,4
5042,receive,4,3
5043,recruiting,4,4
5044,reflecting,4,4
5045,refracts,4,4
5046,relief,4,4
5047,relying,4,3
5048,remainder,4,4
5049,renewable,4,4
5050,representation,4,4
5051,rescue,4,4
5052,respond,4,4
5053,retained,4,3
5054,retreat,4,4
5055,reurbanization,4,2
5056,reversible,4,4
5057,revolves,4,4
5058,ribbon,4,3
5059,rishabh,4,1
5060,risk,4,4
5061,robot,4,2
5062,roof,4,4
5063,rqs,4,4
5064,ruth,4,1
5065,sac,4,4
5066,sack,4,1
5067,sail,4,4
5068,sails,4,3
5069,sandstorm,4,4
5070,saturday,4,4
5071,say,4,4
5072,scenery,4,4
5073,screened,4,4
5074,sealing,4,1
5075,sec1,4,1
5076,secreted,4,4
5077,sedimentation,4,2
5078,seismic,4,3
5079,selects,4,4
5080,sent,4,4
5081,serving,4,4
5082,session,4,4
5083,sewage,4,4
5084,sharp,4,4
5085,shifting,4,4
5086,shines,4,4
5087,shuang,4,3
5088,sight,4,3
5089,simplify,4,4
5090,singed,4,2
5091,sinks,4,4
5092,sister,4,4
5093,skid,4,2
5094,skip,4,3
5095,skis,4,3
5096,slight,4,4
5097,snowstorms,4,3
5098,soccer,4,3
5099,solely,4,4
5100,solids,4,3
5101,son,4,4
5102,spaces,4,3
5103,sparrows,4,1
5104,spends,4,4
5105,spinners,4,3
5106,spins,4,4
5107,squatting,4,2
5108,stabilizing,4,4
5109,stake,4,3
5110,stepped,4,4
5111,stickers,4,2
5112,stores,4,4
5113,stra,4,1
5114,strange,4,4
5115,streams,4,4
5116,stripe,4,2
5117,stroke,4,3
5118,stub,4,2
5119,subarctic,4,2
5120,subintervals,4,4
5121,subject,4,4
5122,subsidence,4,3
5123,suggest,4,4
5124,sunday,4,4
5125,superior,4,4
5126,surround,4,4
5127,swallowing,4,4
5128,swim,4,2
5129,swimming,4,3
5130,sydney,4,4
5131,syene,4,2
5132,symbols,4,3
5133,synchronized,4,4
5134,synthetic,4,4
5135,taihu,4,3
5136,taiji,4,1
5137,taiyuan,4,2
5138,taxa,4,2
5139,taxiing,4,1
5140,tech,4,4
5141,technological,4,4
5142,template,4,4
5143,terminus,4,1
5144,terraces,4,2
5145,thawing,4,4
5146,themselves,4,4
5147,therapy,4,3
5148,tin,4,3
5149,tissue,4,4
5150,today,4,4
5151,tonomura,4,1
5152,topped,4,4
5153,tortoises,4,2
5154,totals,4,4
5155,towel,4,1
5156,towels,4,2
5157,township,4,2
5158,trans,4,4
5159,transcarbamylase,4,4
5160,transduction,4,3
5161,translating,4,4
5162,transporting,4,4
5163,traveler,4,2
5164,travelled,4,3
5165,triphosphate,4,4
5166,trisha,4,2
5167,trough,4,3
5168,tunnels,4,3
5169,twelfth,4,4
5170,typically,4,4
5171,unlikely,4,4
5172,unusual,4,4
5173,uphill,4,2
5174,upright,4,4
5175,upside,4,4
5176,urgently,4,4
5177,users,4,2
5178,usual,4,4
5179,utilize,4,4
5180,utilizes,4,4
5181,vacuole,4,4
5182,varied,4,4
5183,vein,4,4
5184,verses,4,2
5185,vicinity,4,4
5186,viscosity,4,4
5187,visibility,4,4
5188,wagon,4,1
5189,walked,4,4
5190,wang,4,4
5191,warmer,4,4
5192,warming,4,4
5193,wash,4,2
5194,wavelengths,4,2
5195,wax,4,1
5196,weeks,4,4
5197,weifang,4,4
5198,whirlpools,4,1
5199,widths,4,4
5200,wildlife,4,2
5201,winds,4,4
5202,windward,4,4
5203,wrapping,4,1
5204,wyz,4,4
5205,wzx,4,4
5206,xichang,4,4
5207,xzy,4,4
5208,yang,4,2
5209,yiwan,4,3
5210,yonaguni,4,1
5211,zebra,4,3
5212,zhao,4,3
5213,zhuzhou,4,4
5214,zinc,4,2
5215,1000t,3,3
5216,120v,3,3
5217,12k,3,2
5218,16a,3,3
5219,16v,3,3
5220,1950s,3,3
5221,1990s,3,3
5222,200v,3,2
5223,296g,3,3
5224,2ab,3,3
5225,2ae,3,3
5226,2ce,3,3
5227,2cm,3,3
5228,2h2o,3,3
5229,2kp,3,3
5230,2so,3,3
5231,300v,3,3
5232,30m,3,3
5233,432g,3,3
5234,50m,3,3
5235,60m,3,3
5236,6ax,3,3
5237,70s,3,3
5238,8th,3,1
5239,aat120,3,1
5240,abdc,3,3
5241,abdominal,3,3
5242,abscissas,3,3
5243,absorbance,3,2
5244,absorbing,3,3
5245,abstracted,3,3
5246,accidentally,3,3
5247,accidents,3,3
5248,accumulating,3,3
5249,accumulation,3,3
5250,acetylcholine,3,3
5251,actinomycetes,3,1
5252,activation,3,3
5253,adce,3,2
5254,adec,3,2
5255,adenylyl,3,2
5256,adopts,3,3
5257,advance,3,3
5258,advancement,3,3
5259,adverse,3,3
5260,advocate,3,3
5261,afflicted,3,3
5262,afg,3,2
5263,afternoon,3,3
5264,agno,3,2
5265,ahmed,3,1
5266,aids,3,2
5267,albin,3,1
5268,aligns,3,3
5269,alkalization,3,3
5270,ana,3,2
5271,analyzing,3,3
5272,ankara,3,2
5273,anti,3,3
5274,anticathode,3,1
5275,anyone,3,3
5276,aocd,3,3
5277,aode,3,2
5278,aop,3,3
5279,apd,3,3
5280,apoptosis,3,1
5281,appliances,3,3
5282,approach,3,3
5283,arabia,3,2
5284,arbitrarily,3,3
5285,architectural,3,3
5286,arise,3,3
5287,arranging,3,3
5288,arrive,3,3
5289,ascend,3,3
5290,ascends,3,3
5291,ash,3,2
5292,ashima,3,3
5293,asked,3,3
5294,asymmetrically,3,3
5295,atlanta,3,2
5296,atrium,3,2
5297,attaches,3,3
5298,attract,3,3
5299,automobiles,3,3
5300,autotroph,3,3
5301,auxin,3,3
5302,aviation,3,3
5303,avoiding,3,3
5304,awarded,3,2
5305,axisymmetric,3,3
5306,backs,3,2
5307,bangladesh,3,2
5308,barcodes,3,2
5309,barely,3,3
5310,basking,3,1
5311,batch,3,3
5312,bcfd,3,3
5313,bchg,3,1
5314,bco,3,3
5315,beach,3,2
5316,befg,3,3
5317,beforehand,3,3
5318,behavioral,3,3
5319,beirut,3,2
5320,belinda,3,2
5321,ber,3,2
5322,bfd,3,3
5323,bind,3,3
5324,bisulfite,3,2
5325,bite,3,1
5326,bladder,3,1
5327,blindness,3,2
5328,bloom,3,3
5329,bomi,3,3
5330,bonded,3,3
5331,bootstrap,3,3
5332,bop,3,3
5333,bowls,3,1
5334,boxplot,3,2
5335,bpsk,3,2
5336,bracket,3,3
5337,breaking,3,3
5338,broadcast,3,3
5339,broke,3,2
5340,brownish,3,2
5341,brush,3,2
5342,bunchkins,3,1
5343,burden,3,3
5344,bursaria,3,2
5345,campus,3,3
5346,candace,3,1
5347,candidates,3,2
5348,cannonballs,3,1
5349,captured,3,3
5350,carlos,3,2
5351,carnivores,3,3
5352,caroline,3,3
5353,carpenter,3,3
5354,carriage,3,2
5355,carrot,3,3
5356,cascaded,3,3
5357,cast,3,3
5358,caudatum,3,2
5359,cavity,3,3
5360,cbp,3,3
5361,cdg,3,3
5362,cellular,3,3
5363,centimeter,3,2
5364,ceratophyllum,3,2
5365,cfd,3,3
5366,cfg,3,3
5367,cftr,3,2
5368,ch2cooh,3,2
5369,ch3ch2ch,3,3
5370,character,3,3
5371,characterized,3,3
5372,chasing,3,2
5373,chch2oh,3,2
5374,chch3,3,2
5375,chemistry,3,3
5376,chemotaxis,3,3
5377,chessboard,3,2
5378,chicken,3,3
5379,chlorophyll,3,2
5380,chromosomal,3,3
5381,circumlunar,3,3
5382,cis,3,3
5383,civil,3,3
5384,classes,3,3
5385,classical,3,2
5386,clean,3,3
5387,clo,3,3
5388,cloned,3,3
5389,clothes,3,1
5390,club,3,3
5391,cnd,3,3
5392,coat,3,3
5393,cobalt,3,1
5394,cockroach,3,3
5395,codes,3,2
5396,coffee,3,1
5397,colleagues,3,3
5398,collectors,3,2
5399,colorings,3,3
5400,combustion,3,3
5401,commercially,3,3
5402,committee,3,3
5403,compass,3,3
5404,compensated,3,3
5405,competitiveness,3,3
5406,compiling,3,3
5407,completing,3,3
5408,complexity,3,2
5409,compresses,3,3
5410,conductance,3,3
5411,conducts,3,3
5412,conform,3,3
5413,confusing,3,1
5414,conservation,3,3
5415,contactor,3,2
5416,continental,3,3
5417,contracted,3,2
5418,contracting,3,3
5419,convenient,3,3
5420,converts,3,3
5421,cool,3,3
5422,cooled,3,3
5423,copies,3,3
5424,coral,3,1
5425,corolla,3,1
5426,corporation,3,3
5427,cougar,3,3
5428,coulombs,3,3
5429,countermeasures,3,3
5430,counterweight,3,1
5431,counts,3,3
5432,court,3,3
5433,courtesy,3,3
5434,cows,3,1
5435,cpd,3,3
5436,crash,3,3
5437,crawl,3,3
5438,crawled,3,2
5439,crc,3,3
5440,credible,3,3
5441,crew,3,2
5442,crickets,3,2
5443,crossbar,3,2
5444,crown,3,1
5445,cruise,3,1
5446,ctk,3,1
5447,cultivate,3,3
5448,cultural,3,2
5449,cuso,3,3
5450,cw7805,3,2
5451,cyclase,3,2
5452,cynthia,3,2
5453,dalian,3,3
5454,darker,3,2
5455,dartboard,3,3
5456,datasets,3,3
5457,debris,3,1
5458,decagon,3,3
5459,decide,3,3
5460,decimeters,3,2
5461,decisive,3,3
5462,decoder,3,3
5463,decomposing,3,3
5464,deeper,3,3
5465,defense,3,2
5466,defghi,3,2
5467,definitely,3,3
5468,definition,3,3
5469,deflects,3,2
5470,delayed,3,3
5471,delivering,3,3
5472,delivers,3,3
5473,demodulator,3,2
5474,demonstrate,3,3
5475,demonstrations,3,3
5476,dengfeng,3,3
5477,denoting,3,3
5478,departing,3,3
5479,departs,3,3
5480,depending,3,3
5481,depleted,3,3
5482,depolarization,3,3
5483,descend,3,3
5484,desk,3,2
5485,destined,3,3
5486,detaches,3,3
5487,deterioration,3,3
5488,determination,3,3
5489,diabetes,3,2
5490,dial,3,3
5491,dialysis,3,3
5492,dielectrics,3,3
5493,differently,3,3
5494,diffusive,3,3
5495,dilation,3,3
5496,dimension,3,2
5497,discharged,3,3
5498,disconnecting,3,2
5499,discrepancy,3,3
5500,distress,3,2
5501,ditches,3,3
5502,diverted,3,3
5503,dmn,3,3
5504,dodecahedron,3,2
5505,doesn,3,3
5506,dogs,3,1
5507,domain,3,3
5508,dormancy,3,1
5509,dot,3,3
5510,downslope,3,3
5511,drastically,3,3
5512,dribbling,3,2
5513,drizzling,3,3
5514,drone,3,1
5515,dropper,3,2
5516,drug,3,3
5517,ducks,3,2
5518,durations,3,3
5519,eagle,3,3
5520,earths,3,1
5521,edb,3,3
5522,elastically,3,3
5523,electrochemical,3,2
5524,electronegativity,3,3
5525,electronics,3,3
5526,elementary,3,3
5527,elevations,3,3
5528,eliminate,3,3
5529,elisabeth,3,2
5530,emerges,3,3
5531,emily,3,3
5532,emissions,3,3
5533,emissivity,3,3
5534,emitting,3,3
5535,employs,3,3
5536,enclose,3,3
5537,enlarging,3,3
5538,ensuring,3,3
5539,envelope,3,3
5540,enzymatic,3,3
5541,equipotential,3,3
5542,equiprobable,3,3
5543,era,3,3
5544,errors,3,3
5545,erupted,3,3
5546,ethene,3,3
5547,eukaryotic,3,3
5548,euros,3,1
5549,eva,3,2
5550,excerpted,3,3
5551,experiencing,3,3
5552,exploitation,3,3
5553,exponential,3,3
5554,facility,3,3
5555,fact,3,3
5556,fallen,3,2
5557,faraday,3,3
5558,farmland,3,2
5559,father,3,2
5560,favorite,3,1
5561,feasible,3,3
5562,feb,3,2
5563,feces,3,1
5564,feel,3,3
5565,feeling,3,3
5566,fehling,3,3
5567,fetal,3,2
5568,filtering,3,3
5569,fin,3,2
5570,finance,3,3
5571,financial,3,3
5572,fires,3,3
5573,fishery,3,1
5574,fishpond,3,3
5575,flagpoles,3,3
5576,flavor,3,2
5577,floats,3,3
5578,fluctuations,3,3
5579,fluoresce,3,3
5580,fluorescence,3,3
5581,fluoride,3,2
5582,focusing,3,2
5583,foods,3,3
5584,fork,3,2
5585,formal,3,3
5586,formulas,3,3
5587,fractional,3,3
5588,fragrant,3,1
5589,frederick,3,3
5590,frequent,3,3
5591,frequently,3,3
5592,friend,3,3
5593,fulcrum,3,3
5594,fulfilled,3,3
5595,functioning,3,3
5596,fungal,3,3
5597,fungus,3,3
5598,fuse,3,3
5599,galvanometer,3,2
5600,gansu,3,3
5601,gardener,3,3
5602,genome,3,2
5603,gentle,3,3
5604,george,3,2
5605,geosynchronous,3,3
5606,getting,3,3
5607,gibbs,3,3
5608,gills,3,3
5609,glacial,3,3
5610,glues,3,3
5611,gpm,3,3
5612,gps,3,3
5613,grades,3,2
5614,gram,3,2
5615,graticule,3,3
5616,grew,3,3
5617,griffith,3,3
5618,h2o2,3,1
5619,halved,3,2
5620,hamburgers,3,1
5621,handbook,3,3
5622,hanger,3,1
5623,hangzhou,3,3
5624,harbor,3,2
5625,hardy,3,3
5626,hat,3,2
5627,hcd46,3,1
5628,heading,3,3
5629,heads,3,3
5630,heard,3,3
5631,hearing,3,3
5632,helan,3,3
5633,hemophilia,3,1
5634,heterozygotes,3,3
5635,hills,3,3
5636,hind,3,2
5637,historically,3,3
5638,history,3,3
5639,hma3,3,1
5640,hollowed,3,3
5641,homozygote,3,3
5642,honey,3,1
5643,horn,3,2
5644,households,3,3
5645,housing,3,3
5646,huai,3,2
5647,huanyong,3,3
5648,huge,3,3
5649,hunan,3,3
5650,husbandry,3,3
5651,hvdc,3,1
5652,hydrograph,3,3
5653,hypothesizes,3,3
5654,iceland,3,2
5655,idealized,3,3
5656,identified,3,2
5657,illuminating,3,3
5658,implements,3,3
5659,impossible,3,3
5660,improvement,3,3
5661,inappropriate,3,3
5662,inconsistent,3,3
5663,increasingly,3,3
5664,independence,3,3
5665,induce,3,3
5666,inelastic,3,3
5667,inert,3,3
5668,inextendable,3,3
5669,inference,3,3
5670,inflection,3,3
5671,inflexible,3,3
5672,infrared,3,1
5673,infrastructure,3,3
5674,inhabitants,3,1
5675,injections,3,3
5676,innervation,3,3
5677,inserting,3,3
5678,installation,3,3
5679,instantaneously,3,3
5680,instantly,3,3
5681,inter,3,3
5682,interannual,3,3
5683,interchanged,3,3
5684,interspecific,3,3
5685,intersymbol,3,3
5686,intra,3,3
5687,invented,3,3
5688,investigates,3,3
5689,invisible,3,3
5690,inwards,3,3
5691,irrigation,3,3
5692,irrotational,3,3
5693,isothermal,3,3
5694,jade,3,2
5695,jadeite,3,2
5696,jakarta,3,3
5697,jakob,3,2
5698,jan,3,1
5699,jaw,3,2
5700,jenny,3,3
5701,jiangmen,3,2
5702,jiangxi,3,3
5703,jing,3,3
5704,jmn,3,3
5705,joint,3,3
5706,jointly,3,3
5707,kai,3,2
5708,kaons,3,1
5709,kcl,3,3
5710,keihin,3,2
5711,kengu,3,2
5712,kgm,3,1
5713,killer,3,3
5714,kilograms,3,3
5715,kilowatt,3,3
5716,kimchi,3,2
5717,knight,3,1
5718,knowing,3,3
5719,knows,3,3
5720,lanes,3,3
5721,lantern,3,1
5722,lapse,3,3
5723,lasted,3,3
5724,latching,3,3
5725,leftward,3,3
5726,liangzhou,3,3
5727,lightbulb,3,3
5728,lightning,3,2
5729,lion,3,3
5730,lkmj,3,3
5731,lmnp,3,3
5732,lobe,3,2
5733,lobes,3,3
5734,logarithmic,3,3
5735,longjing,3,3
5736,loses,3,2
5737,lowers,3,3
5738,lunan,3,3
5739,lune,3,2
5740,maglev,3,3
5741,maja,3,2
5742,managing,3,3
5743,manb,3,1
5744,manned,3,3
5745,marking,3,2
5746,mary,3,2
5747,matching,3,2
5748,maturity,3,3
5749,mayflies,3,3
5750,mdn,3,3
5751,measles,3,1
5752,mechanisms,3,3
5753,mef,3,2
5754,melons,3,3
5755,memory,3,3
5756,meridians,3,2
5757,mesh,3,1
5758,messenger,3,3
5759,metabolism,3,3
5760,metallic,3,3
5761,methane,3,2
5762,methionine,3,3
5763,mia,3,2
5764,micrometers,3,3
5765,micromolar,3,3
5766,microorganisms,3,3
5767,midsegments,3,3
5768,mile,3,1
5769,military,3,2
5770,millions,3,2
5771,millisecond,3,3
5772,minnow,3,3
5773,minority,3,2
5774,miscible,3,3
5775,misses,3,3
5776,mitochondrion,3,3
5777,mitosis,3,3
5778,mnn,3,3
5779,mno,3,2
5780,mnpp,3,3
5781,mnq,3,3
5782,mod,3,3
5783,modelled,3,3
5784,modified,3,3
5785,modulator,3,2
5786,moistened,3,3
5787,monoprotic,3,3
5788,moose,3,3
5789,mosfets,3,2
5790,moth,3,2
5791,motors,3,2
5792,mozi,3,1
5793,msb,3,3
5794,multiplying,3,3
5795,mushroom,3,1
5796,mva,3,1
5797,nailed,3,3
5798,names,3,2
5799,nand,3,3
5800,nanning,3,3
5801,naomi,3,1
5802,nasa,3,2
5803,nationality,3,2
5804,neg,3,2
5805,neighboring,3,3
5806,nets,3,3
5807,neural,3,3
5808,neurotransmitters,3,2
5809,neutrons,3,3
5810,newton,3,2
5811,niches,3,3
5812,nitric,3,2
5813,nmosfet,3,3
5814,node,3,3
5815,normalized,3,3
5816,northernmost,3,3
5817,norton,3,3
5818,notice,3,3
5819,npp,3,3
5820,ntpip,3,1
5821,nucleotide,3,3
5822,numerals,3,3
5823,obcd,3,3
5824,obec,3,2
5825,oca,3,3
5826,official,3,3
5827,oldest,3,3
5828,omitted,3,3
5829,onion,3,3
5830,opaque,3,2
5831,opho,3,3
5832,optimum,3,3
5833,option,3,2
5834,organs,3,3
5835,orinoco,3,3
5836,oscillating,3,3
5837,outlined,3,3
5838,oval,3,3
5839,ovary,3,3
5840,overhead,3,3
5841,overlaid,3,3
5842,overload,3,2
5843,owl,3,3
5844,oxy,3,3
5845,packaging,3,2
5846,painting,3,2
5847,pale,3,3
5848,pam,3,3
5849,parrots,3,2
5850,participate,3,3
5851,partly,3,2
5852,paula,3,1
5853,paulo,3,1
5854,payment,3,1
5855,pbq,3,3
5856,peel,3,3
5857,pepper,3,1
5858,permeable,3,3
5859,pes,3,3
5860,petal,3,2
5861,petals,3,2
5862,pharaoh,3,1
5863,phoenix,3,2
5864,phosphate,3,2
5865,photoelectrons,3,3
5866,photogates,3,1
5867,photon,3,2
5868,physicist,3,3
5869,phytoplanktons,3,3
5870,picking,3,3
5871,picks,3,3
5872,piezoresistor,3,1
5873,pigments,3,3
5874,pigs,3,2
5875,pillar,3,2
5876,pillars,3,3
5877,ping,3,1
5878,pinned,3,3
5879,pipa,3,3
5880,pizza,3,2
5881,pla,3,3
5882,plankton,3,2
5883,platypus,3,3
5884,pm2,3,1
5885,pocket,3,3
5886,poll,3,3
5887,polychromatic,3,1
5888,polyhedron,3,2
5889,polymer,3,3
5890,polynomial,3,1
5891,pondweed,3,3
5892,pong,3,1
5893,poplar,3,1
5894,positional,3,3
5895,possess,3,3
5896,potometer,3,1
5897,poyang,3,3
5898,pprox,3,3
5899,pqs,3,3
5900,preceding,3,3
5901,precession,3,1
5902,precision,3,3
5903,predators,3,3
5904,predicted,3,3
5905,preferences,3,3
5906,preferred,3,2
5907,preheated,3,3
5908,pressures,3,3
5909,pressurized,3,3
5910,previously,3,3
5911,preys,3,3
5912,primacy,3,2
5913,principal,3,3
5914,priority,3,3
5915,probably,3,3
5916,progression,3,2
5917,projections,3,3
5918,projects,3,3
5919,promoted,3,3
5920,promoting,3,3
5921,prompt,3,3
5922,propagated,3,3
5923,propane,3,3
5924,propel,3,3
5925,protrude,3,3
5926,proved,3,3
5927,providing,3,3
5928,published,3,2
5929,putuo,3,3
5930,pyrimidine,3,3
5931,pythagorean,3,3
5932,quantized,3,1
5933,quarantine,3,3
5934,quarters,3,3
5935,quasiholes,3,1
5936,r1r1r2r2r3r3,3,1
5937,radiance,3,3
5938,radicals,3,3
5939,radioactive,3,2
5940,railroad,3,1
5941,ramesses,3,2
5942,ramses,3,1
5943,rarely,3,3
5944,reactants,3,3
5945,reactive,3,3
5946,reactor,3,1
5947,realizes,3,3
5948,recently,3,3
5949,recharge,3,3
5950,reclamation,3,3
5951,recombination,3,3
5952,reconstruction,3,3
5953,recovers,3,3
5954,reentry,3,2
5955,refines,3,3
5956,reflectance,3,3
5957,regardless,3,3
5958,regulates,3,3
5959,relates,3,3
5960,relays,3,2
5961,removes,3,3
5962,renate,3,2
5963,renewal,3,3
5964,replication,3,3
5965,reported,3,3
5966,representations,3,3
5967,reputation,3,3
5968,requiring,3,3
5969,resembling,3,3
5970,reserve,3,3
5971,reset,3,3
5972,resident,3,3
5973,resolving,3,1
5974,resorts,3,2
5975,respiratory,3,3
5976,responds,3,3
5977,resting,3,3
5978,retain,3,3
5979,rewinding,3,1
5980,ria,3,2
5981,rift,3,2
5982,robert,3,3
5983,rodent,3,3
5984,rush,3,3
5985,sandbar,3,2
5986,sandcastle,3,1
5987,sara,3,1
5988,saudi,3,2
5989,scaled,3,2
5990,scarce,3,3
5991,scattered,3,3
5992,schmitt,3,2
5993,scope,3,3
5994,scrap,3,2
5995,scratch,3,3
5996,screening,3,3
5997,seabed,3,3
5998,searches,3,3
5999,semicylinder,3,1
6000,semicylindrical,3,1
6001,semipermeable,3,3
6002,sentence,3,3
6003,separator,3,2
6004,sepideh,3,2
6005,seriously,3,3
6006,seventh,3,2
6007,severely,3,3
6008,shade,3,3
6009,shaking,3,3
6010,shallow,3,3
6011,shelf,3,3
6012,shine,3,3
6013,shipping,3,3
6014,siemens,3,3
6015,similarly,3,3
6016,simon,3,1
6017,sin37,3,3
6018,sio,3,3
6019,sixteen,3,2
6020,skewed,3,3
6021,skipping,3,1
6022,skips,3,1
6023,slack,3,3
6024,slant,3,3
6025,sleds,3,1
6026,sleeping,3,2
6027,slid,3,3
6028,slippery,3,1
6029,slowed,3,2
6030,slugs,3,1
6031,snails,3,3
6032,snowboarder,3,1
6033,so2,3,3
6034,society,3,3
6035,solstices,3,3
6036,solved,3,3
6037,somatic,3,3
6038,sometimes,3,3
6039,sounding,3,1
6040,sounds,3,3
6041,spaceflight,3,3
6042,sparse,3,3
6043,specially,3,3
6044,specifications,3,3
6045,spectra,3,3
6046,spectrophotometer,3,3
6047,spermatids,3,1
6048,spews,3,3
6049,spills,3,3
6050,spitting,3,3
6051,splitting,3,1
6052,spraying,3,3
6053,sprinkler,3,3
6054,spun,3,3
6055,squarefree,3,3
6056,stamp,3,3
6057,starry,3,3
6058,starter,3,1
6059,startled,3,3
6060,stated,3,3
6061,statically,3,3
6062,stationed,3,1
6063,stator,3,2
6064,stern,3,1
6065,stimulation,3,2
6066,storehouses,3,3
6067,straightedge,3,3
6068,strait,3,3
6069,stratum,3,2
6070,strengthened,3,3
6071,strengths,3,3
6072,striped,3,3
6073,stroboscope,3,1
6074,stylish,3,3
6075,submit,3,3
6076,subsets,3,2
6077,subsolar,3,2
6078,substituted,3,3
6079,subtended,3,3
6080,subunit,3,3
6081,suburb,3,3
6082,succession,3,3
6083,suction,3,3
6084,sudoku,3,1
6085,suffer,3,3
6086,sugarcane,3,2
6087,suggested,3,3
6088,summarizes,3,3
6089,summary,3,3
6090,summit,3,2
6091,sunny,3,3
6092,superimposed,3,3
6093,supermarket,3,3
6094,supplementary,3,3
6095,supplementing,3,1
6096,surrounds,3,3
6097,survival,3,3
6098,susi,3,2
6099,suspect,3,3
6100,suspicious,3,3
6101,swamp,3,1
6102,sweeter,3,3
6103,symptoms,3,2
6104,synaptic,3,3
6105,syndrome,3,2
6106,t4dna,3,2
6107,tablet,3,3
6108,tadpole,3,3
6109,taikang,3,2
6110,tailed,3,3
6111,taipei,3,3
6112,tatiana,3,2
6113,teams,3,3
6114,teddy,3,1
6115,teeth,3,3
6116,terminated,3,3
6117,terrestrial,3,3
6118,territorial,3,3
6119,tesseract,3,3
6120,textiles,3,3
6121,texture,3,3
6122,theoretically,3,3
6123,thousands,3,2
6124,tilim,3,1
6125,timescale,3,3
6126,tins,3,1
6127,tips,3,3
6128,tires,3,2
6129,toad,3,3
6130,tolerance,3,3
6131,tooth,3,1
6132,topography,3,3
6133,topple,3,1
6134,trace,3,2
6135,traces,3,3
6136,trajectories,3,3
6137,transient,3,3
6138,translate,3,3
6139,translates,3,2
6140,traversed,3,3
6141,triggers,3,3
6142,triode,3,2
6143,tubing,3,3
6144,turpan,3,3
6145,typhoon,3,2
6146,ultimate,3,3
6147,unable,3,3
6148,underneath,3,3
6149,unfavorable,3,3
6150,unfold,3,3
6151,unfolds,3,3
6152,uniquely,3,3
6153,university,3,3
6154,unlike,3,3
6155,unloading,3,2
6156,unstretched,3,3
6157,unwound,3,3
6158,upgrading,3,3
6159,upwelling,3,3
6160,urbanized,3,3
6161,urges,3,3
6162,ush,3,1
6163,uygur,3,3
6164,uzy,3,3
6165,valence,3,2
6166,variance,3,3
6167,vectors,3,3
6168,venous,3,3
6169,villages,3,3
6170,vinegar,3,2
6171,viral,3,3
6172,visited,3,3
6173,visits,3,2
6174,vitro,3,3
6175,von,3,1
6176,vote,3,2
6177,voters,3,3
6178,vsi,3,3
6179,vt1,3,2
6180,vzu,3,3
6181,waist,3,2
6182,waiting,3,3
6183,wanjiang,3,2
6184,warp,3,3
6185,washed,3,3
6186,watering,3,3
6187,waterlogged,3,3
6188,wear,3,3
6189,weighed,3,3
6190,weinberg,3,3
6191,wetlands,3,3
6192,whale,3,3
6193,whales,3,3
6194,whirlpool,3,1
6195,widest,3,3
6196,wien,3,3
6197,willi,3,1
6198,winning,3,3
6199,wiper,3,1
6200,wired,3,3
6201,woman,3,2
6202,works,3,3
6203,workshop,3,3
6204,wzy,3,3
6205,x0007,3,3
6206,yan,3,3
6207,yard,3,1
6208,yards,3,2
6209,yehliu,3,3
6210,yibin,3,2
6211,yin,3,1
6212,youngest,3,3
6213,zhangye,3,3
6214,zhuhai,3,1
6215,006q,2,2
6216,100k,2,2
6217,108mm,2,2
6218,10s,2,2
6219,11v,2,2
6220,13x,2,1
6221,1424m,2,2
6222,14m,2,1
6223,14th,2,2
6224,15k,2,2
6225,15m,2,2
6226,15v,2,2
6227,15x,2,2
6228,16th,2,2
6229,17th,2,2
6230,18j,2,2
6231,19th,2,2
6232,200t,2,2
6233,2021st,2,2
6234,21st,2,2
6235,24m,2,2
6236,25k,2,2
6237,25m,2,1
6238,25t,2,2
6239,26th,2,2
6240,2am,2,2
6241,2aq,2,2
6242,2ax,2,2
6243,2be,2,2
6244,2bf,2,2
6245,2ch,2,2
6246,2chch2cooh,2,1
6247,2co,2,2
6248,2de,2,2
6249,2gd,2,2
6250,2hcl,2,2
6251,2kg,2,2
6252,2mg,2,2
6253,2ob,2,2
6254,300k,2,2
6255,300n,2,1
6256,30x,2,2
6257,310k,2,2
6258,310km2,2,2
6259,31st,2,2
6260,3be,2,2
6261,3kg,2,2
6262,3ob,2,2
6263,4000kg,2,2
6264,400t,2,1
6265,4ab,2,2
6266,4be,2,2
6267,4cd,2,2
6268,4cm,2,2
6269,4de,2,2
6270,500m,2,2
6271,50k,2,2
6272,50v,2,2
6273,51g,2,2
6274,52m,2,2
6275,598m,2,2
6276,5ml,2,1
6277,6000m,2,2
6278,6th,2,2
6279,747g,2,2
6280,80m,2,2
6281,98kg,2,2
6282,aardvark,2,1
6283,aat100,2,1
6284,abbreviation,2,2
6285,abcda,2,2
6286,abcf,2,2
6287,abch,2,2
6288,abed,2,2
6289,abfe,2,2
6290,abgf,2,2
6291,abnormality,2,2
6292,aboc,2,2
6293,abom,2,2
6294,abrupt,2,2
6295,absent,2,2
6296,absorbent,2,2
6297,abu,2,2
6298,abundance,2,2
6299,accumulates,2,2
6300,aceb,2,1
6301,acetylation,2,2
6302,acetyltransferase,2,2
6303,achieves,2,2
6304,achieving,2,2
6305,acidity,2,2
6306,acm,2,2
6307,acmdb,2,2
6308,acmn,2,2
6309,acp,2,2
6310,acquires,2,2
6311,acronym,2,1
6312,actinomycete,2,1
6313,actions,2,2
6314,activate,2,2
6315,adapt,2,2
6316,adhere,2,2
6317,adjusts,2,2
6318,adm,2,2
6319,adopting,2,2
6320,adulthood,2,2
6321,aedf,2,2
6322,aefd,2,2
6323,aefh,2,1
6324,aeo,2,2
6325,aerobic,2,2
6326,aesthetic,2,2
6327,afde,2,2
6328,affairs,2,2
6329,afgd,2,2
6330,afpe,2,1
6331,afterwards,2,2
6332,agd,2,2
6333,agency,2,2
6334,aires,2,2
6335,aksu,2,2
6336,alberto,2,1
6337,albino,2,1
6338,alert,2,2
6339,alfonso,2,1
6340,algal,2,1
6341,aliasing,2,2
6342,align,2,1
6343,alkene,2,2
6344,alleviate,2,2
6345,alone,2,2
6346,alphabetical,2,2
6347,alternative,2,2
6348,amb,2,2
6349,amplitudes,2,2
6350,andes,2,2
6351,anm,2,2
6352,ann,2,2
6353,annie,2,2
6354,anolis,2,1
6355,antennae,2,1
6356,anticancer,2,2
6357,anticlockwise,2,2
6358,anus,2,2
6359,anymore,2,2
6360,aobd,2,2
6361,apothem,2,2
6362,approached,2,2
6363,approaching,2,2
6364,aqrd,2,1
6365,aqua,2,1
6366,aquarium,2,2
6367,arab,2,2
6368,arched,2,2
6369,arches,2,1
6370,archipelago,2,2
6371,arizona,2,2
6372,arjun,2,1
6373,arm,2,2
6374,arrangements,2,2
6375,arterial,2,2
6376,artery,2,2
6377,arthropods,2,2
6378,arthur,2,2
6379,ascending,2,2
6380,ascorbic,2,2
6381,ash3,2,2
6382,asha,2,1
6383,ashley,2,1
6384,assist,2,2
6385,assistance,2,2
6386,assisted,2,2
6387,astable,2,2
6388,asymmetrical,2,2
6389,asymptote,2,1
6390,atop,2,2
6391,attains,2,2
6392,attempting,2,2
6393,auto,2,2
6394,autosomes,2,2
6395,awgn,2,1
6396,bacillus,2,1
6397,backflow,2,2
6398,backpacker,2,2
6399,backwards,2,2
6400,bap,2,2
6401,barriers,2,2
6402,bart,2,2
6403,barter,2,1
6404,basically,2,2
6405,bat,2,2
6406,bathroom,2,1
6407,bats,2,2
6408,bcef,2,2
6409,bdf,2,2
6410,bdp,2,2
6411,beaks,2,2
6412,bear,2,2
6413,bears,2,2
6414,beatriz,2,1
6415,beauty,2,2
6416,bedroom,2,1
6417,beetles,2,2
6418,beige,2,1
6419,bends,2,2
6420,beneath,2,2
6421,benefiting,2,2
6422,benny,2,1
6423,bernd,2,1
6424,berries,2,2
6425,beth,2,1
6426,bfco,2,1
6427,bfde,2,1
6428,bicycles,2,2
6429,billions,2,2
6430,bin,2,2
6431,bipolar,2,2
6432,bjorn,2,1
6433,bjts,2,2
6434,blackfly,2,2
6435,bluegill,2,2
6436,bluetooth,2,1
6437,bmc,2,2
6438,boils,2,2
6439,bolded,2,1
6440,boltzmann,2,2
6441,bombard,2,2
6442,bone,2,2
6443,bookshelf,2,1
6444,bookstore,2,2
6445,booths,2,2
6446,bordeaux,2,1
6447,bordered,2,2
6448,borders,2,1
6449,boris,2,2
6450,bottles,2,2
6451,bpf,2,1
6452,brazilian,2,2
6453,breeze,2,2
6454,british,2,2
6455,bromine,2,2
6456,bromosuccinimide,2,2
6457,brother,2,2
6458,bubbled,2,2
6459,bud,2,2
6460,budding,2,2
6461,buds,2,2
6462,buenos,2,2
6463,bugle,2,1
6464,builds,2,2
6465,bulge,2,2
6466,bulk,2,2
6467,bump,2,1
6468,bunchkin,2,1
6469,bundle,2,2
6470,cables,2,2
6471,cableway,2,1
6472,cactus,2,2
6473,caec,2,1
6474,caf,2,2
6475,california,2,2
6476,calorimeter,2,2
6477,cameras,2,2
6478,cannonball,2,1
6479,canton,2,1
6480,caofeidian,2,2
6481,cap,2,2
6482,capsule,2,1
6483,capture,2,2
6484,captures,2,2
6485,carbonate,2,2
6486,carbonyl,2,2
6487,carboxyl,2,1
6488,carmen,2,1
6489,carnot,2,1
6490,carpet,2,1
6491,carrots,2,1
6492,carved,2,2
6493,cascade,2,2
6494,caso,2,2
6495,catalysis,2,2
6496,catalyst,2,2
6497,catalyzed,2,2
6498,catalyzes,2,2
6499,catching,2,2
6500,categories,2,2
6501,categorized,2,2
6502,caterpillars,2,2
6503,cation,2,1
6504,cauliflower,2,1
6505,cave,2,1
6506,cbh,2,1
6507,cdfe,2,2
6508,cdfg,2,2
6509,cdgh,2,1
6510,cdm,2,2
6511,ceg,2,2
6512,celebrated,2,1
6513,cellulase,2,1
6514,cellulose,2,1
6515,cement,2,1
6516,centred,2,1
6517,centroids,2,2
6518,cfa,2,2
6519,ch3c,2,1
6520,ch3ch2ch2br,2,2
6521,ch3ch2ch2ch,2,2
6522,ch3ch2oh,2,2
6523,ch3co2h,2,2
6524,ch3cooh,2,2
6525,championship,2,2
6526,championships,2,2
6527,chance,2,2
6528,changchun,2,1
6529,changzhi,2,1
6530,characters,2,2
6531,charlotte,2,1
6532,cheap,2,2
6533,checkerboard,2,2
6534,chen,2,2
6535,cherries,2,2
6536,chestnut,2,1
6537,chewing,2,2
6538,chirality,2,2
6539,chlorine,2,2
6540,choices,2,2
6541,choke,2,2
6542,chomp,2,1
6543,choosing,2,2
6544,chromatin,2,2
6545,circ,2,2
6546,circumferences,2,2
6547,circumscribe,2,1
6548,citric,2,2
6549,civilized,2,2
6550,clamped,2,2
6551,classroom,2,2
6552,cleaning,2,2
6553,cleared,2,2
6554,clearing,2,1
6555,cleo,2,1
6556,climb,2,2
6557,clk1,2,1
6558,clocked,2,2
6559,cloth,2,1
6560,clover,2,2
6561,cmn,2,1
6562,coated,2,2
6563,coaxial,2,2
6564,cocoon,2,2
6565,codons,2,2
6566,collapses,2,2
6567,collecting,2,1
6568,colorful,2,2
6569,colorless,2,2
6570,commerce,2,2
6571,commission,2,2
6572,commissioning,2,2
6573,commodities,2,2
6574,commutation,2,1
6575,companies,2,2
6576,comparators,2,1
6577,compete,2,2
6578,compress,2,2
6579,concerns,2,2
6580,conditional,2,2
6581,conductivities,2,1
6582,conference,2,1
6583,configured,2,2
6584,confirmed,2,2
6585,confluence,2,2
6586,conformation,2,2
6587,conical,2,2
6588,consideration,2,2
6589,considers,2,2
6590,consisted,2,2
6591,constantly,2,2
6592,constituent,2,2
6593,constitutes,2,2
6594,constructions,2,2
6595,contacting,2,2
6596,contaminant,2,1
6597,contemporary,2,2
6598,contingency,2,2
6599,contribute,2,2
6600,contributes,2,2
6601,convenience,2,2
6602,converting,2,2
6603,conveying,2,2
6604,cooh,2,1
6605,coordination,2,2
6606,coplanar,2,2
6607,corrected,2,1
6608,cos37,2,2
6609,cosme,2,1
6610,cottontails,2,2
6611,couples,2,2
6612,coyotes,2,2
6613,cpe,2,2
6614,creams,2,2
6615,creeping,2,1
6616,crewed,2,2
6617,cricket,2,2
6618,crossover,2,2
6619,crosswise,2,2
6620,crude,2,2
6621,crumpled,2,2
6622,cultures,2,2
6623,cushing,2,1
6624,cyclin,2,1
6625,cyclone,2,1
6626,cytoplasm,2,2
6627,cytoplasmic,2,2
6628,daf,2,2
6629,dairy,2,2
6630,damaged,2,2
6631,damper,2,2
6632,damping,2,2
6633,daniel,2,1
6634,darya,2,2
6635,datapoints,2,2
6636,dcf,2,2
6637,dea,2,2
6638,decf,2,2
6639,decoding,2,2
6640,decomposed,2,2
6641,decomposes,2,2
6642,decorative,2,2
6643,deepest,2,2
6644,deformations,2,2
6645,deg,2,2
6646,degrade,2,1
6647,deletions,2,2
6648,delia,2,1
6649,deliver,2,2
6650,delivery,2,2
6651,dem,2,1
6652,demersum,2,1
6653,demonstrates,2,2
6654,densest,2,2
6655,dependent,2,2
6656,deposited,2,2
6657,deposits,2,2
6658,depot,2,2
6659,describing,2,2
6660,destination,2,2
6661,detects,2,2
6662,determining,2,2
6663,detour,2,1
6664,detoured,2,2
6665,dew,2,2
6666,dfb,2,2
6667,dfge,2,2
6668,dho,2,2
6669,dialogue,2,2
6670,diaphragm,2,1
6671,dichloroethene,2,1
6672,differs,2,2
6673,difficult,2,2
6674,dimethyl,2,2
6675,dino,2,1
6676,disappears,2,2
6677,discharges,2,2
6678,disclosure,2,2
6679,discontinuity,2,2
6680,discover,2,2
6681,discovery,2,2
6682,disjoint,2,2
6683,dispatched,2,2
6684,dispersed,2,2
6685,dissociates,2,2
6686,dissolution,2,2
6687,dissolves,2,2
6688,distantly,2,2
6689,distinguish,2,2
6690,distinguishable,2,1
6691,disturbed,2,2
6692,dive,2,2
6693,divergence,2,1
6694,dmb,2,2
6695,dock,2,2
6696,domestically,2,2
6697,dong,2,1
6698,dorsal,2,2
6699,doubled,2,2
6700,dpip,2,2
6701,drag,2,2
6702,dragonflies,2,1
6703,draught,2,2
6704,dream,2,2
6705,drifting,2,1
6706,drifts,2,2
6707,drilling,2,2
6708,drivers,2,2
6709,drizzle,2,2
6710,drkfr,2,1
6711,drunkard,2,1
6712,dual,2,2
6713,dune,2,1
6714,dung,2,2
6715,dusty,2,2
6716,dynamically,2,2
6717,earthquakes,2,2
6718,earthworm,2,2
6719,earwig,2,2
6720,ecologists,2,2
6721,economically,2,2
6722,economics,2,2
6723,ecori,2,1
6724,ecosystems,2,2
6725,eda,2,2
6726,edm,2,2
6727,eel,2,1
6728,efb,2,2
6729,efcd,2,2
6730,efcg,2,2
6731,effector,2,2
6732,efferent,2,2
6733,eggshell,2,1
6734,ehj,2,2
6735,ejection,2,2
6736,elasticity,2,2
6737,electrically,2,2
6738,electrified,2,2
6739,electrometer,2,1
6740,elephant,2,2
6741,eleven,2,2
6742,ella,2,1
6743,elmer,2,1
6744,elmira,2,1
6745,elongates,2,2
6746,else,2,1
6747,eluted,2,2
6748,embedded,2,2
6749,emblem,2,2
6750,embryo,2,2
6751,embryology,2,2
6752,empirical,2,2
6753,enables,2,2
6754,enameled,2,1
6755,enclosing,2,2
6756,encoding,2,1
6757,encountered,2,2
6758,encouraging,2,2
6759,endocrinologist,2,2
6760,endogenous,2,2
6761,engage,2,2
6762,english,2,2
6763,enhance,2,2
6764,enjoy,2,2
6765,enlarged,2,2
6766,ensures,2,1
6767,entertainment,2,1
6768,enthusiasts,2,2
6769,environments,2,2
6770,epc,2,2
6771,epithelial,2,1
6772,equality,2,2
6773,equivalence,2,2
6774,eras,2,2
6775,erroneous,2,2
6776,escaping,2,2
6777,escherichia,2,2
6778,ethanal,2,2
6779,ethanoic,2,2
6780,ethephon,2,1
6781,ethyl,2,2
6782,evaluation,2,2
6783,eve,2,1
6784,ever,2,2
6785,examples,2,2
6786,excavated,2,1
6787,exchanges,2,1
6788,exhausted,2,2
6789,exogenous,2,2
6790,expect,2,2
6791,expectation,2,2
6792,expels,2,1
6793,expensive,2,2
6794,experts,2,2
6795,explained,2,2
6796,exploitable,2,2
6797,exporting,2,2
6798,expresses,2,2
6799,extent,2,2
6800,extinguishing,2,1
6801,extracting,2,2
6802,extracurricular,2,2
6803,extravehicular,2,1
6804,fabricated,2,2
6805,facts,2,2
6806,fail,2,2
6807,failure,2,2
6808,falcata,2,1
6809,fare,2,1
6810,fashion,2,2
6811,fastened,2,1
6812,faults,2,2
6813,fba,2,2
6814,feedforward,2,1
6815,feg,2,2
6816,felt,2,2
6817,fen,2,2
6818,fermentation,2,2
6819,ferns,2,2
6820,fertilizer,2,2
6821,festive,2,2
6822,fgb,2,2
6823,fgh,2,2
6824,fghi,2,2
6825,fghmn,2,1
6826,fibrous,2,1
6827,filial,2,1
6828,filming,2,1
6829,finches,2,1
6830,finishes,2,2
6831,fir,2,2
6832,fix,2,2
6833,fixing,2,2
6834,flavonoid,2,2
6835,fled,2,1
6836,flee,2,2
6837,flips,2,2
6838,flooding,2,2
6839,floods,2,2
6840,florian,2,2
6841,flowchart,2,2
6842,flowerbeds,2,1
6843,flu,2,2
6844,fluctuation,2,2
6845,flue,2,1
6846,focuses,2,2
6847,foe,2,2
6848,foetus,2,2
6849,foggy,2,2
6850,footbridge,2,1
6851,forced,2,2
6852,forget,2,1
6853,fort,2,1
6854,forwards,2,2
6855,fox,2,2
6856,fractionally,2,1
6857,frankie,2,1
6858,freda,2,2
6859,freezes,2,1
6860,frictionlessly,2,2
6861,friendships,2,1
6862,frsl,2,1
6863,furthermore,2,2
6864,fusicoccin,2,1
6865,fusion,2,2
6866,gable,2,2
6867,gagac,2,1
6868,gained,2,2
6869,gaining,2,2
6870,gaofen,2,1
6871,garage,2,1
6872,garcia,2,1
6873,gaseous,2,2
6874,gather,2,2
6875,gauss,2,2
6876,gave,2,2
6877,gec,2,2
6878,gef,2,2
6879,gender,2,2
6880,generators,2,2
6881,genevieve,2,1
6882,geometrical,2,2
6883,geometrically,2,1
6884,gerda,2,1
6885,germinating,2,2
6886,gina,2,1
6887,girls,2,1
6888,gliding,2,2
6889,glitch,2,1
6890,globalization,2,2
6891,globin,2,1
6892,gluconeogenesis,2,2
6893,glumes,2,2
6894,glutamate,2,2
6895,glutamic,2,2
6896,glycine,2,2
6897,glycinium,2,1
6898,glycolytic,2,1
6899,gmr,2,2
6900,god,2,2
6901,gonads,2,2
6902,gopt,2,2
6903,governance,2,2
6904,graaff,2,2
6905,grabs,2,2
6906,grasslands,2,2
6907,gravitation,2,2
6908,greek,2,2
6909,greenhouse,2,2
6910,greenwich,2,2
6911,grids,2,2
6912,gridtown,2,1
6913,guess,2,1
6914,guilin,2,1
6915,guilty,2,2
6916,guiyang,2,2
6917,gum,2,2
6918,guppy,2,2
6919,h2c2o4,2,1
6920,haikui,2,2
6921,hair,2,2
6922,halo,2,1
6923,haloalkanes,2,2
6924,happened,2,2
6925,happy,2,2
6926,hardened,2,2
6927,hardly,2,2
6928,harness,2,1
6929,harry,2,2
6930,haruna,2,2
6931,harvest,2,2
6932,hatching,2,2
6933,hawaiian,2,2
6934,hazards,2,2
6935,hc2h3o2,2,2
6936,hcd,2,2
6937,health,2,2
6938,heater,2,2
6939,heaven,2,2
6940,heavily,2,2
6941,hebei,2,2
6942,hemiacetal,2,2
6943,hemiketal,2,2
6944,heritage,2,2
6945,heroes,2,2
6946,hexigten,2,2
6947,hip,2,1
6948,hippocampal,2,1
6949,hippocampus,2,1
6950,hometowns,2,2
6951,hong,2,2
6952,hoops,2,1
6953,hospital,2,2
6954,hourly,2,2
6955,hovers,2,2
6956,hso,2,2
6957,huaihe,2,1
6958,huangshan,2,2
6959,hubble,2,1
6960,huinantian,2,1
6961,hwp,2,2
6962,hydraulic,2,1
6963,hydroelectric,2,1
6964,hysteresis,2,2
6965,identically,2,2
6966,identification,2,2
6967,identifies,2,2
6968,identifying,2,1
6969,ignites,2,1
6970,imagined,2,2
6971,impinging,2,2
6972,implementing,2,2
6973,import,2,2
6974,imported,2,2
6975,improving,2,2
6976,impulses,2,2
6977,impulsive,2,2
6978,incomplete,2,2
6979,indirect,2,2
6980,indoor,2,2
6981,induces,2,2
6982,inducing,2,1
6983,inductors,2,2
6984,inertial,2,1
6985,infants,2,1
6986,inferring,2,2
6987,inflate,2,2
6988,inflates,2,2
6989,inflation,2,1
6990,initiates,2,1
6991,innermost,2,2
6992,innervates,2,2
6993,inoculate,2,2
6994,insertions,2,2
6995,insist,2,2
6996,inspired,2,2
6997,instar,2,2
6998,intact,2,2
6999,intellectual,2,2
7000,intended,2,2
7001,intends,2,2
7002,interact,2,2
7003,intercept,2,2
7004,interconnected,2,2
7005,intercropping,2,1
7006,intercross,2,2
7007,interfacing,2,2
7008,interiors,2,2
7009,interquartile,2,2
7010,intestine,2,2
7011,introduction,2,2
7012,intrusion,2,2
7013,iridum,2,2
7014,irregularly,2,2
7015,irrigated,2,2
7016,islet,2,2
7017,isochoric,2,1
7018,isochrone,2,2
7019,isohyets,2,2
7020,isolation,2,2
7021,isoleucine,2,1
7022,isomers,2,2
7023,issues,2,2
7024,italy,2,2
7025,itemize,2,1
7026,iupac,2,2
7027,j100,2,1
7028,jam,2,2
7029,jet,2,2
7030,jette,2,1
7031,jettison,2,1
7032,jianglang,2,2
7033,jin,2,2
7034,jkn,2,2
7035,jlp,2,1
7036,jockey,2,2
7037,jog,2,1
7038,journeys,2,2
7039,kabul,2,1
7040,kan,2,2
7041,karin,2,2
7042,karst,2,2
7043,kathi,2,2
7044,katrin,2,2
7045,kbaud,2,2
7046,kde,2,2
7047,keshiketeng,2,2
7048,kilogram,2,2
7049,kim,2,1
7050,kinase,2,2
7051,klm,2,2
7052,kln,2,2
7053,knots,2,1
7054,kpa,2,2
7055,krills,2,2
7056,kubuqi,2,2
7057,lagrange,2,2
7058,lakes,2,2
7059,landforms,2,2
7060,landslides,2,1
7061,language,2,2
7062,lanthanum,2,2
7063,lap,2,1
7064,latest,2,2
7065,latex,2,1
7066,launches,2,2
7067,leaks,2,2
7068,learn,2,2
7069,learning,2,2
7070,leaved,2,2
7071,legend,2,2
7072,leisurely,2,2
7073,lemon,2,2
7074,lena,2,1
7075,lenz,2,2
7076,leopard,2,2
7077,lesson,2,1
7078,lets,2,2
7079,lettered,2,2
7080,levitate,2,2
7081,levitates,2,2
7082,liepa,2,1
7083,lifetimes,2,2
7084,ligases,2,2
7085,ligated,2,2
7086,lighting,2,2
7087,likes,2,2
7088,limbless,2,2
7089,limitation,2,2
7090,linking,2,2
7091,literature,2,2
7092,lithium,2,1
7093,livestock,2,1
7094,loads,2,2
7095,log,2,2
7096,longtail,2,1
7097,longwave,2,2
7098,lot,2,2
7099,loved,2,2
7100,lovers,2,2
7101,lowered,2,2
7102,lowpass,2,2
7103,lucy,2,1
7104,luis,2,1
7105,lukas,2,1
7106,lung,2,2
7107,mab,2,2
7108,macdonald,2,1
7109,magmatic,2,2
7110,magnesium,2,1
7111,magnetically,2,2
7112,mahi,2,1
7113,mahogany,2,1
7114,maia,2,1
7115,maker,2,1
7116,mandarins,2,1
7117,manganese,2,2
7118,mango,2,2
7119,manicotti,2,1
7120,manifestation,2,2
7121,mantissa,2,2
7122,mantle,2,2
7123,manually,2,1
7124,manufactured,2,2
7125,manufactures,2,2
7126,manure,2,2
7127,marginal,2,2
7128,margot,2,1
7129,markers,2,2
7130,marketed,2,2
7131,marry,2,2
7132,martin,2,2
7133,mats,2,1
7134,maturation,2,2
7135,maximally,2,2
7136,mbcn,2,2
7137,mcdonald,2,2
7138,meat,2,1
7139,medal,2,2
7140,mediated,2,2
7141,mediterranean,2,2
7142,membranous,2,2
7143,menhaden,2,2
7144,mesophyll,2,2
7145,metals,2,2
7146,meteorite,2,1
7147,meteorology,2,2
7148,methacrylate,2,2
7149,methanol,2,2
7150,methyl,2,2
7151,methylamine,2,1
7152,methylbutanoic,2,2
7153,metre,2,1
7154,michael,2,2
7155,micromoles,2,2
7156,microprocessor,2,2
7157,microscopes,2,2
7158,microscopic,2,2
7159,microscopy,2,2
7160,microseconds,2,2
7161,midband,2,2
7162,midfield,2,1
7163,midriff,2,2
7164,midsegment,2,2
7165,midway,2,2
7166,midwestern,2,2
7167,migrate,2,2
7168,migrating,2,1
7169,mike,2,2
7170,miller,2,2
7171,milliseconds,2,2
7172,minnows,2,2
7173,minus,2,2
7174,mission,2,1
7175,mistake,2,2
7176,mnop,2,2
7177,mnp,2,1
7178,mnpr,2,2
7179,mob,2,2
7180,mobile,2,2
7181,moc,2,1
7182,modeled,2,2
7183,modify,2,1
7184,modular,2,2
7185,monatomic,2,2
7186,monogenic,2,2
7187,monster,2,1
7188,morafka,2,2
7189,moritz,2,2
7190,mortality,2,2
7191,mos1,2,1
7192,mos2,2,1
7193,mosif,2,1
7194,mothers,2,1
7195,motivations,2,2
7196,mound,2,2
7197,mouthparts,2,2
7198,mpn,2,2
7199,mpx,2,2
7200,mrs,2,2
7201,mudslide,2,1
7202,mulberry,2,2
7203,multimeter,2,1
7204,multiplexers,2,2
7205,multiplexor,2,1
7206,mutagen,2,2
7207,mutates,2,1
7208,muzzle,2,1
7209,namely,2,2
7210,nameplate,2,2
7211,ncl,2,2
7212,ncl3,2,2
7213,neb,2,2
7214,neighbour,2,2
7215,neurotransmitter,2,2
7216,neutralize,2,2
7217,neutralized,2,2
7218,nevada,2,2
7219,nights,2,2
7220,nile,2,2
7221,ninth,2,1
7222,nitration,2,2
7223,nitrite,2,2
7224,nitrous,2,2
7225,no3,2,2
7226,nonagon,2,2
7227,nonfeeding,2,2
7228,nonoverlapping,2,1
7229,nonzero,2,2
7230,nose,2,1
7231,noticeably,2,2
7232,noticing,2,2
7233,npy,2,2
7234,nucleotides,2,1
7235,null,2,2
7236,numerous,2,2
7237,nurse,2,2
7238,nutritionists,2,2
7239,oacb,2,2
7240,oad,2,2
7241,oap,2,2
7242,oba,2,2
7243,obe,2,2
7244,observes,2,2
7245,oceanic,2,2
7246,ocl,2,2
7247,octet,2,2
7248,odce,2,2
7249,ode,2,2
7250,oef,2,1
7251,olivia,2,1
7252,onward,2,2
7253,operator,2,2
7254,optimizing,2,2
7255,ordering,2,2
7256,ordinary,2,2
7257,ordinates,2,2
7258,orleans,2,1
7259,otl,2,2
7260,ottawa,2,1
7261,outdoor,2,1
7262,outlets,2,2
7263,outspread,2,1
7264,ovaries,2,2
7265,overcast,2,2
7266,overexpression,2,1
7267,overlapped,2,2
7268,overshoot,2,2
7269,overtakes,2,2
7270,ovule,2,2
7271,owls,2,2
7272,owners,2,2
7273,oxalate,2,2
7274,oxidase,2,2
7275,pack,2,2
7276,packages,2,2
7277,pads,2,1
7278,paintings,2,1
7279,paleontology,2,2
7280,panel,2,2
7281,panels,2,1
7282,pao,2,2
7283,parallels,2,2
7284,parasol,2,2
7285,paris,2,2
7286,participants,2,2
7287,participates,2,2
7288,patrolling,2,2
7289,pave,2,1
7290,paved,2,2
7291,pavilion,2,2
7292,paving,2,1
7293,pba,2,2
7294,pbqd,2,1
7295,pca,2,2
7296,pcb,2,2
7297,pcm,2,1
7298,pea,2,1
7299,peach,2,1
7300,peaks,2,2
7301,pear,2,2
7302,pearls,2,1
7303,pebf,2,2
7304,pegs,2,1
7305,pencil,2,2
7306,pendulums,2,1
7307,penultimate,2,2
7308,peppered,2,1
7309,perennial,2,2
7310,peripheral,2,2
7311,personal,2,2
7312,personnel,2,2
7313,perspectives,2,2
7314,pesticides,2,2
7315,pete,2,1
7316,ph3,2,2
7317,pheasant,2,1
7318,photocell,2,1
7319,photodiode,2,1
7320,photography,2,2
7321,phototropism,2,2
7322,photovoltaic,2,2
7323,phreatic,2,2
7324,physoly,2,2
7325,picked,2,1
7326,pickup,2,2
7327,pile,2,2
7328,pilots,2,2
7329,pinch,2,2
7330,pink,2,2
7331,pipette,2,1
7332,pit,2,1
7333,pitch,2,2
7334,pituitary,2,2
7335,plenary,2,2
7336,plug,2,1
7337,plus,2,2
7338,pm10,2,2
7339,pmon,2,2
7340,poe,2,2
7341,poem,2,2
7342,pointers,2,2
7343,policies,2,2
7344,polish,2,2
7345,pollinate,2,2
7346,polluted,2,2
7347,polyline,2,2
7348,polyprotic,2,2
7349,popular,2,2
7350,poq,2,2
7351,pores,2,1
7352,portions,2,2
7353,possibilities,2,2
7354,posterior,2,2
7355,posts,2,1
7356,postsynaptic,2,2
7357,potassium,2,2
7358,pouch,2,1
7359,pounds,2,1
7360,pouring,2,2
7361,pqt,2,2
7362,practice,2,2
7363,practicing,2,2
7364,precedence,2,2
7365,precise,2,2
7366,precursor,2,2
7367,predicting,2,2
7368,predictor,2,2
7369,prefix,2,2
7370,preliminary,2,2
7371,preparation,2,2
7372,prepares,2,2
7373,pres2,2,1
7374,president,2,2
7375,presses,2,2
7376,pressing,2,2
7377,presynaptic,2,2
7378,preventing,2,2
7379,prevention,2,2
7380,priced,2,2
7381,primer,2,2
7382,printing,2,2
7383,proceed,2,2
7384,processed,2,2
7385,profitability,2,2
7386,progeny,2,2
7387,proliferation,2,1
7388,promoter,2,2
7389,prompted,2,2
7390,propanol,2,1
7391,propelled,2,2
7392,propene,2,2
7393,propose,2,2
7394,protected,2,2
7395,psq,2,1
7396,psr,2,2
7397,pudong,2,2
7398,pulmonary,2,1
7399,punch,2,1
7400,punches,2,2
7401,purity,2,1
7402,q3q2q1,2,1
7403,qabo,2,1
7404,qilian,2,2
7405,qingming,2,2
7406,qingzhen,2,2
7407,qps,2,2
7408,qrp,2,2
7409,qrtu,2,2
7410,qualified,2,1
7411,quantitative,2,2
7412,quarantined,2,2
7413,quasi,2,2
7414,quasiparticles,2,1
7415,queen,2,2
7416,rabi,2,1
7417,radiates,2,1
7418,raffinate,2,2
7419,raising,2,2
7420,rammed,2,1
7421,ramming,2,1
7422,ramos,2,1
7423,ranked,2,2
7424,reactant,2,2
7425,reacted,2,2
7426,reacting,2,2
7427,reacts,2,2
7428,rearrangement,2,2
7429,reasoning,2,2
7430,rebound,2,1
7431,receptacle,2,1
7432,recognition,2,2
7433,recombinants,2,1
7434,recurrence,2,2
7435,ref,2,2
7436,reflectivity,2,1
7437,regeneration,2,2
7438,regularly,2,2
7439,regulate,2,2
7440,regulations,2,2
7441,regulatory,2,2
7442,reheated,2,2
7443,relate,2,2
7444,relating,2,2
7445,relations,2,2
7446,relaxation,2,2
7447,reliably,2,2
7448,relies,2,2
7449,remelting,2,2
7450,remember,2,2
7451,removal,2,1
7452,renovation,2,2
7453,replicate,2,2
7454,reserves,2,1
7455,residuals,2,2
7456,resistivities,2,2
7457,resolution,2,2
7458,resonance,2,2
7459,resort,2,1
7460,respects,2,2
7461,restoration,2,2
7462,resulted,2,2
7463,retaining,2,1
7464,retractable,2,1
7465,reversed,2,2
7466,reverses,2,2
7467,reversing,2,1
7468,reviewed,2,2
7469,revitalization,2,2
7470,revolve,2,2
7471,revolving,2,2
7472,ribosomal,2,2
7473,ribosomes,2,2
7474,richter,2,2
7475,ridden,2,2
7476,riemann,2,2
7477,rifle,2,1
7478,riki,2,1
7479,rinderpest,2,2
7480,risen,2,2
7481,rita,2,2
7482,riverbanks,2,2
7483,riverbed,2,2
7484,rom,2,1
7485,roman,2,2
7486,roses,2,2
7487,rotifer,2,2
7488,rounds,2,2
7489,routine,2,2
7490,roving,2,2
7491,rsp,2,2
7492,rstu,2,2
7493,rstv,2,2
7494,rsu,2,2
7495,rsv,2,2
7496,rutherford,2,2
7497,sabc,2,1
7498,sacha,2,1
7499,sailboat,2,1
7500,sal,2,1
7501,salamander,2,2
7502,salmon,2,2
7503,sam,2,1
7504,sandbags,2,2
7505,sandwich,2,1
7506,sandy,2,2
7507,sangluo,2,2
7508,sanya,2,2
7509,sap,2,2
7510,sarcolemma,2,2
7511,sasha,2,1
7512,saturn,2,2
7513,sau3ai,2,1
7514,says,2,2
7515,sb2,2,1
7516,sbh3,2,2
7517,schemes,2,2
7518,schools,2,1
7519,scientist,2,2
7520,screens,2,2
7521,screw,2,1
7522,seamlessly,2,2
7523,search,2,2
7524,seashore,2,2
7525,seated,2,1
7526,secretes,2,2
7527,sedan,2,1
7528,sedimentary,2,2
7529,sediments,2,1
7530,seedling,2,2
7531,seeing,2,2
7532,selfed,2,1
7533,sending,2,2
7534,senescence,2,1
7535,sensitivity,2,2
7536,serine,2,2
7537,serves,2,2
7538,settle,2,2
7539,shaanxi,2,2
7540,shadows,2,2
7541,shafts,2,1
7542,shaken,2,1
7543,shall,2,2
7544,sharing,2,2
7545,sharply,2,2
7546,sheath,2,2
7547,sheep,2,2
7548,sheila,2,1
7549,shellfish,2,2
7550,shelves,2,1
7551,shielding,2,2
7552,shifted,2,2
7553,shilin,2,2
7554,shining,2,2
7555,shipped,2,2
7556,shirt,2,1
7557,shoe,2,2
7558,shone,2,2
7559,shortwave,2,2
7560,shots,2,2
7561,shrank,2,2
7562,shrink,2,2
7563,shunt,2,2
7564,shut,2,2
7565,siblings,2,2
7566,sidelength,2,2
7567,siderophores,2,1
7568,sierra,2,2
7569,silt,2,1
7570,silted,2,2
7571,silting,2,2
7572,silvered,2,2
7573,simbel,2,2
7574,simone,2,1
7575,simplifying,2,2
7576,sink,2,2
7577,sinus,2,2
7578,sio2,2,1
7579,sisters,2,2
7580,sixty,2,2
7581,skateboards,2,1
7582,skeletal,2,2
7583,skeleton,2,2
7584,skills,2,2
7585,slanted,2,1
7586,slippage,2,2
7587,sloped,2,2
7588,slot,2,1
7589,slows,2,2
7590,smelt,2,2
7591,smelter,2,2
7592,smelting,2,2
7593,snap,2,1
7594,soaking,2,1
7595,soared,2,2
7596,socioeconomic,2,2
7597,software,2,2
7598,sol,2,1
7599,solenoids,2,2
7600,southwesternmost,2,1
7601,soybeans,2,1
7602,spacer,2,1
7603,spacewalking,2,1
7604,spaghetti,2,1
7605,speaker,2,2
7606,speaking,2,2
7607,specializes,2,2
7608,speeding,2,2
7609,spend,2,2
7610,sperm,2,2
7611,spermatocytes,2,1
7612,spilling,2,2
7613,sport,2,2
7614,sports,2,2
7615,sportswear,2,2
7616,spotted,2,2
7617,spread,2,2
7618,spreads,2,2
7619,squirrel,2,2
7620,squirrels,2,2
7621,src,2,2
7622,stabilize,2,2
7623,stabilized,2,2
7624,stably,2,2
7625,stacks,2,1
7626,stained,2,2
7627,stairs,2,2
7628,stalagmites,2,2
7629,stalk,2,2
7630,stamping,2,2
7631,standardized,2,2
7632,startup,2,2
7633,starve,2,2
7634,stems,2,2
7635,steph,2,1
7636,steppe,2,1
7637,stereoisomers,2,2
7638,sterile,2,1
7639,stokes,2,1
7640,stomata,2,1
7641,stomatal,2,2
7642,stood,2,2
7643,stormer,2,1
7644,strawberries,2,2
7645,streetlight,2,2
7646,streetlights,2,2
7647,strike,2,2
7648,striking,2,2
7649,strokes,2,1
7650,stronger,2,2
7651,strontium,2,1
7652,style,2,2
7653,subjects,2,2
7654,substitutions,2,2
7655,subsystems,2,1
7656,subtending,2,2
7657,subtilis,2,1
7658,subtraction,2,2
7659,sudden,2,2
7660,suffered,2,2
7661,suffering,2,2
7662,suit,2,2
7663,suitcase,2,1
7664,sulfite,2,1
7665,sulfoxide,2,2
7666,sunflowers,2,1
7667,sunshade,2,1
7668,sunspot,2,1
7669,suppression,2,2
7670,surveyed,2,2
7671,survive,2,2
7672,sustained,2,2
7673,swap,2,2
7674,swapped,2,1
7675,symbiotic,2,1
7676,syncronous,2,2
7677,synthesize,2,1
7678,synthesizes,2,2
7679,syringe,2,2
7680,tablets,2,2
7681,tabular,2,1
7682,tabulated,2,2
7683,taihang,2,2
7684,taitung,2,2
7685,tanks,2,2
7686,tapes,2,1
7687,targets,2,2
7688,task,2,2
7689,taste,2,2
7690,tax,2,1
7691,taxes,2,2
7692,taylor,2,1
7693,tea,2,2
7694,tectonic,2,1
7695,tectonics,2,2
7696,tem,2,2
7697,temporary,2,2
7698,termite,2,2
7699,thaliana,2,2
7700,theme,2,2
7701,thicknesses,2,2
7702,think,2,2
7703,thirty,2,2
7704,thomas,2,2
7705,thorax,2,2
7706,thrusters,2,1
7707,tianjin,2,2
7708,tighten,2,1
7709,tightrope,2,1
7710,tikzpicture,2,1
7711,tiling,2,1
7712,tire,2,1
7713,tissues,2,2
7714,tomatoes,2,2
7715,too,2,2
7716,toppings,2,2
7717,toss,2,2
7718,totipotent,2,2
7719,tournament,2,2
7720,tracked,2,2
7721,trained,2,2
7722,trainees,2,1
7723,trainer,2,1
7724,tranquil,2,2
7725,transconductances,2,2
7726,transitioned,2,2
7727,transitions,2,2
7728,transmit,2,2
7729,transmittance,2,1
7730,transmitting,2,2
7731,transparencies,2,1
7732,transports,2,2
7733,trapeziums,2,2
7734,trefoil,2,1
7735,trials,2,2
7736,triangulated,2,1
7737,tries,2,2
7738,triomino,2,1
7739,trioxide,2,2
7740,trisect,2,2
7741,trolleybuses,2,2
7742,tromino,2,1
7743,trominos,2,1
7744,troops,2,1
7745,trucks,2,2
7746,tsui,2,1
7747,tualang,2,2
7748,tulip,2,2
7749,tunable,2,1
7750,turbulent,2,2
7751,turtle,2,1
7752,tuv,2,2
7753,tuvr,2,1
7754,twin,2,2
7755,twyz,2,2
7756,ultimately,2,2
7757,umbrella,2,2
7758,umbrellas,2,2
7759,uncoloured,2,1
7760,understanding,2,2
7761,undissolved,2,2
7762,unfolding,2,2
7763,unicycle,2,1
7764,unless,2,2
7765,unlimited,2,2
7766,unmanned,2,2
7767,unpainted,2,1
7768,unpowered,2,2
7769,unprecedented,2,2
7770,unrelated,2,2
7771,unsaturated,2,2
7772,unshorted,2,2
7773,unsymmetrical,2,2
7774,unusually,2,2
7775,uppermost,2,2
7776,uptake,2,2
7777,uracil,2,2
7778,urey,2,2
7779,urumqi,2,2
7780,usage,2,2
7781,usher,2,2
7782,ushuaia,2,2
7783,utilized,2,2
7784,valleys,2,2
7785,vanilla,2,2
7786,vaporization,2,2
7787,var,2,2
7788,variant,2,2
7789,veins,2,2
7790,venezuela,2,1
7791,verge,2,2
7792,version,2,2
7793,vietnam,2,2
7794,vietnamese,2,2
7795,violated,2,2
7796,violet,2,1
7797,visualized,2,2
7798,vowel,2,2
7799,voyage,2,2
7800,vt2,2,2
7801,wafers,2,2
7802,wait,2,2
7803,walkways,2,1
7804,walled,2,2
7805,wanda,2,1
7806,wands,2,1
7807,wangjiazhai,2,2
7808,wanzhou,2,2
7809,waterbird,2,1
7810,waterlogging,2,1
7811,watt,2,2
7812,weaken,2,2
7813,weaker,2,2
7814,weakest,2,2
7815,wears,2,2
7816,weasels,2,1
7817,weathered,2,2
7818,weathertong,2,2
7819,wedges,2,1
7820,weekly,2,2
7821,weightlessness,2,1
7822,welcomed,2,2
7823,westward,2,1
7824,wharf,2,2
7825,whenever,2,2
7826,whichever,2,2
7827,whistle,2,1
7828,whistles,2,1
7829,wholesale,2,2
7830,whom,2,2
7831,winged,2,1
7832,wingless,2,2
7833,winner,2,2
7834,wiring,2,1
7835,wisconsin,2,1
7836,wished,2,2
7837,wolves,2,2
7838,words,2,2
7839,worked,2,2
7840,workflow,2,2
7841,worm,2,2
7842,xiaofang,2,1
7843,yanshan,2,2
7844,yarkand,2,2
7845,yesterday,2,2
7846,younger,2,2
7847,zag,2,2
7848,zaozhuang,2,2
7849,zeeman,2,1
7850,zeros,2,2
7851,zhangjiakou,2,1
7852,zhou,2,2
7853,ziel,2,2
7854,zig,2,2
7855,zigzag,2,2
7856,zigzagging,2,1
7857,zirconium,2,2
7858,zonation,2,2
7859,zpf,2,1
7860,zwx,2,2
7861,zygotic,2,1
7862,zyw,2,1
7863,zyx,2,2
7864,01c,1,1
7865,01s,1,1
7866,03a9,1,1
7867,04kg,1,1
7868,09x,1,1
7869,0cm,1,1
7870,10000t,1,1
7871,1000m,1,1
7872,100km,1,1
7873,100v,1,1
7874,10a,1,1
7875,10cm,1,1
7876,10h,1,1
7877,10l,1,1
7878,10mv,1,1
7879,10n,1,1
7880,10r,1,1
7881,10u,1,1
7882,10w,1,1
7883,11a,1,1
7884,11kv,1,1
7885,11kw,1,1
7886,11r0,1,1
7887,127g,1,1
7888,12cm,1,1
7889,12f,1,1
7890,12l,1,1
7891,12m,1,1
7892,13cm,1,1
7893,13g,1,1
7894,13m,1,1
7895,13th,1,1
7896,140n,1,1
7897,14h,1,1
7898,14h30min,1,1
7899,14n,1,1
7900,14x,1,1
7901,150v,1,1
7902,15cm,1,1
7903,15km,1,1
7904,15min,1,1
7905,15s,1,1
7906,15th,1,1
7907,1600m,1,1
7908,16b,1,1
7909,16n,1,1
7910,16p,1,1
7911,16qam,1,1
7912,16r,1,1
7913,1780s,1,1
7914,180v,1,1
7915,18x,1,1
7916,1ab,1,1
7917,1ao,1,1
7918,1atm,1,1
7919,1cdo,1,1
7920,1ma,1,1
7921,2000m,1,1
7922,2000t,1,1
7923,200k,1,1
7924,200mm,1,1
7925,2011th,1,1
7926,2012th,1,1
7927,2019a,1,1
7928,2019b,1,1
7929,2019c,1,1
7930,2019d,1,1
7931,2022nd,1,1
7932,2023rd,1,1
7933,20b,1,1
7934,20c,1,1
7935,20l,1,1
7936,20min,1,1
7937,20mm,1,1
7938,20n,1,1
7939,20t,1,1
7940,2200v,1,1
7941,220sin,1,1
7942,22nd,1,1
7943,24h,1,1
7944,24v,1,1
7945,250k,1,1
7946,250n,1,1
7947,25cm,1,1
7948,25mv,1,1
7949,25r,1,1
7950,25th,1,1
7951,273k,1,1
7952,27th,1,1
7953,280k,1,1
7954,28th,1,1
7955,298k,1,1
7956,2aa,1,1
7957,2ac,1,1
7958,2ao,1,1
7959,2cf,1,1
7960,2cn,1,1
7961,2co2,1,1
7962,2cq,1,1
7963,2db,1,1
7964,2dc,1,1
7965,2ec,1,1
7966,2ed,1,1
7967,2em,1,1
7968,2eo,1,1
7969,2fe,1,1
7970,2hd,1,1
7971,2hno,1,1
7972,2kl,1,1
7973,2lm,1,1
7974,2mc,1,1
7975,2mn,1,1
7976,2ms,1,1
7977,2mx,1,1
7978,2na,1,1
7979,2nacl,1,1
7980,2nc,1,1
7981,2nch,1,1
7982,2nh,1,1
7983,2nh3,1,1
7984,2no2,1,1
7985,2nt,1,1
7986,2o2,1,1
7987,2of,1,1
7988,2pq,1,1
7989,2qd,1,1
7990,2xy,1,1
7991,300m,1,1
7992,3099m,1,1
7993,30h,1,1
7994,30kv,1,1
7995,30min,1,1
7996,30v,1,1
7997,311sin,1,1
7998,311sin100,1,1
7999,32mg,1,1
8000,342mm,1,1
8001,3500m,1,1
8002,36j,1,1
8003,36k,1,1
8004,3776m,1,1
8005,37th,1,1
8006,3ac,1,1
8007,3bc,1,1
8008,3cd,1,1
8009,3ce,1,1
8010,3cf,1,1
8011,3cm,1,1
8012,3coh,1,1
8013,3db,1,1
8014,3df,1,1
8015,3dg8,1,1
8016,3dn,1,1
8017,3ec,1,1
8018,3fc,1,1
8019,3h2o,1,1
8020,3mb,1,1
8021,3mg,1,1
8022,3mn,1,1
8023,3nad,1,1
8024,3nadh,1,1
8025,3no,1,1
8026,3no2,1,1
8027,3oa,1,1
8028,3od,1,1
8029,3om,1,1
8030,400v,1,1
8031,40m,1,1
8032,40min,1,1
8033,40n,1,1
8034,40rad,1,1
8035,40v,1,1
8036,40w,1,1
8037,44w,1,1
8038,452b,1,1
8039,46s,1,1
8040,46th,1,1
8041,4ax,1,1
8042,4hno3,1,1
8043,4kg,1,1
8044,4km,1,1
8045,4ktr,1,1
8046,4mg,1,1
8047,4ms,1,1
8048,4n2,1,1
8049,4no,1,1
8050,4om,1,1
8051,4pb,1,1
8052,4qb,1,1
8053,500g,1,1
8054,500k,1,1
8055,500t,1,1
8056,50hz,1,1
8057,50min,1,1
8058,50s,1,1
8059,52v,1,1
8060,53rd,1,1
8061,54th,1,1
8062,573g,1,1
8063,5atm,1,1
8064,5kg,1,1
8065,5pc,1,1
8066,5r0,1,1
8067,60ev,1,1
8068,60s,1,1
8069,60v,1,1
8070,60w,1,1
8071,628t,1,1
8072,66w,1,1
8073,6bp,1,1
8074,74ls161,1,1
8075,74v,1,1
8076,8000kg,1,1
8077,800k,1,1
8078,800m,1,1
8079,800mm,1,1
8080,8085a,1,1
8081,80n,1,1
8082,80s,1,1
8083,8gl,1,1
8084,8mg,1,1
8085,90s,1,1
8086,93k,1,1
8087,96m,1,1
8088,abandoned,1,1
8089,abbas,1,1
8090,abcdefg,1,1
8091,abcp,1,1
8092,abcq,1,1
8093,abdf,1,1
8094,abdomen,1,1
8095,abec,1,1
8096,abfc,1,1
8097,abg,1,1
8098,abgd,1,1
8099,abh,1,1
8100,abih,1,1
8101,ablate,1,1
8102,abmn,1,1
8103,abnmd,1,1
8104,aboard,1,1
8105,abpc,1,1
8106,abq,1,1
8107,abscissae,1,1
8108,absolutely,1,1
8109,absr,1,1
8110,abutting,1,1
8111,aca,1,1
8112,acbd,1,1
8113,accelerators,1,1
8114,accept,1,1
8115,acceptance,1,1
8116,acceptor,1,1
8117,accessibility,1,1
8118,accessory,1,1
8119,acclaimed,1,1
8120,accomplish,1,1
8121,accomplished,1,1
8122,accumulator,1,1
8123,aced,1,1
8124,acetabularia,1,1
8125,acfg,1,1
8126,acgd,1,1
8127,achi,1,1
8128,achievable,1,1
8129,achromaticity,1,1
8130,acq,1,1
8131,acquire,1,1
8132,acquired,1,1
8133,acquisition,1,1
8134,acth,1,1
8135,adaptability,1,1
8136,adaptation,1,1
8137,adaptations,1,1
8138,adcb,1,1
8139,addresses,1,1
8140,adeg,1,1
8141,adg,1,1
8142,adhg,1,1
8143,adiabatically,1,1
8144,adjustments,1,1
8145,adn,1,1
8146,adoe,1,1
8147,adorned,1,1
8148,adrenocorticotropic,1,1
8149,adriana,1,1
8150,adsorbing,1,1
8151,advances,1,1
8152,advocated,1,1
8153,ady,1,1
8154,aecd,1,1
8155,aedb,1,1
8156,aee,1,1
8157,aegh,1,1
8158,aeh,1,1
8159,aeks,1,1
8160,aem,1,1
8161,aeod,1,1
8162,aeph,1,1
8163,aeration,1,1
8164,aerial,1,1
8165,aeronautics,1,1
8166,aerosols,1,1
8167,aerospace,1,1
8168,afd,1,1
8169,afferent,1,1
8170,affiliated,1,1
8171,afh,1,1
8172,afr,1,1
8173,african,1,1
8174,agch,1,1
8175,agcl,1,1
8176,agfb,1,1
8177,aggravate,1,1
8178,aggravation,1,1
8179,aggregation,1,1
8180,aghi,1,1
8181,agi,1,1
8182,agq,1,1
8183,agro,1,1
8184,ahc,1,1
8185,ahf,1,1
8186,ahg,1,1
8187,aib,1,1
8188,aic,1,1
8189,aid,1,1
8190,aiming,1,1
8191,aims,1,1
8192,airborne,1,1
8193,airports,1,1
8194,ajabchchija,1,1
8195,aje,1,1
8196,ajicb,1,1
8197,akash,1,1
8198,akb,1,1
8199,akin,1,1
8200,aladdin,1,1
8201,alarm,1,1
8202,algael,1,1
8203,algebra,1,1
8204,alicia,1,1
8205,alignment,1,1
8206,alive,1,1
8207,alkaline,1,1
8208,alligator,1,1
8209,aloft,1,1
8210,alongside,1,1
8211,alpha,1,1
8212,alphabet,1,1
8213,alphabetic,1,1
8214,alps,1,1
8215,alternatively,1,1
8216,altimeter,1,1
8217,alumnus,1,1
8218,ambiguously,1,1
8219,amc8,1,1
8220,amd,1,1
8221,amde,1,1
8222,amery,1,1
8223,aminotransferase,1,1
8224,amongst,1,1
8225,amphibious,1,1
8226,amplifiers,1,1
8227,ampn,1,1
8228,amy,1,1
8229,anaerobic,1,1
8230,analogy,1,1
8231,analyzes,1,1
8232,anaphase,1,1
8233,anastasia,1,1
8234,anchor,1,1
8235,anchored,1,1
8236,ancients,1,1
8237,andrea,1,1
8238,andy,1,1
8239,angeles,1,1
8240,aniline,1,1
8241,animolympiad,1,1
8242,anion,1,1
8243,anita,1,1
8244,ankle,1,1
8245,anmd,1,1
8246,anne,1,1
8247,annotated,1,1
8248,annotating,1,1
8249,announced,1,1
8250,annular,1,1
8251,anomalous,1,1
8252,ansatz,1,1
8253,antennas,1,1
8254,anterior,1,1
8255,anther,1,1
8256,antimicrobial,1,1
8257,aoa,1,1
8258,aobcpd,1,1
8259,aobp,1,1
8260,aoi,1,1
8261,aon,1,1
8262,aorta,1,1
8263,apartment,1,1
8264,apcd,1,1
8265,apg,1,1
8266,apice,1,1
8267,apn,1,1
8268,appendix,1,1
8269,apples,1,1
8270,applicable,1,1
8271,appreciated,1,1
8272,appropriately,1,1
8273,approve,1,1
8274,approximates,1,1
8275,approximating,1,1
8276,approximations,1,1
8277,apqm,1,1
8278,apqrs,1,1
8279,aqb,1,1
8280,aqc,1,1
8281,aqcp,1,1
8282,aquaporin,1,1
8283,arable,1,1
8284,arachnids,1,1
8285,arcade,1,1
8286,archaeological,1,1
8287,archery,1,1
8288,argument,1,1
8289,armrest,1,1
8290,armrests,1,1
8291,arno,1,1
8292,arose,1,1
8293,aroused,1,1
8294,arriving,1,1
8295,articles,1,1
8296,artificially,1,1
8297,artistic,1,1
8298,arts,1,1
8299,ashy,1,1
8300,asking,1,1
8301,aspen,1,1
8302,assemble,1,1
8303,assembles,1,1
8304,assembling,1,1
8305,assess,1,1
8306,assumes,1,1
8307,asterisk,1,1
8308,asteroid,1,1
8309,asters,1,1
8310,aswan,1,1
8311,asymmetric,1,1
8312,asynchronous,1,1
8313,ate,1,1
8314,atown,1,1
8315,atrophy,1,1
8316,attach,1,1
8317,attachment,1,1
8318,attack,1,1
8319,attended,1,1
8320,attenuation,1,1
8321,attenuator,1,1
8322,attitude,1,1
8323,attributed,1,1
8324,authorities,1,1
8325,autumnal,1,1
8326,averages,1,1
8327,averaging,1,1
8328,averculus,1,1
8329,avogadro,1,1
8330,avoids,1,1
8331,awarding,1,1
8332,awards,1,1
8333,aware,1,1
8334,axles,1,1
8335,axon,1,1
8336,axonal,1,1
8337,axyz,1,1
8338,ayrshire,1,1
8339,azaleas,1,1
8340,azc,1,1
8341,azra,1,1
8342,b8s,1,1
8343,bacb,1,1
8344,bacl,1,1
8345,bacteriophage,1,1
8346,bacterium,1,1
8347,baffles,1,1
8348,bait,1,1
8349,bak,1,1
8350,balcony,1,1
8351,bald,1,1
8352,bamh,1,1
8353,bamhi,1,1
8354,bananas,1,1
8355,bandar,1,1
8356,bandgap,1,1
8357,bandpass,1,1
8358,bang,1,1
8359,baosteel,1,1
8360,baotai,1,1
8361,barb,1,1
8362,barbs,1,1
8363,baris,1,1
8364,barn,1,1
8365,barney,1,1
8366,baroreceptors,1,1
8367,barry,1,1
8368,bask,1,1
8369,bath,1,1
8370,baton,1,1
8371,battle,1,1
8372,battleships,1,1
8373,bax,1,1
8374,bayonets,1,1
8375,bcb,1,1
8376,bcgf,1,1
8377,bche,1,1
8378,bchi,1,1
8379,bcm,1,1
8380,bcme,1,1
8381,bcn,1,1
8382,bcos,1,1
8383,bdce,1,1
8384,bdef,1,1
8385,bdeo,1,1
8386,bdfe,1,1
8387,bdm,1,1
8388,bdo,1,1
8389,bdoe,1,1
8390,bea,1,1
8391,bean,1,1
8392,beattie,1,1
8393,beautification,1,1
8394,beaver,1,1
8395,becf,1,1
8396,beech,1,1
8397,beef,1,1
8398,beginners,1,1
8399,begonias,1,1
8400,begun,1,1
8401,beh,1,1
8402,behaves,1,1
8403,beih,1,1
8404,beings,1,1
8405,believes,1,1
8406,bella,1,1
8407,beloit,1,1
8408,belonging,1,1
8409,benefited,1,1
8410,bengal,1,1
8411,benjamin,1,1
8412,benzene,1,1
8413,benzoic,1,1
8414,beof,1,1
8415,bernoulli,1,1
8416,betown,1,1
8417,betsy,1,1
8418,betty,1,1
8419,bfg,1,1
8420,bfge,1,1
8421,bfpe,1,1
8422,bhd,1,1
8423,bia,1,1
8424,biases,1,1
8425,bicolor,1,1
8426,bid,1,1
8427,bidirectional,1,1
8428,bijk,1,1
8429,biked,1,1
8430,bikers,1,1
8431,billiards,1,1
8432,billowing,1,1
8433,biodiversity,1,1
8434,biofilter,1,1
8435,biologist,1,1
8436,bioremediation,1,1
8437,bisexual,1,1
8438,bistable,1,1
8439,bites,1,1
8440,bjf,1,1
8441,blackboard,1,1
8442,blackbodies,1,1
8443,blade,1,1
8444,blanks,1,1
8445,blc,1,1
8446,blob,1,1
8447,blobs,1,1
8448,blockage,1,1
8449,bloodstream,1,1
8450,blooming,1,1
8451,blooms,1,1
8452,blows,1,1
8453,bluejays,1,1
8454,blurred,1,1
8455,bmd,1,1
8456,bmt,1,1
8457,bodily,1,1
8458,bohr,1,1
8459,boil,1,1
8460,bologna,1,1
8461,bolted,1,1
8462,bolts,1,1
8463,bomb,1,1
8464,bones,1,1
8465,bony,1,1
8466,boosters,1,1
8467,boq,1,1
8468,born,1,1
8469,borne,1,1
8470,botanical,1,1
8471,bottlenose,1,1
8472,bottomed,1,1
8473,bottomless,1,1
8474,bottommost,1,1
8475,bought,1,1
8476,bowlike,1,1
8477,bows,1,1
8478,boys,1,1
8479,bpa,1,1
8480,bpq,1,1
8481,branched,1,1
8482,branching,1,1
8483,brave,1,1
8484,bravely,1,1
8485,breakers,1,1
8486,brewing,1,1
8487,bridget,1,1
8488,bridging,1,1
8489,briefly,1,1
8490,brightly,1,1
8491,britain,1,1
8492,broadening,1,1
8493,brocade,1,1
8494,bronchioles,1,1
8495,brothers,1,1
8496,brushed,1,1
8497,brushing,1,1
8498,brushstrokes,1,1
8499,bsc,1,1
8500,buffalo,1,1
8501,buffered,1,1
8502,builder,1,1
8503,bulletin,1,1
8504,bungee,1,1
8505,bunnies,1,1
8506,bunny,1,1
8507,buoys,1,1
8508,buried,1,1
8509,burnout,1,1
8510,burns,1,1
8511,burst,1,1
8512,bursts,1,1
8513,bury,1,1
8514,businesses,1,1
8515,buttoned,1,1
8516,buy,1,1
8517,bwl,1,1
8518,byline,1,1
8519,bza,1,1
8520,c4h10,1,1
8521,c5h12,1,1
8522,c6h5cl,1,1
8523,c6h5cooh,1,1
8524,c6h5nh2,1,1
8525,c6h5no2,1,1
8526,ca6140,1,1
8527,caco3,1,1
8528,cafg,1,1
8529,cai,1,1
8530,calculable,1,1
8531,calculating,1,1
8532,calf,1,1
8533,calibrated,1,1
8534,calibration,1,1
8535,calligraphy,1,1
8536,calls,1,1
8537,calyx,1,1
8538,cam,1,1
8539,camel,1,1
8540,campbell,1,1
8541,camped,1,1
8542,candidate,1,1
8543,cang,1,1
8544,cannas,1,1
8545,canyon,1,1
8546,capability,1,1
8547,capacitation,1,1
8548,capacities,1,1
8549,caps,1,1
8550,capturing,1,1
8551,caravan,1,1
8552,carbohydrate,1,1
8553,carbohydrates,1,1
8554,cardiovascular,1,1
8555,caribou,1,1
8556,carlin,1,1
8557,carolina,1,1
8558,carotenoids,1,1
8559,carp,1,1
8560,carpel,1,1
8561,carriages,1,1
8562,cassette,1,1
8563,casting,1,1
8564,casts,1,1
8565,catalase,1,1
8566,catalytic,1,1
8567,catalyzing,1,1
8568,catapults,1,1
8569,cathedrals,1,1
8570,cathie,1,1
8571,cats,1,1
8572,cattle,1,1
8573,cava,1,1
8574,cbg,1,1
8575,cbo,1,1
8576,ccp,1,1
8577,cd4060,1,1
8578,cd555,1,1
8579,cdab,1,1
8580,cdbp,1,1
8581,cdc,1,1
8582,cdco,1,1
8583,cdgb,1,1
8584,cdnm,1,1
8585,cdpq,1,1
8586,cea,1,1
8587,ceases,1,1
8588,cedf,1,1
8589,cefh,1,1
8590,celebratory,1,1
8591,centremost,1,1
8592,centrifugation,1,1
8593,centromere,1,1
8594,centrosome,1,1
8595,ceo,1,1
8596,ceremony,1,1
8597,cetown,1,1
8598,cfh,1,1
8599,cgd,1,1
8600,cgp,1,1
8601,cgpf,1,1
8602,ch2,1,1
8603,ch2oh,1,1
8604,ch3ch2ch2cho,1,1
8605,ch3ch2ch2oh,1,1
8606,ch3co,1,1
8607,chairman,1,1
8608,changzhen,1,1
8609,changzheng,1,1
8610,chantal,1,1
8611,charles,1,1
8612,charm,1,1
8613,chase,1,1
8614,cheaply,1,1
8615,checked,1,1
8616,chelicerates,1,1
8617,chemicals,1,1
8618,chenggong,1,1
8619,chenille,1,1
8620,cherry,1,1
8621,chest,1,1
8622,chile,1,1
8623,chipmunk,1,1
8624,chipmunks,1,1
8625,chiral,1,1
8626,chive,1,1
8627,chlorobenzene,1,1
8628,chlorophylls,1,1
8629,choh,1,1
8630,cholera,1,1
8631,cholerae,1,1
8632,cholesterol,1,1
8633,chongming,1,1
8634,christina,1,1
8635,chromatids,1,1
8636,chronically,1,1
8637,chrysalis,1,1
8638,chuan,1,1
8639,chuck,1,1
8640,chungus,1,1
8641,church,1,1
8642,chutes,1,1
8643,cicada,1,1
8644,cichlids,1,1
8645,circuitry,1,1
8646,circularly,1,1
8647,circulate,1,1
8648,circulating,1,1
8649,circumbinary,1,1
8650,circumcentre,1,1
8651,citizen,1,1
8652,citizens,1,1
8653,citrus,1,1
8654,cjg,1,1
8655,clad,1,1
8656,cladding,1,1
8657,cladophora,1,1
8658,claimed,1,1
8659,clam,1,1
8660,clamp,1,1
8661,clamping,1,1
8662,clams,1,1
8663,clara,1,1
8664,classic,1,1
8665,classify,1,1
8666,classrooms,1,1
8667,claudette,1,1
8668,clay,1,1
8669,clayey,1,1
8670,cleaned,1,1
8671,clearance,1,1
8672,cleft,1,1
8673,cleuza,1,1
8674,clever,1,1
8675,clf,1,1
8676,climbed,1,1
8677,climber,1,1
8678,clinging,1,1
8679,clk2,1,1
8680,clone,1,1
8681,cloning,1,1
8682,clotting,1,1
8683,cloudy,1,1
8684,clubs,1,1
8685,cmd,1,1
8686,cmjkn,1,1
8687,cms,1,1
8688,cntv,1,1
8689,coastline,1,1
8690,coaxially,1,1
8691,cobweb,1,1
8692,cocked,1,1
8693,coconut,1,1
8694,coiled,1,1
8695,colby,1,1
8696,collapsed,1,1
8697,collect,1,1
8698,colonize,1,1
8699,colony,1,1
8700,coloration,1,1
8701,colossal,1,1
8702,colourings,1,1
8703,columnar,1,1
8704,combat,1,1
8705,comfort,1,1
8706,command,1,1
8707,commence,1,1
8708,commissions,1,1
8709,committed,1,1
8710,compact,1,1
8711,companding,1,1
8712,compensate,1,1
8713,competitor,1,1
8714,complement,1,1
8715,complements,1,1
8716,compliance,1,1
8717,compose,1,1
8718,composing,1,1
8719,comprised,1,1
8720,computing,1,1
8721,con,1,1
8722,concavo,1,1
8723,concern,1,1
8724,concerning,1,1
8725,conclude,1,1
8726,concluding,1,1
8727,condensers,1,1
8728,conducive,1,1
8729,condyle,1,1
8730,cones,1,1
8731,confirm,1,1
8732,conformational,1,1
8733,conforming,1,1
8734,confucius,1,1
8735,conidia,1,1
8736,conifers,1,1
8737,conjugate,1,1
8738,conoesucidae,1,1
8739,consanguineous,1,1
8740,consequence,1,1
8741,consequences,1,1
8742,consequently,1,1
8743,conserves,1,1
8744,considerable,1,1
8745,considerably,1,1
8746,considerations,1,1
8747,constitute,1,1
8748,constructs,1,1
8749,consulted,1,1
8750,consuming,1,1
8751,containment,1,1
8752,contaminated,1,1
8753,contamination,1,1
8754,context,1,1
8755,continuity,1,1
8756,continuum,1,1
8757,contours,1,1
8758,contradiction,1,1
8759,contrast,1,1
8760,contributions,1,1
8761,controllability,1,1
8762,convective,1,1
8763,converges,1,1
8764,conversely,1,1
8765,conveyed,1,1
8766,convolution,1,1
8767,convolutional,1,1
8768,coolant,1,1
8769,cooperative,1,1
8770,coordinated,1,1
8771,cope,1,1
8772,corms,1,1
8773,cornwall,1,1
8774,coronavirus,1,1
8775,corps,1,1
8776,correlations,1,1
8777,correlator,1,1
8778,corroded,1,1
8779,corrosion,1,1
8780,cos,1,1
8781,cosb,1,1
8782,cosmonaut,1,1
8783,counterattack,1,1
8784,countermeasure,1,1
8785,counterurbanization,1,1
8786,covid,1,1
8787,coyote,1,1
8788,cpa,1,1
8789,cpnq,1,1
8790,crab,1,1
8791,crafts,1,1
8792,cranked,1,1
8793,crassa,1,1
8794,craters,1,1
8795,crawling,1,1
8796,creases,1,1
8797,creation,1,1
8798,creative,1,1
8799,creature,1,1
8800,creatures,1,1
8801,crept,1,1
8802,crescent,1,1
8803,crisscross,1,1
8804,crocodiles,1,1
8805,cropland,1,1
8806,cropping,1,1
8807,crossbars,1,1
8808,crossings,1,1
8809,crouching,1,1
8810,crowns,1,1
8811,crucial,1,1
8812,crust,1,1
8813,crystal,1,1
8814,crystals,1,1
8815,cuk,1,1
8816,curious,1,1
8817,curtain,1,1
8818,curve1,1,1
8819,curve2,1,1
8820,cushions,1,1
8821,cuthbert,1,1
8822,cutlery,1,1
8823,cuttlefish,1,1
8824,cw337,1,1
8825,cw7812,1,1
8826,cybotes,1,1
8827,cycads,1,1
8828,cyclically,1,1
8829,cycling,1,1
8830,cysteine,1,1
8831,cytokinin,1,1
8832,cytoskeleton,1,1
8833,czr,1,1
8834,d4h,1,1
8835,d7h,1,1
8836,daba,1,1
8837,dacheng,1,1
8838,dah,1,1
8839,dahlias,1,1
8840,damage,1,1
8841,dampness,1,1
8842,dancing,1,1
8843,daniela,1,1
8844,dap,1,1
8845,daphne,1,1
8846,dar,1,1
8847,dbcm,1,1
8848,dbfe,1,1
8849,dc0,1,1
8850,dcfe,1,1
8851,dcji,1,1
8852,dco,1,1
8853,dead,1,1
8854,debf,1,1
8855,decaying,1,1
8856,decays,1,1
8857,declining,1,1
8858,decolorization,1,1
8859,decorate,1,1
8860,decoration,1,1
8861,deduce,1,1
8862,deduced,1,1
8863,deers,1,1
8864,defa,1,1
8865,defc,1,1
8866,defeating,1,1
8867,deficiency,1,1
8868,deficient,1,1
8869,deforestation,1,1
8870,degenerate,1,1
8871,degenerately,1,1
8872,degf,1,1
8873,degh,1,1
8874,deh,1,1
8875,dehydration,1,1
8876,deletes,1,1
8877,deletion,1,1
8878,deliveryman,1,1
8879,demands,1,1
8880,democratic,1,1
8881,demultiplexer,1,1
8882,demux,1,1
8883,dendritic,1,1
8884,densely,1,1
8885,denser,1,1
8886,dental,1,1
8887,departed,1,1
8888,departure,1,1
8889,depicting,1,1
8890,deplete,1,1
8891,deposit,1,1
8892,depositional,1,1
8893,depressing,1,1
8894,depressions,1,1
8895,depths,1,1
8896,derivation,1,1
8897,derivatives,1,1
8898,derives,1,1
8899,descended,1,1
8900,descriptions,1,1
8901,desertified,1,1
8902,desire,1,1
8903,desktop,1,1
8904,destructive,1,1
8905,detach,1,1
8906,detached,1,1
8907,detectors,1,1
8908,determines,1,1
8909,detritus,1,1
8910,developers,1,1
8911,deviate,1,1
8912,deviations,1,1
8913,devoid,1,1
8914,dexamethasone,1,1
8915,dfm,1,1
8916,dge,1,1
8917,dgme,1,1
8918,dhg,1,1
8919,dhpg,1,1
8920,di0,1,1
8921,di7,1,1
8922,diatomic,1,1
8923,diatoms,1,1
8924,dicebar,1,1
8925,differentiates,1,1
8926,diffuses,1,1
8927,digested,1,1
8928,digestive,1,1
8929,dimensionless,1,1
8930,dimer,1,1
8931,dimethylpropane,1,1
8932,diminished,1,1
8933,dimmer,1,1
8934,dimming,1,1
8935,dinitrogen,1,1
8936,dinner,1,1
8937,dipoles,1,1
8938,dipped,1,1
8939,directionally,1,1
8940,dirty,1,1
8941,disappear,1,1
8942,discarded,1,1
8943,discharging,1,1
8944,disconnect,1,1
8945,discovers,1,1
8946,discreteness,1,1
8947,discussed,1,1
8948,dispatch,1,1
8949,dispenser,1,1
8950,dispersion,1,1
8951,dissect,1,1
8952,dissected,1,1
8953,dissecting,1,1
8954,dissects,1,1
8955,distillate,1,1
8956,distillation,1,1
8957,distinguished,1,1
8958,distinguishing,1,1
8959,distressed,1,1
8960,diver,1,1
8961,divers,1,1
8962,divert,1,1
8963,divisions,1,1
8964,divisor,1,1
8965,divisors,1,1
8966,djh,1,1
8967,dmbn,1,1
8968,dnas,1,1
8969,doa,1,1
8970,docked,1,1
8971,doctor,1,1
8972,dof,1,1
8973,dogwood,1,1
8974,dolphins,1,1
8975,dominance,1,1
8976,donghai,1,1
8977,dongxing,1,1
8978,dongying,1,1
8979,donors,1,1
8980,dopant,1,1
8981,dormant,1,1
8982,doubles,1,1
8983,douglas,1,1
8984,downs,1,1
8985,dozens,1,1
8986,dpb,1,1
8987,dpe,1,1
8988,dpqb,1,1
8989,dragged,1,1
8990,dribbles,1,1
8991,driest,1,1
8992,drifted,1,1
8993,drill,1,1
8994,drinking,1,1
8995,dripped,1,1
8996,dripping,1,1
8997,drips,1,1
8998,drones,1,1
8999,dropping,1,1
9000,drosomycin,1,1
9001,drummers,1,1
9002,drumming,1,1
9003,dumas,1,1
9004,duodenum,1,1
9005,durban,1,1
9006,dvd,1,1
9007,dyes,1,1
9008,e2f,1,1
9009,eagles,1,1
9010,eao,1,1
9011,ear,1,1
9012,eared,1,1
9013,earn,1,1
9014,earns,1,1
9015,ears,1,1
9016,earthen,1,1
9017,ease,1,1
9018,eased,1,1
9019,easier,1,1
9020,easter,1,1
9021,eaters,1,1
9022,ebp,1,1
9023,eca,1,1
9024,eco,1,1
9025,economical,1,1
9026,ecotone,1,1
9027,edfg,1,1
9028,editing,1,1
9029,efa,1,1
9030,efdc,1,1
9031,effectors,1,1
9032,efficiently,1,1
9033,efgb,1,1
9034,efgd,1,1
9035,efgp,1,1
9036,efhg,1,1
9037,efo,1,1
9038,efog,1,1
9039,egb,1,1
9040,egf,1,1
9041,egfh,1,1
9042,eggplant,1,1
9043,eggshells,1,1
9044,egn,1,1
9045,ego,1,1
9046,egypt,1,1
9047,einstein,1,1
9048,ejci,1,1
9049,elapses,1,1
9050,eldest,1,1
9051,electrophilic,1,1
9052,electrophoretic,1,1
9053,electroscope,1,1
9054,electrostatics,1,1
9055,elegant,1,1
9056,elena,1,1
9057,elevated,1,1
9058,eleventh,1,1
9059,eliminated,1,1
9060,elimination,1,1
9061,elisa,1,1
9062,elk,1,1
9063,elks,1,1
9064,ellen,1,1
9065,ellie,1,1
9066,elliott,1,1
9067,ellipse,1,1
9068,ellis,1,1
9069,elsa,1,1
9070,ema,1,1
9071,embeds,1,1
9072,embodied,1,1
9073,embracing,1,1
9074,embryogenesis,1,1
9075,emerald,1,1
9076,emergent,1,1
9077,emf,1,1
9078,emfp,1,1
9079,emirates,1,1
9080,emperor,1,1
9081,empf,1,1
9082,emphatically,1,1
9083,emporium,1,1
9084,emu,1,1
9085,enabling,1,1
9086,enantiomer,1,1
9087,enc,1,1
9088,encirclements,1,1
9089,encode,1,1
9090,encodes,1,1
9091,endangers,1,1
9092,ended,1,1
9093,endocrinologists,1,1
9094,endonuclease,1,1
9095,endosymbiotic,1,1
9096,endothermic,1,1
9097,endotherms,1,1
9098,endow,1,1
9099,energizes,1,1
9100,enfm,1,1
9101,engineered,1,1
9102,enhanced,1,1
9103,enhancing,1,1
9104,enlightenment,1,1
9105,enol,1,1
9106,enolization,1,1
9107,ensured,1,1
9108,enthronement,1,1
9109,entirety,1,1
9110,entities,1,1
9111,entity,1,1
9112,entrances,1,1
9113,entrepreneur,1,1
9114,environmentally,1,1
9115,envisioned,1,1
9116,enyzyme,1,1
9117,eoa,1,1
9118,eofd,1,1
9119,epd,1,1
9120,epf,1,1
9121,epicenter,1,1
9122,epidemic,1,1
9123,epinephrine,1,1
9124,equalities,1,1
9125,equiangular,1,1
9126,equilaterial,1,1
9127,equivalently,1,1
9128,erasure,1,1
9129,erie,1,1
9130,eruptions,1,1
9131,escaped,1,1
9132,escarpment,1,1
9133,essential,1,1
9134,essentially,1,1
9135,establishment,1,1
9136,estimates,1,1
9137,estimating,1,1
9138,estrogen,1,1
9139,eukaryotes,1,1
9140,eum,1,1
9141,euro,1,1
9142,europa,1,1
9143,evacuating,1,1
9144,evaporated,1,1
9145,evergreen,1,1
9146,everyday,1,1
9147,evita,1,1
9148,evolves,1,1
9149,evolving,1,1
9150,examination,1,1
9151,excavating,1,1
9152,exception,1,1
9153,excitatory,1,1
9154,excite,1,1
9155,exclusion,1,1
9156,exclusive,1,1
9157,exclusively,1,1
9158,execution,1,1
9159,exemption,1,1
9160,exercised,1,1
9161,exergonic,1,1
9162,exhibit,1,1
9163,exon,1,1
9164,exothermic,1,1
9165,expanding,1,1
9166,expands,1,1
9167,expecting,1,1
9168,expeditions,1,1
9169,expel,1,1
9170,experimentally,1,1
9171,explaining,1,1
9172,explicit,1,1
9173,exponent,1,1
9174,exported,1,1
9175,exports,1,1
9176,expressing,1,1
9177,ext,1,1
9178,exterminated,1,1
9179,extinction,1,1
9180,extinguished,1,1
9181,extracellularly,1,1
9182,extremities,1,1
9183,eyelet,1,1
9184,fabrics,1,1
9185,fabry,1,1
9186,fac,1,1
9187,facet,1,1
9188,facilitate,1,1
9189,fae,1,1
9190,failed,1,1
9191,fainting,1,1
9192,fairy,1,1
9193,fans,1,1
9194,fantasy,1,1
9195,farad,1,1
9196,farads,1,1
9197,farthing,1,1
9198,fatal,1,1
9199,fatalities,1,1
9200,fatty,1,1
9201,faulted,1,1
9202,fbc,1,1
9203,fbcg,1,1
9204,fbd,1,1
9205,fcd,1,1
9206,fcde,1,1
9207,fce,1,1
9208,fctu,1,1
9209,fda,1,1
9210,fdc,1,1
9211,fdce,1,1
9212,feasts,1,1
9213,feathers,1,1
9214,featuring,1,1
9215,feeder,1,1
9216,feeders,1,1
9217,fees,1,1
9218,feh,1,1
9219,felix,1,1
9220,fell,1,1
9221,fenghuang,1,1
9222,fenhe,1,1
9223,fermi,1,1
9224,fertile,1,1
9225,fertilization,1,1
9226,fertilizes,1,1
9227,fetlock,1,1
9228,fewest,1,1
9229,fghj,1,1
9230,fgjk,1,1
9231,fhb,1,1
9232,fifa,1,1
9233,fifteen,1,1
9234,fifty,1,1
9235,fighter,1,1
9236,figs,1,1
9237,figuref,1,1
9238,filtered,1,1
9239,finch,1,1
9240,finding,1,1
9241,finishing,1,1
9242,finland,1,1
9243,firmly,1,1
9244,firmness,1,1
9245,firstly,1,1
9246,fisher,1,1
9247,fixation,1,1
9248,fjh,1,1
9249,flanks,1,1
9250,flaps,1,1
9251,flashes,1,1
9252,flashing,1,1
9253,flatbed,1,1
9254,flatness,1,1
9255,flattened,1,1
9256,flattening,1,1
9257,flattest,1,1
9258,fleet,1,1
9259,flew,1,1
9260,flexibly,1,1
9261,flicking,1,1
9262,float,1,1
9263,floors,1,1
9264,fluctuates,1,1
9265,fluoresces,1,1
9266,flutter,1,1
9267,fluxes,1,1
9268,fmn,1,1
9269,fmo,1,1
9270,foc,1,1
9271,foldable,1,1
9272,folk,1,1
9273,follower,1,1
9274,footage,1,1
9275,footpoints,1,1
9276,footprints,1,1
9277,forearm,1,1
9278,forks,1,1
9279,formic,1,1
9280,formulation,1,1
9281,fossil,1,1
9282,fossils,1,1
9283,founded,1,1
9284,fourteen,1,1
9285,fourteenth,1,1
9286,fowls,1,1
9287,foxes,1,1
9288,fpd,1,1
9289,fqhe,1,1
9290,fragmental,1,1
9291,francisco,1,1
9292,frank,1,1
9293,freeze,1,1
9294,freshly,1,1
9295,freshmen,1,1
9296,frictions,1,1
9297,friendly,1,1
9298,fringing,1,1
9299,froglet,1,1
9300,fry,1,1
9301,fulfill,1,1
9302,fumigation,1,1
9303,fun,1,1
9304,functionality,1,1
9305,functionally,1,1
9306,fundamentally,1,1
9307,funded,1,1
9308,funnels,1,1
9309,furniture,1,1
9310,fursilla,1,1
9311,furthest,1,1
9312,fused,1,1
9313,fusing,1,1
9314,futsal,1,1
9315,fuzhou,1,1
9316,gae,1,1
9317,galapagos,1,1
9318,galileo,1,1
9319,gall,1,1
9320,gallons,1,1
9321,gameboard,1,1
9322,gar,1,1
9323,gardner,1,1
9324,garter,1,1
9325,gasoline,1,1
9326,gaspar,1,1
9327,gastrointestinal,1,1
9328,gated,1,1
9329,gateway,1,1
9330,gathering,1,1
9331,gating,1,1
9332,gauge,1,1
9333,gca,1,1
9334,gcb,1,1
9335,gcd,1,1
9336,gce,1,1
9337,gcf,1,1
9338,gdc,1,1
9339,gdx,1,1
9340,gearboxes,1,1
9341,geetha,1,1
9342,geh,1,1
9343,gemstone,1,1
9344,genomic,1,1
9345,geocenter,1,1
9346,geodetic,1,1
9347,geomagnetic,1,1
9348,geranium,1,1
9349,gerberas,1,1
9350,gerdellen,1,1
9351,gerhard,1,1
9352,germinate,1,1
9353,gertimtonase,1,1
9354,gfd,1,1
9355,gfih,1,1
9356,ggg,1,1
9357,gggcccaagctgagatga,1,1
9358,ghij,1,1
9359,ghk,1,1
9360,ghz,1,1
9361,giant,1,1
9362,giants,1,1
9363,glaciers,1,1
9364,glands,1,1
9365,glh,1,1
9366,glide,1,1
9367,glob,1,1
9368,globally,1,1
9369,gloves,1,1
9370,glows,1,1
9371,glucagon,1,1
9372,glucocorticoid,1,1
9373,glucocorticoids,1,1
9374,glycolysis,1,1
9375,glycoproteins,1,1
9376,gme,1,1
9377,gmin,1,1
9378,gnm,1,1
9379,goals,1,1
9380,goldsmith,1,1
9381,gone,1,1
9382,goose,1,1
9383,gothic,1,1
9384,grackles,1,1
9385,graded,1,1
9386,gradients,1,1
9387,graduations,1,1
9388,graft,1,1
9389,grana,1,1
9390,granary,1,1
9391,grant,1,1
9392,grants,1,1
9393,granules,1,1
9394,graphically,1,1
9395,grasped,1,1
9396,grasping,1,1
9397,gravelly,1,1
9398,graze,1,1
9399,grazed,1,1
9400,grazes,1,1
9401,grazing,1,1
9402,greenhouses,1,1
9403,gregor,1,1
9404,grinding,1,1
9405,grouping,1,1
9406,guangming,1,1
9407,guanyun,1,1
9408,guaranteed,1,1
9409,guarantees,1,1
9410,guava,1,1
9411,guesses,1,1
9412,guided,1,1
9413,gulf,1,1
9414,gunpowder,1,1
9415,guo,1,1
9416,gymnospermous,1,1
9417,h2o,1,1
9418,h2so4,1,1
9419,habitats,1,1
9420,hac,1,1
9421,haikou,1,1
9422,haipeng,1,1
9423,haiti,1,1
9424,halflenses,1,1
9425,halflines,1,1
9426,halfpipe,1,1
9427,halfway,1,1
9428,halt,1,1
9429,hammered,1,1
9430,hammers,1,1
9431,handed,1,1
9432,handheld,1,1
9433,hannes,1,1
9434,hanni,1,1
9435,hansi,1,1
9436,happening,1,1
9437,happily,1,1
9438,hardness,1,1
9439,hares,1,1
9440,harmed,1,1
9441,harmful,1,1
9442,harmonically,1,1
9443,harmonics,1,1
9444,harvested,1,1
9445,hatch,1,1
9446,hawaii,1,1
9447,hawks,1,1
9448,hazard,1,1
9449,hbo,1,1
9450,hbv,1,1
9451,hcg,1,1
9452,hco,1,1
9453,hdb,1,1
9454,hea,1,1
9455,headed,1,1
9456,headlight,1,1
9457,headwind,1,1
9458,hears,1,1
9459,heartbeat,1,1
9460,heavier,1,1
9461,heaviest,1,1
9462,hector,1,1
9463,hefg,1,1
9464,hello,1,1
9465,helped,1,1
9466,helper,1,1
9467,helping,1,1
9468,hen,1,1
9469,henle,1,1
9470,henna,1,1
9471,hens,1,1
9472,hepatitis,1,1
9473,hepu,1,1
9474,herbivorous,1,1
9475,herdsmen,1,1
9476,hermaphrodite,1,1
9477,hers,1,1
9478,herself,1,1
9479,heterozygous,1,1
9480,hex,1,1
9481,hexachloroplatinate,1,1
9482,hexadecimal,1,1
9483,hexagram,1,1
9484,hexane,1,1
9485,hexaploid,1,1
9486,hgk,1,1
9487,hgnm,1,1
9488,highs,1,1
9489,hike,1,1
9490,hiked,1,1
9491,hiking,1,1
9492,hilbert,1,1
9493,himalayas,1,1
9494,himself,1,1
9495,hinder,1,1
9496,hindered,1,1
9497,hindiii,1,1
9498,histones,1,1
9499,hiv,1,1
9500,hl1,1,1
9501,hl2,1,1
9502,hmg,1,1
9503,hobby,1,1
9504,hognose,1,1
9505,holidays,1,1
9506,holometabolous,1,1
9507,honeycombs,1,1
9508,hoof,1,1
9509,hooke,1,1
9510,hopping,1,1
9511,hormones,1,1
9512,horses,1,1
9513,horseshoe,1,1
9514,hotel,1,1
9515,hottest,1,1
9516,hovering,1,1
9517,hualien,1,1
9518,hurdles,1,1
9519,huron,1,1
9520,hurricane,1,1
9521,husband,1,1
9522,husk,1,1
9523,hwa,1,1
9524,hydride,1,1
9525,hydrology,1,1
9526,hydrophobic,1,1
9527,hydrostatic,1,1
9528,hydroxylamine,1,1
9529,hyperbolas,1,1
9530,hypertonic,1,1
9531,hypognathous,1,1
9532,hypothalamus,1,1
9533,iced,1,1
9534,icelandic,1,1
9535,icme,1,1
9536,icon,1,1
9537,icons,1,1
9538,icy,1,1
9539,idealised,1,1
9540,idealities,1,1
9541,ideality,1,1
9542,ideally,1,1
9543,identities,1,1
9544,idiom,1,1
9545,idmt,1,1
9546,ifnar,1,1
9547,igbts,1,1
9548,ignite,1,1
9549,ii1,1,1
9550,ii2,1,1
9551,ijkl,1,1
9552,ili,1,1
9553,illegible,1,1
9554,illinois,1,1
9555,illness,1,1
9556,illuminance,1,1
9557,illuminate,1,1
9558,illuminates,1,1
9559,image4,1,1
9560,imagehere,1,1
9561,immerse,1,1
9562,immunity,1,1
9563,impacting,1,1
9564,impaired,1,1
9565,imparting,1,1
9566,impassable,1,1
9567,imperfections,1,1
9568,implicant,1,1
9569,implicit,1,1
9570,implies,1,1
9571,impure,1,1
9572,impurities,1,1
9573,inability,1,1
9574,inaccurate,1,1
9575,inaccurately,1,1
9576,inactivated,1,1
9577,inadvisable,1,1
9578,incidents,1,1
9579,inclusive,1,1
9580,incoming,1,1
9581,incompletely,1,1
9582,incorrectly,1,1
9583,increment,1,1
9584,incremental,1,1
9585,incubated,1,1
9586,incur,1,1
9587,independents,1,1
9588,indirectly,1,1
9589,indonesia,1,1
9590,inductances,1,1
9591,industrialization,1,1
9592,inelastically,1,1
9593,infected,1,1
9594,infectious,1,1
9595,inferior,1,1
9596,inflorescence,1,1
9597,ing,1,1
9598,ingenious,1,1
9599,ingredient,1,1
9600,inhabit,1,1
9601,inhaled,1,1
9602,inhaling,1,1
9603,inherent,1,1
9604,inhibitory,1,1
9605,inhibits,1,1
9606,inhomogeneous,1,1
9607,initiation,1,1
9608,inject,1,1
9609,injects,1,1
9610,injured,1,1
9611,injuries,1,1
9612,injury,1,1
9613,inlet,1,1
9614,innocent,1,1
9615,innovation,1,1
9616,inoculated,1,1
9617,inorganic,1,1
9618,inrun,1,1
9619,inscribe,1,1
9620,insectivores,1,1
9621,inseminate,1,1
9622,insertion,1,1
9623,insoluble,1,1
9624,inspection,1,1
9625,inspiring,1,1
9626,instability,1,1
9627,instances,1,1
9628,instructed,1,1
9629,instruction,1,1
9630,insufficient,1,1
9631,integrator,1,1
9632,integrity,1,1
9633,intelligent,1,1
9634,intentionally,1,1
9635,interacts,1,1
9636,intercepting,1,1
9637,interdependent,1,1
9638,interested,1,1
9639,interfere,1,1
9640,interferon,1,1
9641,intergalactic,1,1
9642,interglacial,1,1
9643,interlocking,1,1
9644,interpreted,1,1
9645,interrelation,1,1
9646,interstellar,1,1
9647,intervention,1,1
9648,intracellular,1,1
9649,invariably,1,1
9650,invasion,1,1
9651,inversely,1,1
9652,invert,1,1
9653,inverters,1,1
9654,invested,1,1
9655,invited,1,1
9656,inviting,1,1
9657,ios,1,1
9658,ireland,1,1
9659,iris,1,1
9660,irises,1,1
9661,irradiated,1,1
9662,irrigating,1,1
9663,isabella,1,1
9664,ischemia,1,1
9665,isi,1,1
9666,isle,1,1
9667,islets,1,1
9668,isohyet,1,1
9669,isolating,1,1
9670,isopleth,1,1
9671,isopleths,1,1
9672,isostatic,1,1
9673,isotonic,1,1
9674,isotropic,1,1
9675,israel,1,1
9676,issue,1,1
9677,j80,1,1
9678,jac,1,1
9679,jackals,1,1
9680,jacked,1,1
9681,jacking,1,1
9682,james,1,1
9683,janet,1,1
9684,japanese,1,1
9685,jasper,1,1
9686,jeff,1,1
9687,jellfish,1,1
9688,jellyfish,1,1
9689,jerry,1,1
9690,jerusalem,1,1
9691,jettisoned,1,1
9692,jewellery,1,1
9693,jianghuai,1,1
9694,jiaotong,1,1
9695,jilly,1,1
9696,jinding,1,1
9697,jinping,1,1
9698,jkm,1,1
9699,jkmn,1,1
9700,jlk,1,1
9701,jlm,1,1
9702,jml,1,1
9703,jmp,1,1
9704,joana,1,1
9705,jodhvir,1,1
9706,johannes,1,1
9707,johnny,1,1
9708,johnson,1,1
9709,joints,1,1
9710,jordan,1,1
9711,joseph,1,1
9712,jpl,1,1
9713,judgment,1,1
9714,judgments,1,1
9715,juices,1,1
9716,jumped,1,1
9717,jumper,1,1
9718,jun,1,1
9719,jury,1,1
9720,juvenile,1,1
9721,kangaria,1,1
9722,kangoraland,1,1
9723,kanguria,1,1
9724,kaohsiung,1,1
9725,karl,1,1
9726,kate,1,1
9727,kazakh,1,1
9728,kazakhstan,1,1
9729,kazan,1,1
9730,kelly,1,1
9731,kelp,1,1
9732,kelvin,1,1
9733,kev,1,1
9734,keystone,1,1
9735,kfc,1,1
9736,khj,1,1
9737,kicking,1,1
9738,kidney,1,1
9739,killifish,1,1
9740,killing,1,1
9741,king,1,1
9742,kingfishers,1,1
9743,kirsten,1,1
9744,kitchen,1,1
9745,kites,1,1
9746,kitty,1,1
9747,kjl,1,1
9748,klmj,1,1
9749,km1,1,1
9750,knew,1,1
9751,knife,1,1
9752,knock,1,1
9753,knocked,1,1
9754,knotted,1,1
9755,korean,1,1
9756,krebs,1,1
9757,kristina,1,1
9758,krypton,1,1
9759,kwh,1,1
9760,labeling,1,1
9761,labile,1,1
9762,labium,1,1
9763,laborers,1,1
9764,lacking,1,1
9765,lacks,1,1
9766,lactate,1,1
9767,lactose,1,1
9768,ladybirds,1,1
9769,ladybug,1,1
9770,lag,1,1
9771,lagged,1,1
9772,lags,1,1
9773,lakebed,1,1
9774,landfall,1,1
9775,lanterns,1,1
9776,larmor,1,1
9777,larvae,1,1
9778,lasagna,1,1
9779,lasers,1,1
9780,lasting,1,1
9781,laszlo,1,1
9782,latent,1,1
9783,lathe,1,1
9784,laughlin,1,1
9785,laura,1,1
9786,lauren,1,1
9787,lawrence,1,1
9788,laying,1,1
9789,lbm,1,1
9790,lbq,1,1
9791,lcl,1,1
9792,lea,1,1
9793,leaflet,1,1
9794,leaflets,1,1
9795,leafstalk,1,1
9796,leaked,1,1
9797,leans,1,1
9798,leap,1,1
9799,leased,1,1
9800,leftover,1,1
9801,legged,1,1
9802,lei,1,1
9803,lengthening,1,1
9804,lengthens,1,1
9805,lenses,1,1
9806,leonardo,1,1
9807,leonhard,1,1
9808,lessened,1,1
9809,leukocyte,1,1
9810,lever,1,1
9811,levitation,1,1
9812,lgd,1,1
9813,liaoning,1,1
9814,liar,1,1
9815,liars,1,1
9816,libreville,1,1
9817,lidless,1,1
9818,lids,1,1
9819,lifecycle,1,1
9820,lifetime,1,1
9821,liftoff,1,1
9822,ligate,1,1
9823,ligation,1,1
9824,likelihood,1,1
9825,lilies,1,1
9826,limbs,1,1
9827,limitations,1,1
9828,limits,1,1
9829,limpets,1,1
9830,lined,1,1
9831,linkage,1,1
9832,liquids,1,1
9833,lisas,1,1
9834,lists,1,1
9835,lit,1,1
9836,liupanshui,1,1
9837,liuzhou,1,1
9838,livelihood,1,1
9839,liver,1,1
9840,lkm,1,1
9841,lkn,1,1
9842,lm317,1,1
9843,lmpq,1,1
9844,lnm,1,1
9845,loading,1,1
9846,lobed,1,1
9847,locality,1,1
9848,localized,1,1
9849,locate,1,1
9850,loci,1,1
9851,lock,1,1
9852,locked,1,1
9853,locking,1,1
9854,locust,1,1
9855,logarithm,1,1
9856,logically,1,1
9857,longji,1,1
9858,loose,1,1
9859,los,1,1
9860,lose,1,1
9861,losing,1,1
9862,lots,1,1
9863,louguantai,1,1
9864,lowermost,1,1
9865,lowry,1,1
9866,lows,1,1
9867,lpf,1,1
9868,lqm,1,1
9869,lsb,1,1
9870,luca,1,1
9871,luck,1,1
9872,lumens,1,1
9873,lunch,1,1
9874,lycopene,1,1
9875,lzp,1,1
9876,m7130,1,1
9877,macs,1,1
9878,madagascar,1,1
9879,maddie,1,1
9880,maggot,1,1
9881,magician,1,1
9882,magnetism,1,1
9883,magnetization,1,1
9884,magnetohydrodynamic,1,1
9885,magneton,1,1
9886,magnetosphere,1,1
9887,mail,1,1
9888,maintenance,1,1
9889,majority,1,1
9890,malacca,1,1
9891,malaika,1,1
9892,malaria,1,1
9893,malignant,1,1
9894,mall,1,1
9895,mama,1,1
9896,mammal,1,1
9897,mammalian,1,1
9898,mammals,1,1
9899,mandibles,1,1
9900,mandibular,1,1
9901,mantis,1,1
9902,maob,1,1
9903,maple,1,1
9904,margie,1,1
9905,marginally,1,1
9906,markedly,1,1
9907,marketing,1,1
9908,markings,1,1
9909,marmot,1,1
9910,marriage,1,1
9911,marrying,1,1
9912,marta,1,1
9913,martial,1,1
9914,martinho,1,1
9915,math,1,1
9916,mathematically,1,1
9917,matias,1,1
9918,matthias,1,1
9919,maximal,1,1
9920,mbing,1,1
9921,mbn,1,1
9922,mbnd,1,1
9923,mdb,1,1
9924,mdf,1,1
9925,mding,1,1
9926,meadow,1,1
9927,mealworm,1,1
9928,meant,1,1
9929,meanwhile,1,1
9930,mechanically,1,1
9931,mechanics,1,1
9932,mediates,1,1
9933,medication,1,1
9934,melt,1,1
9935,melts,1,1
9936,membranes,1,1
9937,memories,1,1
9938,menus,1,1
9939,merges,1,1
9940,message,1,1
9941,met,1,1
9942,metabolically,1,1
9943,metamorphism,1,1
9944,meteor,1,1
9945,meteoroids,1,1
9946,metropolitan,1,1
9947,mfn,1,1
9948,mgq,1,1
9949,mhc,1,1
9950,mhj,1,1
9951,micro,1,1
9952,microclimate,1,1
9953,micrograph,1,1
9954,microorganism,1,1
9955,midday,1,1
9956,midlines,1,1
9957,midsummer,1,1
9958,midtread,1,1
9959,mild,1,1
9960,milkweed,1,1
9961,mill,1,1
9962,millennia,1,1
9963,millifarads,1,1
9964,millihenry,1,1
9965,millivolts,1,1
9966,minded,1,1
9967,miniature,1,1
9968,minimizing,1,1
9969,ministries,1,1
9970,ministry,1,1
9971,minora,1,1
9972,mirrored,1,1
9973,mirrors,1,1
9974,miss,1,1
9975,mist,1,1
9976,mistakenly,1,1
9977,mitotic,1,1
9978,mjia,1,1
9979,mjn,1,1
9980,mkn,1,1
9981,mnl,1,1
9982,mnqr,1,1
9983,mock,1,1
9984,modeling,1,1
9985,moderate,1,1
9986,modifying,1,1
9987,modulating,1,1
9988,mohe,1,1
9989,moisten,1,1
9990,molco2,1,1
9991,mold,1,1
9992,molt,1,1
9993,molting,1,1
9994,momenta,1,1
9995,momentarily,1,1
9996,moments,1,1
9997,monarch,1,1
9998,mond,1,1
9999,monday,1,1
10000,mongoose,1,1
10001,monkeys,1,1
10002,monocot,1,1
10003,monomolecular,1,1
10004,monovalent,1,1
10005,monoxide,1,1
10006,montane,1,1
10007,morakot,1,1
10008,moray,1,1
10009,mornings,1,1
10010,morphological,1,1
10011,mortar,1,1
10012,motherland,1,1
10013,motives,1,1
10014,motorcycles,1,1
10015,mox,1,1
10016,mpq,1,1
10017,mqn,1,1
10018,mqr,1,1
10019,mrn,1,1
10020,mrnp,1,1
10021,mrq,1,1
10022,msbs,1,1
10023,msq,1,1
10024,mtc,1,1
10025,mudflats,1,1
10026,mules,1,1
10027,multicellular,1,1
10028,multiples,1,1
10029,multiplexed,1,1
10030,multiplicity,1,1
10031,multiplied,1,1
10032,multiply,1,1
10033,municipal,1,1
10034,muscles,1,1
10035,muscular,1,1
10036,musical,1,1
10037,mussels,1,1
10038,mutagens,1,1
10039,mutualism,1,1
10040,mvar,1,1
10041,myi,1,1
10042,mysid,1,1
10043,mysteries,1,1
10044,nadph,1,1
10045,nahco,1,1
10046,naked,1,1
10047,nanhui,1,1
10048,nanoseconds,1,1
10049,nansha,1,1
10050,nap,1,1
10051,narrower,1,1
10052,nation,1,1
10053,nationals,1,1
10054,navigator,1,1
10055,navy,1,1
10056,ndg,1,1
10057,nearer,1,1
10058,neatly,1,1
10059,nectar,1,1
10060,needlelike,1,1
10061,needles,1,1
10062,negation,1,1
10063,neglects,1,1
10064,negligibly,1,1
10065,negotiate,1,1
10066,neighborhood,1,1
10067,nekton,1,1
10068,nematode,1,1
10069,nerves,1,1
10070,nervous,1,1
10071,neurospora,1,1
10072,neutrality,1,1
10073,neutralization,1,1
10074,niagara,1,1
10075,nice,1,1
10076,nico,1,1
10077,nif2,1,1
10078,nik,1,1
10079,nina,1,1
10080,nitrate,1,1
10081,nitrobacter,1,1
10082,nitrobenzene,1,1
10083,nml,1,1
10084,nobr,1,1
10085,noc,1,1
10086,nod,1,1
10087,nodal,1,1
10088,nof,1,1
10089,noisy,1,1
10090,nolloth,1,1
10091,nonadjacent,1,1
10092,noncongruent,1,1
10093,nonmagnetic,1,1
10094,nontransparent,1,1
10095,nontrivial,1,1
10096,normalization,1,1
10097,northerly,1,1
10098,northside,1,1
10099,notations,1,1
10100,noted,1,1
10101,notes,1,1
10102,novel,1,1
10103,nqrm,1,1
10104,nrt,1,1
10105,nsted,1,1
10106,ntc,1,1
10107,nth,1,1
10108,nucleic,1,1
10109,nucleolus,1,1
10110,numeric,1,1
10111,nymphs,1,1
10112,oabcde,1,1
10113,oabp,1,1
10114,oadc,1,1
10115,oapb,1,1
10116,oapq,1,1
10117,obac,1,1
10118,obch,1,1
10119,oben,1,1
10120,obesity,1,1
10121,obey,1,1
10122,objectives,1,1
10123,oblong,1,1
10124,obm,1,1
10125,observational,1,1
10126,occupying,1,1
10127,oce,1,1
10128,oceans,1,1
10129,och,1,1
10130,ocmn,1,1
10131,octahedrons,1,1
10132,octave,1,1
10133,odb,1,1
10134,odbc,1,1
10135,odec,1,1
10136,oebf,1,1
10137,oecd,1,1
10138,oed,1,1
10139,oem,1,1
10140,oen,1,1
10141,oersted,1,1
10142,ofb,1,1
10143,ofe,1,1
10144,ofeh,1,1
10145,offered,1,1
10146,offering,1,1
10147,offers,1,1
10148,officer,1,1
10149,oge,1,1
10150,ohmic,1,1
10151,okinawa,1,1
10152,omne,1,1
10153,opa,1,1
10154,opcr,1,1
10155,ope,1,1
10156,openings,1,1
10157,opinion,1,1
10158,opinions,1,1
10159,opn,1,1
10160,opportunities,1,1
10161,opportunity,1,1
10162,opposed,1,1
10163,opposing,1,1
10164,opq,1,1
10165,opqr,1,1
10166,optimize,1,1
10167,options,1,1
10168,optocoupler,1,1
10169,oqc,1,1
10170,oragnism,1,1
10171,orangutan,1,1
10172,orbiter,1,1
10173,orchard,1,1
10174,orienting,1,1
10175,originated,1,1
10176,orthocenter,1,1
10177,orthogonal,1,1
10178,oscillated,1,1
10179,ostrich,1,1
10180,otter,1,1
10181,ounce,1,1
10182,ounces,1,1
10183,outcome,1,1
10184,outdoors,1,1
10185,outgoing,1,1
10186,outlier,1,1
10187,outwardly,1,1
10188,outwards,1,1
10189,overcomes,1,1
10190,overcurrent,1,1
10191,overflowed,1,1
10192,overflowing,1,1
10193,overlappingly,1,1
10194,overloaded,1,1
10195,overnight,1,1
10196,overtook,1,1
10197,ovules,1,1
10198,owned,1,1
10199,oxidation,1,1
10200,oxygenated,1,1
10201,oxyz,1,1
10202,pac,1,1
10203,packet,1,1
10204,packing,1,1
10205,padded,1,1
10206,paddle,1,1
10207,paddy,1,1
10208,pages,1,1
10209,paired,1,1
10210,pairwise,1,1
10211,palace,1,1
10212,palate,1,1
10213,palindrome,1,1
10214,palm,1,1
10215,pancreatic,1,1
10216,panda,1,1
10217,pandemic,1,1
10218,panicle,1,1
10219,panning,1,1
10220,pans,1,1
10221,paq,1,1
10222,paqb,1,1
10223,paqc,1,1
10224,parabolas,1,1
10225,parachutes,1,1
10226,paradox,1,1
10227,parallelepipeds,1,1
10228,parallelpiped,1,1
10229,parallely,1,1
10230,parcel,1,1
10231,parental,1,1
10232,parks,1,1
10233,passband,1,1
10234,pasta,1,1
10235,pastoral,1,1
10236,patch,1,1
10237,pathogen,1,1
10238,pauli,1,1
10239,paver,1,1
10240,paw,1,1
10241,pays,1,1
10242,pbd,1,1
10243,pbe,1,1
10244,pbef,1,1
10245,pbo,1,1
10246,pbt,1,1
10247,pce,1,1
10248,pcq,1,1
10249,pdb,1,1
10250,pdc,1,1
10251,pdf,1,1
10252,pearson,1,1
10253,peas,1,1
10254,pec,1,1
10255,pedigrees,1,1
10256,pedipalp,1,1
10257,peg,1,1
10258,pelicans,1,1
10259,pelvis,1,1
10260,pendant,1,1
10261,pendants,1,1
10262,penetrant,1,1
10263,penny,1,1
10264,pentagram,1,1
10265,pentane,1,1
10266,pentominoes,1,1
10267,peptides,1,1
10268,percentages,1,1
10269,pericarp,1,1
10270,perilune,1,1
10271,peritubular,1,1
10272,periwinkle,1,1
10273,periwinkles,1,1
10274,permit,1,1
10275,permitted,1,1
10276,perot,1,1
10277,persisted,1,1
10278,persistent,1,1
10279,pertain,1,1
10280,pet28a,1,1
10281,petra,1,1
10282,petrel,1,1
10283,petri,1,1
10284,pets,1,1
10285,pfe,1,1
10286,pfm,1,1
10287,pharynx,1,1
10288,phasors,1,1
10289,phenotypically,1,1
10290,philosophy,1,1
10291,phosphatase,1,1
10292,phosphine,1,1
10293,phosphorous,1,1
10294,photocurrent,1,1
10295,photoelectron,1,1
10296,photomicrograph,1,1
10297,photophosphorylation,1,1
10298,photosensitive,1,1
10299,physicists,1,1
10300,picciotto,1,1
10301,picoseconds,1,1
10302,pieced,1,1
10303,piecewise,1,1
10304,piedmont,1,1
10305,pier,1,1
10306,pig,1,1
10307,pikas,1,1
10308,piled,1,1
10309,pinnately,1,1
10310,pipework,1,1
10311,piscivorous,1,1
10312,pistil,1,1
10313,pistils,1,1
10314,pith,1,1
10315,placement,1,1
10316,plaintain,1,1
10317,planarity,1,1
10318,plankticorous,1,1
10319,planktons,1,1
10320,plantain,1,1
10321,plastid,1,1
10322,plateaus,1,1
10323,platelet,1,1
10324,platforms,1,1
10325,playback,1,1
10326,played,1,1
10327,pleasing,1,1
10328,plentiful,1,1
10329,plk,1,1
10330,pma,1,1
10331,pmf,1,1
10332,pmosfet,1,1
10333,pnm,1,1
10334,pnp,1,1
10335,po4,1,1
10336,pob,1,1
10337,poc,1,1
10338,pod,1,1
10339,pof,1,1
10340,poh,1,1
10341,pointy,1,1
10342,poisonous,1,1
10343,polarizability,1,1
10344,polarize,1,1
10345,polled,1,1
10346,pollinates,1,1
10347,pollination,1,1
10348,polyhedra,1,1
10349,polylines,1,1
10350,polyominos,1,1
10351,polyp,1,1
10352,polypeptides,1,1
10353,ponds,1,1
10354,popularity,1,1
10355,populated,1,1
10356,pore,1,1
10357,pos,1,1
10358,pose,1,1
10359,posed,1,1
10360,poses,1,1
10361,postal,1,1
10362,potency,1,1
10363,pours,1,1
10364,poverty,1,1
10365,pqc,1,1
10366,pqcb,1,1
10367,pqj,1,1
10368,pqm,1,1
10369,pqrstu,1,1
10370,pqu,1,1
10371,prab,1,1
10372,practical,1,1
10373,practiced,1,1
10374,practices,1,1
10375,prairie,1,1
10376,praised,1,1
10377,praying,1,1
10378,prc,1,1
10379,precious,1,1
10380,prediction,1,1
10381,predictions,1,1
10382,predominant,1,1
10383,prefabricated,1,1
10384,prefactors,1,1
10385,prefecture,1,1
10386,preferential,1,1
10387,preimeter,1,1
10388,prepare,1,1
10389,pres1,1,1
10390,presenting,1,1
10391,preserve,1,1
10392,preserves,1,1
10393,press,1,1
10394,pressurize,1,1
10395,prevalence,1,1
10396,preventive,1,1
10397,preyed,1,1
10398,primarily,1,1
10399,primers,1,1
10400,primes,1,1
10401,principles,1,1
10402,priti,1,1
10403,pro,1,1
10404,probable,1,1
10405,proboscis,1,1
10406,procee,1,1
10407,proceeded,1,1
10408,proceeding,1,1
10409,professional,1,1
10410,professionals,1,1
10411,professor,1,1
10412,profitable,1,1
10413,profusely,1,1
10414,programmed,1,1
10415,progress,1,1
10416,projectiles,1,1
10417,prokaryotic,1,1
10418,prokelisia,1,1
10419,prolong,1,1
10420,prom,1,1
10421,promptly,1,1
10422,prompts,1,1
10423,promulgated,1,1
10424,propelling,1,1
10425,properly,1,1
10426,prophase,1,1
10427,propionic,1,1
10428,proposes,1,1
10429,propulsion,1,1
10430,prospects,1,1
10431,prosperous,1,1
10432,protease,1,1
10433,protect,1,1
10434,protecting,1,1
10435,protects,1,1
10436,proteomic,1,1
10437,proteomics,1,1
10438,protocooperation,1,1
10439,protoplast,1,1
10440,protoplasts,1,1
10441,protostar,1,1
10442,protruding,1,1
10443,protrusions,1,1
10444,prq,1,1
10445,prs,1,1
10446,prsv,1,1
10447,pseudo,1,1
10448,pst,1,1
10449,pulsating,1,1
10450,punkte,1,1
10451,pupils,1,1
10452,purchased,1,1
10453,purification,1,1
10454,pursuing,1,1
10455,pursuit,1,1
10456,putting,1,1
10457,pxv,1,1
10458,pyeongchang,1,1
10459,pyramids,1,1
10460,pythagoras,1,1
10461,qaidam,1,1
10462,qca,1,1
10463,qigong,1,1
10464,qinling,1,1
10465,qjk,1,1
10466,qlm,1,1
10467,qpc,1,1
10468,qpm,1,1
10469,qrt,1,1
10470,qst,1,1
10471,qtp,1,1
10472,quadrangle,1,1
10473,quadrates,1,1
10474,quadruplets,1,1
10475,qualification,1,1
10476,qualifiers,1,1
10477,qualitatively,1,1
10478,quarries,1,1
10479,quasielectrons,1,1
10480,quasihole,1,1
10481,quasisquare,1,1
10482,quasistatically,1,1
10483,quest,1,1
10484,quick,1,1
10485,quintisection,1,1
10486,quota,1,1
10487,raccoons,1,1
10488,racecar,1,1
10489,racemes,1,1
10490,rachis,1,1
10491,rack,1,1
10492,radiate,1,1
10493,radiating,1,1
10494,radiative,1,1
10495,radix,1,1
10496,rafting,1,1
10497,ragged,1,1
10498,rainforest,1,1
10499,rains,1,1
10500,rainstorms,1,1
10501,raisins,1,1
10502,ramps,1,1
10503,ran,1,1
10504,ranching,1,1
10505,ranged,1,1
10506,raphael,1,1
10507,rationality,1,1
10508,rats,1,1
10509,ravioli,1,1
10510,razor,1,1
10511,rbc,1,1
10512,rcp,1,1
10513,rcq,1,1
10514,reader,1,1
10515,readily,1,1
10516,reagents,1,1
10517,realizing,1,1
10518,rearranged,1,1
10519,rearranging,1,1
10520,reassemble,1,1
10521,reassembled,1,1
10522,rebates,1,1
10523,rebecca,1,1
10524,recall,1,1
10525,recapture,1,1
10526,recession,1,1
10527,rechts,1,1
10528,recipients,1,1
10529,recognizable,1,1
10530,recognizing,1,1
10531,recommends,1,1
10532,reconstructed,1,1
10533,recorder,1,1
10534,recover,1,1
10535,recovered,1,1
10536,recreation,1,1
10537,recreational,1,1
10538,rectification,1,1
10539,rectifiers,1,1
10540,recurring,1,1
10541,recursively,1,1
10542,redesigned,1,1
10543,redrawn,1,1
10544,redundant,1,1
10545,reef,1,1
10546,reefs,1,1
10547,referable,1,1
10548,referenced,1,1
10549,refineries,1,1
10550,refinery,1,1
10551,refueling,1,1
10552,refuge,1,1
10553,regard,1,1
10554,regards,1,1
10555,regraded,1,1
10556,regulating,1,1
10557,reinforce,1,1
10558,reinforced,1,1
10559,relatedness,1,1
10560,relationships,1,1
10561,reliable,1,1
10562,religious,1,1
10563,relocate,1,1
10564,relocating,1,1
10565,repeatedly,1,1
10566,repetition,1,1
10567,repetitions,1,1
10568,replaces,1,1
10569,replenish,1,1
10570,replicative,1,1
10571,reports,1,1
10572,repositioned,1,1
10573,representative,1,1
10574,republican,1,1
10575,requirement,1,1
10576,reserved,1,1
10577,resettlement,1,1
10578,reshape,1,1
10579,reshaped,1,1
10580,residence,1,1
10581,resisting,1,1
10582,resonant,1,1
10583,responded,1,1
10584,respondents,1,1
10585,responding,1,1
10586,responses,1,1
10587,responsivity,1,1
10588,restaurants,1,1
10589,restores,1,1
10590,restrict,1,1
10591,restricted,1,1
10592,restrictions,1,1
10593,restricts,1,1
10594,resume,1,1
10595,retains,1,1
10596,rethrow,1,1
10597,retirement,1,1
10598,retraction,1,1
10599,retreating,1,1
10600,retrieved,1,1
10601,retrovirus,1,1
10602,reubber,1,1
10603,revealed,1,1
10604,revealing,1,1
10605,review,1,1
10606,rhizome,1,1
10607,rhythms,1,1
10608,ribbed,1,1
10609,richer,1,1
10610,rid,1,1
10611,ridges,1,1
10612,riding,1,1
10613,rigidly,1,1
10614,rigorous,1,1
10615,rigorously,1,1
10616,ripe,1,1
10617,ripens,1,1
10618,ritzolierre,1,1
10619,riverbeds,1,1
10620,rnase,1,1
10621,roadbed,1,1
10622,roadmap,1,1
10623,roam,1,1
10624,robes,1,1
10625,robin,1,1
10626,rojas,1,1
10627,rollers,1,1
10628,rooftop,1,1
10629,rory,1,1
10630,ros,1,1
10631,rosemary,1,1
10632,rotations,1,1
10633,roughness,1,1
10634,rounding,1,1
10635,routh,1,1
10636,routines,1,1
10637,rps,1,1
10638,rqb,1,1
10639,rscf,1,1
10640,rts,1,1
10641,rtv,1,1
10642,rubbed,1,1
10643,rug,1,1
10644,runaway,1,1
10645,ruolin,1,1
10646,ruptured,1,1
10647,rushed,1,1
10648,rushes,1,1
10649,rust,1,1
10650,rut,1,1
10651,rxn,1,1
10652,ryb,1,1
10653,ryx,1,1
10654,rzt,1,1
10655,sab,1,1
10656,saccharin,1,1
10657,sacs,1,1
10658,safeguarding,1,1
10659,saibei,1,1
10660,saint,1,1
10661,salaam,1,1
10662,saliva,1,1
10663,saminadayar,1,1
10664,san,1,1
10665,sandpit,1,1
10666,sandstone,1,1
10667,sanmao,1,1
10668,sanmenxia,1,1
10669,sanqing,1,1
10670,sapling,1,1
10671,sascha,1,1
10672,satisfactory,1,1
10673,saved,1,1
10674,saves,1,1
10675,sawn,1,1
10676,sawyer,1,1
10677,sb1,1,1
10678,sbc,1,1
10679,scalene,1,1
10680,scaling,1,1
10681,scaly,1,1
10682,scavengers,1,1
10683,scenarios,1,1
10684,schedule,1,1
10685,scheduled,1,1
10686,schema,1,1
10687,schmidt,1,1
10688,scoring,1,1
10689,scorpion,1,1
10690,scotland,1,1
10691,scrape,1,1
10692,scratches,1,1
10693,screws,1,1
10694,sculls,1,1
10695,scyphozoa,1,1
10696,seafloor,1,1
10697,seamless,1,1
10698,seaside,1,1
10699,seating,1,1
10700,secretary,1,1
10701,secrete,1,1
10702,secures,1,1
10703,securing,1,1
10704,seedless,1,1
10705,seem,1,1
10706,seems,1,1
10707,selecting,1,1
10708,selective,1,1
10709,sell,1,1
10710,sells,1,1
10711,semen,1,1
10712,semiaxes,1,1
10713,send,1,1
10714,senior,1,1
10715,seoul,1,1
10716,sepals,1,1
10717,separating,1,1
10718,served,1,1
10719,servo,1,1
10720,settings,1,1
10721,settled,1,1
10722,severity,1,1
10723,shadings,1,1
10724,shake,1,1
10725,sheepskin,1,1
10726,sheng,1,1
10727,shenzhen,1,1
10728,shield,1,1
10729,shifts,1,1
10730,shimbun,1,1
10731,shocked,1,1
10732,shoes,1,1
10733,shoot,1,1
10734,shops,1,1
10735,shores,1,1
10736,shortages,1,1
10737,shortcomings,1,1
10738,shorten,1,1
10739,shortening,1,1
10740,shortens,1,1
10741,showcased,1,1
10742,shrevei,1,1
10743,shrews,1,1
10744,shrimps,1,1
10745,shrinkage,1,1
10746,shrinks,1,1
10747,shrouded,1,1
10748,shrub,1,1
10749,shrubs,1,1
10750,shu,1,1
10751,shutting,1,1
10752,shuttle,1,1
10753,sid,1,1
10754,siderophore,1,1
10755,sidewalk,1,1
10756,sideways,1,1
10757,signaling,1,1
10758,signposts,1,1
10759,signs,1,1
10760,similarities,1,1
10761,simulate,1,1
10762,simulated,1,1
10763,simulating,1,1
10764,sinc,1,1
10765,sinensis,1,1
10766,singapore,1,1
10767,singly,1,1
10768,sino,1,1
10769,sinusoidally,1,1
10770,sittwe,1,1
10771,skateboarder,1,1
10772,skated,1,1
10773,skidding,1,1
10774,skilled,1,1
10775,skunks,1,1
10776,skydiver,1,1
10777,skydiving,1,1
10778,sledding,1,1
10779,slender,1,1
10780,slice,1,1
10781,sliced,1,1
10782,slim,1,1
10783,slingshot,1,1
10784,slogans,1,1
10785,slots,1,1
10786,slowest,1,1
10787,slowing,1,1
10788,sludge,1,1
10789,sma,1,1
10790,smallmouth,1,1
10791,smartphone,1,1
10792,smartphones,1,1
10793,smell,1,1
10794,smith,1,1
10795,smoke,1,1
10796,smudge,1,1
10797,snapped,1,1
10798,snapshot,1,1
10799,sneaker,1,1
10800,snooker,1,1
10801,snowboarding,1,1
10802,snowfall,1,1
10803,snugly,1,1
10804,soaked,1,1
10805,sofas,1,1
10806,soften,1,1
10807,softer,1,1
10808,soils,1,1
10809,soldier,1,1
10810,soles,1,1
10811,solvable,1,1
10812,somatostatin,1,1
10813,soot,1,1
10814,sorts,1,1
10815,southernmost,1,1
10816,sow,1,1
10817,spacewalk,1,1
10818,spades,1,1
10819,spans,1,1
10820,spartina,1,1
10821,spatially,1,1
10822,spatula,1,1
10823,specifically,1,1
10824,specified,1,1
10825,specify,1,1
10826,spectacle,1,1
10827,spectrograph,1,1
10828,spectrophotometrically,1,1
10829,speculated,1,1
10830,speculation,1,1
10831,speedometer,1,1
10832,spell,1,1
10833,spider,1,1
10834,spiders,1,1
10835,spindle,1,1
10836,spirally,1,1
10837,spirit,1,1
10838,spoke,1,1
10839,sponsored,1,1
10840,sporophylls,1,1
10841,sporozoites,1,1
10842,spouses,1,1
10843,spq,1,1
10844,sprays,1,1
10845,spreading,1,1
10846,springboard,1,1
10847,sprint,1,1
10848,sprinting,1,1
10849,sprouting,1,1
10850,spt,1,1
10851,spurious,1,1
10852,spurred,1,1
10853,sq1,1,1
10854,sq2,1,1
10855,sqrt,1,1
10856,squats,1,1
10857,stacking,1,1
10858,stadium,1,1
10859,staff,1,1
10860,staggered,1,1
10861,stair,1,1
10862,stakes,1,1
10863,stalactites,1,1
10864,stalagmite,1,1
10865,stalls,1,1
10866,stamen,1,1
10867,stamens,1,1
10868,stan,1,1
10869,standoff,1,1
10870,starlike,1,1
10871,starvation,1,1
10872,statistically,1,1
10873,steadily,1,1
10874,steelheads,1,1
10875,steep,1,1
10876,steepest,1,1
10877,stefan,1,1
10878,stephen,1,1
10879,stepless,1,1
10880,stepping,1,1
10881,sterilizing,1,1
10882,sticker,1,1
10883,sticky,1,1
10884,stigma,1,1
10885,stimulate,1,1
10886,stimulates,1,1
10887,stipulate,1,1
10888,stipulated,1,1
10889,stoneflies,1,1
10890,stories,1,1
10891,storing,1,1
10892,stp,1,1
10893,straddles,1,1
10894,straighten,1,1
10895,strands,1,1
10896,straw,1,1
10897,strawberry,1,1
10898,strecke,1,1
10899,stress,1,1
10900,stretching,1,1
10901,strongly,1,1
10902,strung,1,1
10903,stuff,1,1
10904,stumbles,1,1
10905,sturdy,1,1
10906,suan,1,1
10907,subayang,1,1
10908,subdivided,1,1
10909,subei,1,1
10910,substation,1,1
10911,substrates,1,1
10912,subtends,1,1
10913,subunits,1,1
10914,suburbanization,1,1
10915,subways,1,1
10916,succeed,1,1
10917,success,1,1
10918,suck,1,1
10919,sue,1,1
10920,suffers,1,1
10921,suggestion,1,1
10922,suggests,1,1
10923,suitably,1,1
10924,sulfurous,1,1
10925,summarizing,1,1
10926,sunan,1,1
10927,sunfish,1,1
10928,sunrises,1,1
10929,sunsets,1,1
10930,sunspots,1,1
10931,supercapacitor,1,1
10932,supercapacitors,1,1
10933,supplemented,1,1
10934,supposing,1,1
10935,surf,1,1
10936,surge,1,1
10937,surprised,1,1
10938,surprisingly,1,1
10939,surveys,1,1
10940,survivorship,1,1
10941,susan,1,1
10942,susceptances,1,1
10943,susceptibility,1,1
10944,susceptible,1,1
10945,suspects,1,1
10946,sustain,1,1
10947,sustainably,1,1
10948,sutong,1,1
10949,suzanna,1,1
10950,suzhou,1,1
10951,svalbard,1,1
10952,swamps,1,1
10953,swapping,1,1
10954,sweating,1,1
10955,sweden,1,1
10956,sweetener,1,1
10957,swept,1,1
10958,symbiont,1,1
10959,symbiosis,1,1
10960,symbolizing,1,1
10961,synapses,1,1
10962,synced,1,1
10963,syngeneic,1,1
10964,synthesized,1,1
10965,synthesizing,1,1
10966,syria,1,1
10967,tacho,1,1
10968,tactic,1,1
10969,tadpoles,1,1
10970,tagging,1,1
10971,tailfin,1,1
10972,tailgate,1,1
10973,tails,1,1
10974,tailwind,1,1
10975,taiwanese,1,1
10976,takada,1,1
10977,taklamakan,1,1
10978,tamara,1,1
10979,tandem,1,1
10980,tangshan,1,1
10981,tanker,1,1
10982,taoist,1,1
10983,taped,1,1
10984,taping,1,1
10985,taranto,1,1
10986,tarzan,1,1
10987,tasks,1,1
10988,tasmania,1,1
10989,tastebuds,1,1
10990,taxis,1,1
10991,tbp,1,1
10992,tear,1,1
10993,tears,1,1
10994,technicians,1,1
10995,technique,1,1
10996,technologies,1,1
10997,ted,1,1
10998,tedio,1,1
10999,telecommunications,1,1
11000,telemetry,1,1
11001,tell,1,1
11002,telling,1,1
11003,tells,1,1
11004,tellurium,1,1
11005,temporal,1,1
11006,tend,1,1
11007,tended,1,1
11008,tendency,1,1
11009,tends,1,1
11010,tens,1,1
11011,tense,1,1
11012,terminates,1,1
11013,terrace,1,1
11014,terraced,1,1
11015,terrasse,1,1
11016,tess,1,1
11017,tessellation,1,1
11018,tethered,1,1
11019,tetrabromide,1,1
11020,tetrachloride,1,1
11021,tetrahedra,1,1
11022,tetraploid,1,1
11023,textbooks,1,1
11024,thalassemia,1,1
11025,thaw,1,1
11026,theoretical,1,1
11027,thermodynamics,1,1
11028,thermometer,1,1
11029,thicken,1,1
11030,thigh,1,1
11031,things,1,1
11032,thinking,1,1
11033,thinner,1,1
11034,thinning,1,1
11035,thirteen,1,1
11036,thn,1,1
11037,thomson,1,1
11038,though,1,1
11039,thought,1,1
11040,thp,1,1
11041,threadlike,1,1
11042,threat,1,1
11043,threatened,1,1
11044,threatens,1,1
11045,thresholds,1,1
11046,threw,1,1
11047,thrilling,1,1
11048,throat,1,1
11049,thruster,1,1
11050,thunder,1,1
11051,thunderclouds,1,1
11052,thursday,1,1
11053,thyme,1,1
11054,thymine,1,1
11055,thyristorized,1,1
11056,tian,1,1
11057,tianshan,1,1
11058,ticker,1,1
11059,ticket,1,1
11060,tidal,1,1
11061,tidally,1,1
11062,tie,1,1
11063,ties,1,1
11064,tiger,1,1
11065,tigers,1,1
11066,tilting,1,1
11067,tim,1,1
11068,tim23,1,1
11069,timed,1,1
11070,timely,1,1
11071,timetable,1,1
11072,tired,1,1
11073,toads,1,1
11074,tobacco,1,1
11075,toggle,1,1
11076,token,1,1
11077,tokens,1,1
11078,tongling,1,1
11079,tongue,1,1
11080,toni,1,1
11081,tonicity,1,1
11082,toninho,1,1
11083,tony,1,1
11084,tools,1,1
11085,toothed,1,1
11086,toothfish,1,1
11087,topless,1,1
11088,topology,1,1
11089,toppled,1,1
11090,topples,1,1
11091,tops,1,1
11092,toroid,1,1
11093,toroidal,1,1
11094,torr,1,1
11095,torymus,1,1
11096,totem,1,1
11097,tough,1,1
11098,tours,1,1
11099,toxic,1,1
11100,toxins,1,1
11101,tpa,1,1
11102,traceable,1,1
11103,trachea,1,1
11104,tracing,1,1
11105,tracking,1,1
11106,tract,1,1
11107,tractor,1,1
11108,traded,1,1
11109,trading,1,1
11110,trail,1,1
11111,trailer,1,1
11112,trailing,1,1
11113,transaction,1,1
11114,transcribed,1,1
11115,transcriptase,1,1
11116,transferring,1,1
11117,transformations,1,1
11118,transforming,1,1
11119,transients,1,1
11120,transitional,1,1
11121,translational,1,1
11122,translocation,1,1
11123,transmitivity,1,1
11124,transmits,1,1
11125,transnational,1,1
11126,transporter,1,1
11127,transversals,1,1
11128,traverse,1,1
11129,traverses,1,1
11130,trenches,1,1
11131,tri,1,1
11132,triac,1,1
11133,trick,1,1
11134,triominoes,1,1
11135,triples,1,1
11136,tripped,1,1
11137,trisected,1,1
11138,triton,1,1
11139,tropics,1,1
11140,troposphere,1,1
11141,tropospheric,1,1
11142,truther,1,1
11143,trying,1,1
11144,tsp,1,1
11145,tsr,1,1
11146,tubule,1,1
11147,tuesday,1,1
11148,tulips,1,1
11149,tumors,1,1
11150,tuna,1,1
11151,tune,1,1
11152,tunneled,1,1
11153,turbid,1,1
11154,turbines,1,1
11155,turbulence,1,1
11156,turkey,1,1
11157,turntables,1,1
11158,turtles,1,1
11159,tvs,1,1
11160,twins,1,1
11161,twist,1,1
11162,twists,1,1
11163,twrv,1,1
11164,uacgaacauugg,1,1
11165,ubc,1,1
11166,ujt,1,1
11167,ultra,1,1
11168,ultraviolet,1,1
11169,umbel,1,1
11170,unary,1,1
11171,unattainable,1,1
11172,unbalanced,1,1
11173,unbelievable,1,1
11174,uncertain,1,1
11175,uncertainty,1,1
11176,unclear,1,1
11177,uncontrolled,1,1
11178,uncovered,1,1
11179,und,1,1
11180,underdeveloped,1,1
11181,understood,1,1
11182,undertake,1,1
11183,undertaken,1,1
11184,undertakes,1,1
11185,undulation,1,1
11186,unexpected,1,1
11187,unhighlighted,1,1
11188,unicellular,1,1
11189,unidirectional,1,1
11190,unified,1,1
11191,unijunction,1,1
11192,uninflated,1,1
11193,uninterrupted,1,1
11194,unipolar,1,1
11195,unisexual,1,1
11196,unknowns,1,1
11197,unlinked,1,1
11198,unloaded,1,1
11199,unnecessary,1,1
11200,unplanted,1,1
11201,unpredictable,1,1
11202,unreliable,1,1
11203,unsat,1,1
11204,unseen,1,1
11205,unsoldered,1,1
11206,updraught,1,1
11207,upgrade,1,1
11208,uplift,1,1
11209,ups,1,1
11210,urgent,1,1
11211,uru,1,1
11212,usable,1,1
11213,usain,1,1
11214,usefulness,1,1
11215,ut1,1,1
11216,utde,1,1
11217,utilizable,1,1
11218,uwxy,1,1
11219,vab,1,1
11220,vabc,1,1
11221,vac,1,1
11222,vacation,1,1
11223,vacuoles,1,1
11224,valentin,1,1
11225,valeriu,1,1
11226,variations,1,1
11227,vbing,1,1
11228,vcd,1,1
11229,vd2,1,1
11230,vdc,1,1
11231,vding,1,1
11232,vegetarian,1,1
11233,vena,1,1
11234,vendor,1,1
11235,venn,1,1
11236,venture,1,1
11237,venue,1,1
11238,verified,1,1
11239,verify,1,1
11240,verse,1,1
11241,vertebrates,1,1
11242,vessels,1,1
11243,vibrates,1,1
11244,vibrio,1,1
11245,viedma,1,1
11246,vii,1,1
11247,villa,1,1
11248,vinci,1,1
11249,violating,1,1
11250,vision,1,1
11251,visiting,1,1
11252,visitors,1,1
11253,visually,1,1
11254,vjia,1,1
11255,volumetric,1,1
11256,volunteer,1,1
11257,voracious,1,1
11258,vorne,1,1
11259,voted,1,1
11260,voter,1,1
11261,voting,1,1
11262,vru,1,1
11263,vswr,1,1
11264,vt3,1,1
11265,vulnerable,1,1
11266,vulture,1,1
11267,vut,1,1
11268,vwx,1,1
11269,vwy,1,1
11270,vxy,1,1
11271,vyi,1,1
11272,wafer,1,1
11273,wagons,1,1
11274,waived,1,1
11275,wand,1,1
11276,waning,1,1
11277,warms,1,1
11278,warn,1,1
11279,warned,1,1
11280,wasps,1,1
11281,waterbirds,1,1
11282,waterfront,1,1
11283,waters,1,1
11284,waterside,1,1
11285,waterworks,1,1
11286,wattmeter,1,1
11287,wavefront,1,1
11288,waveguide,1,1
11289,waxing,1,1
11290,weakens,1,1
11291,weakness,1,1
11292,wearing,1,1
11293,weaving,1,1
11294,webs,1,1
11295,wedding,1,1
11296,wednesday,1,1
11297,weeds,1,1
11298,weekday,1,1
11299,welcome,1,1
11300,welcoming,1,1
11301,welded,1,1
11302,wenchang,1,1
11303,wendy,1,1
11304,werner,1,1
11305,wetness,1,1
11306,wha,1,1
11307,whereas,1,1
11308,whereby,1,1
11309,whilst,1,1
11310,whip,1,1
11311,whiplike,1,1
11312,whitefly,1,1
11313,whitish,1,1
11314,win,1,1
11315,windless,1,1
11316,windows,1,1
11317,windowsill,1,1
11318,winglike,1,1
11319,wins,1,1
11320,wintering,1,1
11321,wiped,1,1
11322,wipes,1,1
11323,wireframe,1,1
11324,wireless,1,1
11325,wise,1,1
11326,wishes,1,1
11327,withered,1,1
11328,wizard,1,1
11329,wobble,1,1
11330,wolf,1,1
11331,wolverines,1,1
11332,wonder,1,1
11333,wonderland,1,1
11334,workboat,1,1
11335,workshops,1,1
11336,worldwide,1,1
11337,worsen,1,1
11338,worship,1,1
11339,woven,1,1
11340,wrist,1,1
11341,wristwatch,1,1
11342,writing,1,1
11343,wrongly,1,1
11344,wtz,1,1
11345,wuv,1,1
11346,wuzhou,1,1
11347,wxzy,1,1
11348,wyx,1,1
11349,x0y,1,1
11350,xbc,1,1
11351,xho,1,1
11352,xiamen,1,1
11353,xiang,1,1
11354,xiangjiang,1,1
11355,xiangshan,1,1
11356,xiangtan,1,1
11357,xiaocong,1,1
11358,xiaoman,1,1
11359,xiaomi,1,1
11360,xiaoqiang,1,1
11361,xiaowen,1,1
11362,xiaoxin,1,1
11363,xiaoying,1,1
11364,xiaozan,1,1
11365,xiaozhang,1,1
11366,xlabel,1,1
11367,xmax,1,1
11368,xmin,1,1
11369,xpy,1,1
11370,xqy,1,1
11371,xry,1,1
11372,xsy,1,1
11373,xtick,1,1
11374,xty,1,1
11375,xuelong,1,1
11376,xuetong,1,1
11377,xyw,1,1
11378,yancheng,1,1
11379,yangshan,1,1
11380,yao,1,1
11381,yarlung,1,1
11382,yenisei,1,1
11383,yett,1,1
11384,yielded,1,1
11385,yielding,1,1
11386,yields,1,1
11387,yingze,1,1
11388,ylabel,1,1
11389,ymajorgrids,1,1
11390,ymax,1,1
11391,ymin,1,1
11392,york,1,1
11393,youth,1,1
11394,ytick,1,1
11395,yulong,1,1
11396,yunan,1,1
11397,yunxia,1,1
11398,yuxin,1,1
11399,ywz,1,1
11400,zangbo,1,1
11401,zeit,1,1
11402,zeroes,1,1
11403,zhaozhou,1,1
11404,zheng,1,1
11405,zhongming,1,1
11406,zhuang,1,1
11407,zilda,1,1
11408,zmin,1,1
11409,znco,1,1
11410,zonality,1,1
11411,zooplanktons,1,1
11412,zxw,1,1
11413,zxy,1,1
