rank,word,count,doc_count
1,figure,8621,6933
2,line,2521,1647
3,length,2240,1949
4,diagram,2220,2079
5,image1,2162,2161
6,find,2032,1896
7,two,1939,1469
8,image,1810,1212
9,abc,1634,1288
10,structure,1514,829
11,axis,1448,747
12,side,1445,1054
13,state,1445,1053
14,value,1298,1205
15,intersects,1270,919
16,read,1254,1249
17,square,1226,825
18,respectively,1202,1122
19,abcd,1167,1003
20,answer,1163,1146
21,certain,1147,1035
22,time,1145,828
23,circuit,1127,958
24,number,1100,928
25,transition,1057,725
26,field,1012,449
27,small,977,550
28,mass,959,654
29,measure,941,932
30,right,903,734
31,voltage,901,569
32,region,894,704
33,graph,892,651
34,circle,869,593
35,force,863,545
36,magnetic,834,292
37,system,822,671
38,direction,820,615
39,segment,812,517
40,magnitude,805,548
41,angle,804,659
42,function,801,544
43,along,781,687
44,known,780,759
45,horizontal,775,522
46,triangle,762,569
47,arrows,748,745
48,three,739,598
49,velocity,737,473
50,place,713,558
51,plane,710,444
52,radius,708,563
53,rectangle,705,505
54,current,703,507
55,distance,701,553
56,speed,682,462
57,expression,675,662
58,total,670,633
59,bonds,666,334
60,water,652,338
61,china,639,510
62,midpoint,629,548
63,ball,623,187
64,resistance,601,428
65,four,594,498
66,calculate,590,556
67,uniform,578,443
68,during,576,460
69,connected,572,480
70,perpendicular,571,492
71,placed,571,489
72,question,553,549
73,power,551,351
74,constant,550,449
75,sides,547,493
76,surface,547,363
77,many,537,519
78,electric,532,242
79,will,532,482
80,coordinate,522,437
81,intersect,514,484
82,acceleration,506,376
83,quadrilateral,504,416
84,consider,498,496
85,population,495,288
86,light,494,270
87,numbers,488,287
88,schematic,485,475
89,block,484,162
90,maximum,484,415
91,smiles,478,478
92,moving,477,421
93,output,477,388
94,ground,476,288
95,center,472,380
96,temperature,472,303
97,but,470,469
98,located,469,439
99,type,459,412
100,lines,453,370
101,object,453,168
102,connect,450,382
103,determine,449,353
104,rod,449,137
105,table,442,277
106,first,437,366
107,single,437,433
108,change,433,390
109,ratio,433,394
110,different,429,387
111,coordinates,427,369
112,map,426,409
113,equal,425,380
114,long,425,311
115,end,422,287
116,friction,420,256
117,squares,419,289
118,height,416,328
119,distribution,409,354
120,coil,408,134
121,ignoring,403,403
122,charge,401,257
123,energy,400,276
124,food,398,369
125,motion,392,289
126,parabola,391,195
127,diameter,385,348
128,process,382,318
129,perimeter,378,311
130,drawn,376,327
131,present,376,374
132,passes,372,354
133,degree,369,365
134,river,367,214
135,circular,362,220
136,large,360,297
137,components,358,356
138,double,358,352
139,including,357,356
140,electron,356,161
141,hydrogen,354,348
142,vertical,353,284
143,rest,352,307
144,left,351,296
145,air,350,242
146,minimum,345,323
147,involving,340,340
148,let,340,302
149,excluding,339,339
150,within,334,325
151,disregard,333,333
152,main,333,322
153,triple,329,329
154,linear,328,262
155,parallel,328,284
156,city,326,228
157,car,325,75
158,positive,325,257
159,rhombus,325,252
160,solution,325,253
161,changes,324,281
162,used,323,309
163,paper,318,213
164,shaded,318,290
165,cartesian,316,313
166,particle,315,117
167,straight,309,257
168,bisects,307,266
169,gas,307,121
170,pressure,305,193
171,circles,303,172
172,should,298,280
173,please,297,289
174,fixed,292,256
175,ideal,292,261
176,set,291,259
177,position,289,233
178,proportion,288,221
179,moves,287,246
180,sum,287,225
181,unit,285,250
182,coefficient,280,227
183,high,278,203
184,inside,277,233
185,average,276,219
186,metal,275,117
187,conditions,273,251
188,inclined,270,111
189,day,269,188
190,land,268,189
191,note,266,265
192,relationship,262,248
193,input,261,216
194,kinetic,260,192
195,source,256,210
196,acb,255,247
197,earth,253,119
198,gravitational,251,212
199,track,251,66
200,assume,250,218
201,period,250,209
202,spring,250,101
203,top,250,192
204,places,248,213
205,vertices,248,217
206,rate,247,183
207,cylinder,246,71
208,wire,246,107
209,bisector,245,207
210,initial,245,213
211,second,245,203
212,base,243,183
213,tangent,242,209
214,country,238,175
215,equilateral,238,205
216,web,238,230
217,represents,234,192
218,triangles,234,167
219,some,232,219
220,use,231,211
221,out,229,208
222,bac,226,213
223,half,226,157
224,form,225,212
225,move,225,195
226,moment,224,190
227,flow,223,206
228,induction,223,182
229,under,222,208
230,vertex,222,191
231,values,221,207
232,aob,220,170
233,level,220,187
234,range,219,212
235,potential,218,134
236,inverse,216,162
237,midpoints,216,207
238,common,213,212
239,chart,212,172
240,questions,211,210
241,diagonal,210,195
242,negligible,210,198
243,closed,208,182
244,down,208,177
245,likely,208,207
246,they,208,192
247,rectangular,207,167
248,rope,207,89
249,starts,207,183
250,she,206,131
251,edge,205,148
252,over,205,182
253,folded,204,197
254,intersecting,204,187
255,ring,204,66
256,curve,203,154
257,terms,203,189
258,exactly,202,190
259,off,202,169
260,data,199,174
261,arc,198,150
262,equation,198,186
263,made,198,182
264,bottom,197,144
265,development,197,168
266,load,196,141
267,smooth,196,169
268,precipitation,195,151
269,represent,194,180
270,taken,194,188
271,diagonals,193,188
272,directly,193,190
273,cell,192,125
274,may,192,176
275,wooden,192,68
276,just,191,174
277,stage,191,173
278,uniformly,191,156
279,volume,191,130
280,switch,189,131
281,cycle,188,154
282,difference,188,169
283,order,188,173
284,cube,187,89
285,reaches,187,167
286,write,187,173
287,belt,186,65
288,gravity,186,167
289,across,185,156
290,choose,185,184
291,inequality,185,164
292,meters,184,125
293,due,183,168
294,regions,183,151
295,amount,182,152
296,frequency,182,136
297,reason,182,182
298,section,182,154
299,times,182,165
300,array,181,94
301,reaction,181,129
302,resistor,180,138
303,altitude,179,155
304,density,178,146
305,extension,177,172
306,per,177,144
307,inscribed,176,161
308,horizontally,175,156
309,factor,174,163
310,supply,173,138
311,applied,172,153
312,degrees,172,169
313,signal,172,127
314,slope,171,90
315,natural,170,153
316,plate,169,79
317,turns,168,130
318,identical,167,160
319,lies,166,149
320,passing,166,155
321,string,166,76
322,zero,166,153
323,phase,165,126
324,capacitor,164,105
325,falls,164,153
326,grid,164,112
327,group,164,84
328,material,164,135
329,rails,164,38
330,board,163,55
331,lengths,163,149
332,information,162,160
333,beijing,161,111
334,loop,161,78
335,arrow,160,150
336,picture,160,142
337,chord,159,144
338,jia,159,126
339,wave,159,83
340,charged,158,103
341,cross,158,143
342,wind,158,85
343,assuming,157,148
344,location,157,133
345,parallelogram,157,137
346,vertically,157,143
347,cells,156,99
348,mainly,156,151
349,complete,155,147
350,relative,155,129
351,characteristics,154,150
352,plates,154,60
353,width,154,129
354,plant,153,119
355,strength,153,122
356,white,153,103
357,big,152,127
358,box,152,55
359,formed,152,144
360,segments,152,132
361,them,152,146
362,boc,151,127
363,isosceles,151,143
364,latitude,151,122
365,organism,151,147
366,regular,151,119
367,take,151,144
368,growth,150,114
369,origin,150,130
370,world,150,135
371,year,150,128
372,intensity,149,127
373,collision,147,62
374,foot,146,126
375,aoc,145,126
376,body,145,90
377,connecting,145,130
378,acid,144,92
379,shape,144,118
380,thin,144,99
381,black,143,83
382,five,143,127
383,measured,143,128
384,see,143,134
385,experiment,142,112
386,initially,142,135
387,remains,142,126
388,smaller,142,109
389,transfer,142,116
390,nearest,141,141
391,primary,141,95
392,sliding,141,99
393,wall,141,93
394,conveyor,140,25
395,make,140,125
396,more,140,132
397,possible,140,135
398,province,140,99
399,solar,139,108
400,transformer,139,92
401,you,139,105
402,orbit,138,63
403,concentration,137,101
404,depicted,137,137
405,quadrant,137,104
406,released,137,126
407,industrial,136,101
408,local,136,125
409,condition,135,130
410,lower,134,113
411,urban,134,101
412,decimal,133,131
413,draw,133,117
414,ray,133,82
415,agricultural,132,109
416,angled,132,121
417,north,132,115
418,round,132,127
419,steps,132,120
420,together,132,119
421,transistor,132,102
422,gene,131,54
423,island,130,74
424,results,130,122
425,chemical,129,125
426,near,129,119
427,enters,128,96
428,molecules,128,125
429,student,128,92
430,climate,127,99
431,industry,127,98
432,respect,127,124
433,upward,127,109
434,angular,126,101
435,compared,126,126
436,lie,126,118
437,much,126,115
438,sea,126,99
439,chain,125,114
440,frame,125,46
441,new,125,97
442,diode,124,101
443,obtain,124,119
444,opposite,124,118
445,stationary,124,110
446,considered,123,116
447,contour,123,104
448,production,123,98
449,corresponding,122,114
450,hexagon,122,77
451,always,121,113
452,equilibrium,121,95
453,work,121,101
454,letter,120,111
455,ade,119,109
456,cut,119,98
457,pass,119,109
458,seconds,119,99
459,intersection,118,103
460,whose,118,109
461,pushing,117,114
462,rectangles,117,80
463,figures,116,101
464,labeled,116,109
465,satellite,116,47
466,upper,116,94
467,heat,115,80
468,highest,115,104
469,indicate,115,102
470,sequence,115,88
471,electromotive,114,94
472,written,114,91
473,disk,112,28
474,must,112,105
475,relatively,112,105
476,station,112,58
477,tension,112,83
478,wants,112,104
479,adjacent,111,89
480,divided,111,107
481,space,111,87
482,affected,110,106
483,characteristic,110,104
484,open,110,97
485,exerted,109,96
486,inner,109,74
487,motor,109,49
488,increase,108,101
489,marked,108,95
490,until,108,104
491,clockwise,107,98
492,directed,107,92
493,our,107,87
494,represented,107,105
495,zone,107,74
496,every,105,92
497,secondary,105,75
498,semicircle,105,71
499,suppose,105,101
500,weather,105,84
501,displacement,104,81
502,illustrate,104,104
503,induced,104,80
504,mechanistic,104,104
505,negative,104,94
506,path,104,88
507,reading,104,74
508,solid,104,86
509,congruent,103,92
510,interval,103,85
511,original,103,92
512,annual,102,79
513,contact,102,86
514,internal,102,94
515,outside,102,94
516,row,102,69
517,zener,102,48
518,acting,101,82
519,dashed,101,85
520,effect,101,95
521,leaves,101,65
522,particles,101,40
523,profile,101,87
524,reach,101,91
525,relocated,101,101
526,hemisphere,100,91
527,mountain,100,70
528,objects,100,60
529,slides,100,75
530,angles,99,89
531,causing,99,94
532,conductor,99,42
533,extend,99,94
534,kind,99,98
535,makes,99,89
536,ocean,99,72
537,size,99,92
538,sphere,99,53
539,years,99,86
540,external,98,78
541,grey,98,72
542,soil,98,57
543,starting,98,88
544,fold,97,81
545,lowest,96,91
546,electrons,95,39
547,faces,95,69
548,label,95,87
549,probability,95,74
550,product,95,74
551,central,94,89
552,constructed,94,89
553,largest,94,89
554,why,94,94
555,balls,93,52
556,bar,93,60
557,conducting,93,60
558,happen,93,93
559,middle,93,79
560,piece,93,80
561,six,93,81
562,his,92,69
563,rotates,92,81
564,symmetry,92,84
565,content,91,69
566,oabc,91,75
567,plants,91,67
568,tube,91,34
569,column,90,64
570,piston,90,25
571,called,89,85
572,changing,89,84
573,containing,89,83
574,did,89,86
575,life,89,85
576,producer,89,89
577,related,89,85
578,species,89,74
579,without,89,86
580,countries,88,66
581,ends,88,81
582,removed,88,78
583,resources,88,61
584,satisfy,88,88
585,scale,88,79
586,cubes,87,39
587,moon,87,29
588,rotate,87,77
589,rotated,87,82
590,slide,87,65
591,units,87,71
592,abd,86,81
593,action,86,84
594,amplifier,86,77
595,face,86,62
596,model,86,70
597,acd,85,76
598,clock,85,55
599,downward,85,80
600,economic,85,69
601,masses,85,81
602,added,84,73
603,atmospheric,84,75
604,done,84,70
605,increases,84,79
606,pattern,84,73
607,pulley,84,43
608,required,84,81
609,way,84,79
610,ammeter,83,56
611,bod,83,77
612,building,83,63
613,cars,83,35
614,express,83,79
615,greater,83,80
616,pieces,83,51
617,start,83,74
618,topographic,83,82
619,xoy,83,81
620,cities,82,67
621,counterclockwise,82,77
622,slider,82,25
623,statistical,82,69
624,suspended,82,76
625,test,82,50
626,variation,82,71
627,contains,81,71
628,distributed,81,76
629,larger,81,67
630,shaped,81,65
631,weight,81,59
632,net,80,60
633,pair,80,73
634,result,80,75
635,sample,80,62
636,show,80,78
637,static,80,77
638,volts,80,72
639,blocks,79,38
640,composed,79,76
641,least,79,76
642,neglected,79,76
643,network,79,65
644,obtained,79,71
645,road,79,56
646,tenth,79,79
647,west,79,73
648,adc,78,75
649,days,78,64
650,had,78,58
651,illustrated,78,77
652,non,78,70
653,red,78,60
654,similar,78,77
655,smallest,78,76
656,step,78,61
657,sun,78,54
658,takes,78,72
659,transmission,78,50
660,index,77,52
661,materials,77,75
662,onto,77,51
663,peak,77,57
664,pole,77,56
665,yellow,77,52
666,your,77,67
667,approximately,76,71
668,device,76,58
669,normal,76,64
670,outer,76,58
671,planet,76,22
672,south,76,69
673,taking,76,72
674,types,76,68
675,bcd,75,70
676,direct,75,74
677,forward,75,69
678,gain,75,70
679,insulating,75,45
680,integers,75,70
681,rotation,75,71
682,terrain,75,70
683,control,74,66
684,might,74,74
685,next,74,68
686,northern,74,72
687,pentagon,74,51
688,phenomenon,74,67
689,problem,74,67
690,accelerated,73,60
691,becomes,73,67
692,directions,73,72
693,elastic,73,63
694,entire,73,67
695,enzyme,73,34
696,fall,73,62
697,front,73,54
698,get,73,63
699,lake,73,40
700,logic,73,60
701,low,73,68
702,thrown,73,51
703,away,72,68
704,charges,72,53
705,color,72,44
706,exists,72,69
707,indicated,72,71
708,produced,72,67
709,third,72,57
710,boundary,71,57
711,cod,71,59
712,flux,71,51
713,formation,71,63
714,generator,71,45
715,higher,71,69
716,increased,71,69
717,real,71,66
718,bad,70,68
719,floor,70,45
720,generated,70,67
721,medium,70,36
722,people,70,52
723,still,70,69
724,thickness,70,58
725,basin,69,58
726,consists,69,66
727,fish,69,49
728,inches,69,37
729,liquid,69,28
730,add,68,45
731,def,68,55
732,edges,68,62
733,environment,68,56
734,feet,68,51
735,free,68,53
736,fruit,68,36
737,immediately,68,60
738,month,68,57
739,products,68,56
740,steady,68,64
741,voltmeter,68,51
742,animal,67,60
743,aod,67,62
744,braking,67,34
745,container,67,40
746,corner,67,54
747,dna,67,39
748,functional,67,43
749,layer,67,46
750,median,67,64
751,plank,67,16
752,pulling,67,48
753,radiation,67,37
754,season,67,59
755,slowly,67,57
756,various,67,60
757,channel,66,45
758,combining,66,66
759,construct,66,60
760,indicates,66,58
761,meet,66,61
762,students,66,41
763,triangular,66,58
764,attached,65,59
765,follows,65,62
766,geological,65,57
767,oil,65,28
768,rotating,65,52
769,steel,65,31
770,sufficiently,65,64
771,begins,64,57
772,bulb,64,34
773,denoted,64,52
774,digit,64,45
775,expressed,64,61
776,influence,64,60
777,lunar,64,24
778,positions,64,59
779,regional,64,62
780,suitable,64,59
781,trapezoid,64,57
782,beam,63,37
783,centimeters,63,56
784,curves,63,56
785,equivalent,63,61
786,experimental,63,50
787,filled,63,59
788,important,63,62
789,landscape,63,51
790,star,63,32
791,trajectory,63,50
792,very,63,62
793,wheel,63,20
794,back,62,53
795,correct,62,60
796,east,62,53
797,flip,62,47
798,green,62,49
799,less,62,60
800,making,62,59
801,operating,62,54
802,railway,62,43
803,springs,62,27
804,stable,62,57
805,summer,62,56
806,unchanged,62,58
807,currents,61,50
808,greatest,61,61
809,need,61,60
810,person,61,32
811,refers,61,61
812,axes,60,54
813,coincides,60,58
814,flower,60,38
815,found,60,57
816,major,60,57
817,measures,60,56
818,noon,60,51
819,once,60,57
820,radii,60,57
821,sunrise,60,49
822,tower,60,20
823,travel,60,54
824,turn,60,41
825,undergoes,60,57
826,abe,59,59
827,approximate,59,55
828,become,59,49
829,coast,59,47
830,decrease,59,56
831,frictional,59,45
832,ion,59,31
833,like,59,57
834,necessary,59,59
835,neglect,59,57
836,remain,59,57
837,school,59,46
838,simple,59,47
839,situation,59,57
840,southern,59,58
841,terminals,59,51
842,truck,59,14
843,already,58,58
844,chamber,58,15
845,decreases,58,55
846,drop,58,53
847,graphs,58,56
848,hypotenuse,58,56
849,iron,58,28
850,plot,58,52
851,ways,58,58
852,cause,57,57
853,ecological,57,46
854,floating,57,54
855,hole,57,36
856,inclination,57,51
857,occur,57,57
858,route,57,45
859,seen,57,55
860,trend,57,55
861,variable,57,54
862,carrying,56,50
863,disease,56,32
864,knowledge,56,56
865,landing,56,46
866,law,56,52
867,night,56,51
868,occurs,56,54
869,planting,56,47
870,protein,56,27
871,stop,56,44
872,bus,55,26
873,elevation,55,42
874,forces,55,49
875,functions,55,54
876,moved,55,50
877,percentage,55,49
878,perspective,55,55
879,spatial,55,45
880,vegetation,55,47
881,blue,54,43
882,feedback,54,49
883,forms,54,49
884,heavy,54,38
885,human,54,50
886,hyperbola,54,42
887,integer,54,53
888,lands,54,50
889,magnitudes,54,52
890,rad,54,49
891,resulting,54,52
892,silicon,54,46
893,statement,54,54
894,centers,53,52
895,combined,53,50
896,compare,53,53
897,copper,53,24
898,cylindrical,53,40
899,fill,53,53
900,fraction,53,50
901,gate,53,41
902,hand,53,33
903,hits,53,46
904,impedance,53,40
905,orbital,53,42
906,sinusoidal,53,53
907,states,53,50
908,amounts,52,39
909,appear,52,51
910,basketball,52,11
911,bing,52,45
912,capacitance,52,42
913,final,52,50
914,glass,52,30
915,her,52,37
916,july,52,44
917,movement,52,45
918,opening,52,39
919,proportional,52,47
920,response,52,45
921,shanghai,52,40
922,short,52,51
923,cart,51,14
924,circumference,51,46
925,effective,51,44
926,either,51,49
927,equals,51,50
928,great,51,29
929,impact,51,46
930,instantaneous,51,44
931,series,51,50
932,solenoid,51,19
933,terminal,51,44
934,child,50,25
935,coincide,50,50
936,component,50,43
937,corresponds,50,47
938,forest,50,33
939,instant,50,44
940,leaf,50,41
941,rough,50,48
942,simultaneously,50,48
943,standard,50,33
944,stops,50,39
945,tiles,50,22
946,arranged,49,49
947,best,49,49
948,built,49,46
949,changed,49,44
950,coils,49,41
951,consumption,49,31
952,electrical,49,36
953,emitter,49,44
954,gradually,49,48
955,letters,49,40
956,park,49,38
957,reflected,49,47
958,semicircles,49,33
959,strong,49,44
960,titration,49,36
961,treated,49,48
962,twice,49,48
963,uses,49,47
964,winter,49,46
965,zones,49,37
966,activity,48,34
967,athlete,48,19
968,comes,48,46
969,construction,48,43
970,delta,48,41
971,entering,48,42
972,geographical,48,43
973,january,48,41
974,mark,48,44
975,needed,48,46
976,neglecting,48,47
977,room,48,28
978,seasonal,48,38
979,thread,48,15
980,towards,48,38
981,waveform,48,42
982,bridge,47,37
983,carbon,47,32
984,completely,47,46
985,daily,47,32
986,diagrams,47,41
987,electrostatic,47,31
988,filter,47,37
989,genes,47,32
990,levels,47,41
991,magnet,47,25
992,oxygen,47,28
993,port,47,37
994,rays,47,36
995,reaching,47,44
996,sections,47,36
997,tree,47,34
998,urbanization,47,30
999,who,47,38
1000,belong,46,45
1001,coe,46,41
1002,continent,46,41
1003,cylinders,46,9
1004,duration,46,40
1005,duty,46,30
1006,junction,46,39
1007,last,46,42
1008,longer,46,44
1009,needs,46,46
1010,perpendicularly,46,42
1011,platform,46,22
1012,pulse,46,40
1013,put,46,43
1014,separated,46,45
1015,specific,46,38
1016,touch,46,43
1017,toward,46,43
1018,united,46,40
1019,whether,46,41
1020,whole,46,46
1021,enterprise,45,26
1022,factors,45,42
1023,happens,45,45
1024,having,45,42
1025,ions,45,21
1026,meter,45,39
1027,occurred,45,39
1028,operation,45,41
1029,pipe,45,20
1030,pyramid,45,27
1031,refer,45,45
1032,screen,45,20
1033,strip,45,27
1034,target,45,28
1035,train,45,19
1036,traveling,45,41
1037,agriculture,44,38
1038,battery,44,35
1039,boat,44,11
1040,converter,44,29
1041,corners,44,41
1042,counter,44,31
1043,diameters,44,43
1044,digits,44,35
1045,doe,44,43
1046,individuals,44,29
1047,locations,44,39
1048,pendulum,44,15
1049,remaining,44,41
1050,traveled,44,44
1051,wavelength,44,34
1052,western,44,35
1053,advantage,43,42
1054,aoe,43,37
1055,continues,43,41
1056,eastern,43,41
1057,equally,43,41
1058,explain,43,43
1059,forming,43,42
1060,give,43,43
1061,groups,43,29
1062,incident,43,34
1063,pulled,43,39
1064,rounded,43,43
1065,sectional,43,42
1066,semicircular,43,26
1067,seven,43,39
1068,stone,43,21
1069,weak,43,26
1070,aed,42,38
1071,alternating,42,34
1072,arcs,42,37
1073,atmosphere,42,36
1074,bisectors,42,40
1075,cde,42,40
1076,centered,42,38
1077,controlled,42,36
1078,crop,42,34
1079,example,42,42
1080,flows,42,37
1081,grain,42,21
1082,nine,42,37
1083,old,42,26
1084,outward,42,40
1085,research,42,35
1086,shortest,42,39
1087,well,42,37
1088,ace,41,37
1089,age,41,27
1090,analytical,41,40
1091,bit,41,32
1092,carries,41,34
1093,circulation,41,34
1094,coastal,41,39
1095,crease,41,33
1096,fields,41,26
1097,flies,41,27
1098,mol,41,20
1099,observed,41,38
1100,prime,41,35
1101,principle,41,41
1102,produce,41,41
1103,regarded,41,39
1104,resistors,41,38
1105,ship,41,22
1106,suddenly,41,38
1107,walks,41,27
1108,accordingly,40,40
1109,ant,40,23
1110,coal,40,26
1111,combination,40,40
1112,composition,40,36
1113,die,40,32
1114,enclosed,40,31
1115,flat,40,39
1116,flop,40,28
1117,individual,40,30
1118,khz,40,32
1119,learned,40,40
1120,mean,40,35
1121,national,40,38
1122,parameters,40,40
1123,producing,40,34
1124,share,40,36
1125,sheet,40,27
1126,significant,40,38
1127,spacecraft,40,22
1128,tank,40,17
1129,tied,40,37
1130,transportation,40,34
1131,wide,40,34
1132,wires,40,28
1133,ampere,39,33
1134,bottle,39,10
1135,centre,39,36
1136,close,39,38
1137,coinciding,39,39
1138,coloured,39,26
1139,consumer,39,39
1140,curved,39,26
1141,dark,39,31
1142,dce,39,35
1143,ding,39,36
1144,distances,39,37
1145,driver,39,19
1146,ecosystem,39,34
1147,exits,39,34
1148,externally,39,39
1149,fault,39,26
1150,fly,39,16
1151,full,39,31
1152,harmonic,39,32
1153,kilometers,39,34
1154,loss,39,35
1155,name,39,39
1156,numbered,39,28
1157,oab,39,32
1158,polar,39,34
1159,runoff,39,25
1160,sealed,39,34
1161,shadow,39,29
1162,study,39,35
1163,technology,39,38
1164,transport,39,28
1165,velocities,39,37
1166,allowed,38,35
1167,build,38,34
1168,effects,38,36
1169,efgh,38,32
1170,emitted,38,27
1171,far,38,34
1172,flowing,38,35
1173,freely,38,37
1174,frog,38,18
1175,hit,38,29
1176,normally,38,34
1177,overlap,38,32
1178,rods,38,20
1179,sodium,38,22
1180,standing,38,30
1181,tabletop,38,23
1182,throughout,38,37
1183,utilization,38,25
1184,walls,38,25
1185,xinjiang,38,24
1186,bicycle,37,18
1187,chang,37,26
1188,continuous,37,36
1189,developed,37,35
1190,eight,37,33
1191,enterprises,37,28
1192,environmental,37,37
1193,estimate,37,33
1194,family,37,24
1195,genetic,37,33
1196,here,37,36
1197,inductance,37,33
1198,matter,37,25
1199,molecule,37,27
1200,organisms,37,35
1201,polygon,37,27
1202,prism,37,19
1203,rivers,37,37
1204,sediment,37,23
1205,substance,37,29
1206,affecting,36,35
1207,anhui,36,19
1208,causes,36,36
1209,centres,36,30
1210,disaster,36,28
1211,electricity,36,22
1212,finally,36,35
1213,grass,36,30
1214,ice,36,20
1215,interior,36,30
1216,launch,36,30
1217,little,36,31
1218,method,36,31
1219,mon,36,31
1220,muscle,36,10
1221,noise,36,21
1222,perpendiculars,36,34
1223,proton,36,11
1224,rain,36,25
1225,refractive,36,31
1226,reservoir,36,23
1227,rings,36,20
1228,rise,36,29
1229,selected,36,33
1230,shell,36,21
1231,spheres,36,15
1232,symmetric,36,32
1233,thermal,36,33
1234,analyze,35,33
1235,balloon,35,11
1236,beginning,35,34
1237,boolean,35,33
1238,cards,35,18
1239,consumed,35,30
1240,dae,35,32
1241,dots,35,29
1242,enter,35,32
1243,exit,35,27
1244,frozen,35,12
1245,good,35,32
1246,heating,35,24
1247,keep,35,32
1248,launched,35,30
1249,layout,35,34
1250,longitude,35,33
1251,mechanical,35,34
1252,membrane,35,26
1253,planning,35,30
1254,pointing,35,34
1255,quadratic,35,29
1256,rail,35,19
1257,researchers,35,31
1258,resource,35,21
1259,semi,35,26
1260,since,35,34
1261,stations,35,24
1262,unknown,35,29
1263,vials,35,7
1264,bdc,34,33
1265,blank,34,33
1266,case,34,30
1267,colour,34,27
1268,consisting,34,33
1269,core,34,22
1270,divide,34,33
1271,ensure,34,31
1272,fourth,34,33
1273,head,34,25
1274,held,34,34
1275,increasing,34,33
1276,inward,34,34
1277,mice,34,22
1278,multiple,34,28
1279,often,34,33
1280,opened,34,33
1281,overlapping,34,31
1282,pairs,34,33
1283,proportions,34,29
1284,quantity,34,29
1285,rated,34,28
1286,returns,34,30
1287,rises,34,31
1288,solutions,34,22
1289,belts,33,23
1290,carry,33,31
1291,circumcircle,33,32
1292,closest,33,30
1293,cold,33,29
1294,cone,33,15
1295,correspond,33,33
1296,depth,33,26
1297,elements,33,27
1298,extended,33,31
1299,fluid,33,9
1300,holes,33,22
1301,hundredth,33,33
1302,incorrect,33,32
1303,industries,33,31
1304,measuring,33,31
1305,meridian,33,32
1306,numerical,33,30
1307,partial,33,33
1308,perform,33,28
1309,propagation,33,28
1310,proteins,33,15
1311,raw,33,30
1312,reads,33,19
1313,separation,33,29
1314,sled,33,4
1315,surfaces,33,28
1316,term,33,31
1317,threshold,33,28
1318,titrated,33,33
1319,undergo,33,32
1320,vehicle,33,15
1321,via,33,32
1322,atoms,32,17
1323,bde,32,32
1324,cab,32,31
1325,chosen,32,29
1326,cotton,32,11
1327,cultivated,32,24
1328,element,32,26
1329,elevator,32,8
1330,falling,32,27
1331,famous,32,31
1332,goes,32,28
1333,hours,32,29
1334,ignored,32,32
1335,inductor,32,24
1336,judge,32,31
1337,lamp,32,16
1338,naoh,32,22
1339,pond,32,20
1340,predator,32,32
1341,provided,32,30
1342,random,32,30
1343,site,32,28
1344,snow,32,16
1345,spectrum,32,28
1346,ten,32,31
1347,toll,32,5
1348,travels,32,29
1349,vehicles,32,17
1350,waves,32,16
1351,yangtze,32,26
1352,accelerating,31,28
1353,amplitude,31,25
1354,apart,31,31
1355,boe,31,31
1356,capacity,31,24
1357,carried,31,31
1358,collector,31,25
1359,considering,31,31
1360,contained,31,16
1361,cover,31,24
1362,defined,31,30
1363,described,31,31
1364,diodes,31,26
1365,drive,31,19
1366,dry,31,19
1367,exterior,31,28
1368,infinite,31,27
1369,jumps,31,18
1370,leave,31,28
1371,market,31,29
1372,min,31,22
1373,observation,31,21
1374,pedigree,31,27
1375,quality,31,27
1376,quarter,31,26
1377,speeds,31,31
1378,team,31,21
1379,transistors,31,28
1380,active,30,27
1381,banana,30,9
1382,branch,30,22
1383,card,30,13
1384,chinese,30,27
1385,constants,30,28
1386,continuously,30,30
1387,covered,30,25
1388,dice,30,16
1389,experienced,30,28
1390,film,30,12
1391,folding,30,29
1392,generally,30,30
1393,generation,30,23
1394,houses,30,15
1395,monthly,30,22
1396,painted,30,21
1397,pathway,30,23
1398,plateau,30,24
1399,projectile,30,15
1400,recent,30,30
1401,saturation,30,29
1402,sizes,30,29
1403,spherical,30,22
1404,stages,30,27
1405,strips,30,16
1406,synchronous,30,24
1407,town,30,19
1408,trait,30,15
1409,upon,30,25
1410,vibration,30,21
1411,abo,29,27
1412,accelerates,29,26
1413,adb,29,29
1414,adjusted,29,27
1415,assumed,29,27
1416,barrier,29,12
1417,binary,29,26
1418,brakes,29,19
1419,cable,29,12
1420,calculation,29,25
1421,ceiling,29,27
1422,come,29,28
1423,compute,29,27
1424,consumes,29,29
1425,differences,29,29
1426,dominant,29,29
1427,iii,29,24
1428,impulse,29,27
1429,lewis,29,22
1430,limit,29,28
1431,lying,29,28
1432,manufacturing,29,25
1433,populations,29,25
1434,processing,29,17
1435,project,29,20
1436,setup,29,28
1437,sources,29,21
1438,traffic,29,21
1439,tubes,29,13
1440,turntable,29,6
1441,working,29,23
1442,advantageous,28,21
1443,balance,28,15
1444,band,28,16
1445,bases,28,23
1446,bed,28,20
1447,bond,28,14
1448,bulbs,28,16
1449,cbd,28,27
1450,collides,28,23
1451,consecutive,28,28
1452,crops,28,24
1453,crossing,28,22
1454,developing,28,26
1455,digital,28,24
1456,error,28,26
1457,etc,28,19
1458,even,28,25
1459,flood,28,18
1460,hour,28,23
1461,japan,28,14
1462,past,28,24
1463,percent,28,27
1464,perimeters,28,25
1465,photo,28,22
1466,price,28,20
1467,rectifier,28,23
1468,revolution,28,25
1469,rock,28,17
1470,separate,28,22
1471,shapes,28,21
1472,stem,28,25
1473,substances,28,21
1474,subtropical,28,12
1475,suspension,28,20
1476,absorbed,27,25
1477,aircraft,27,6
1478,atom,27,16
1479,belongs,27,27
1480,cad,27,26
1481,caused,27,27
1482,collected,27,20
1483,contain,27,26
1484,corn,27,17
1485,dac,27,27
1486,date,27,22
1487,dimensions,27,27
1488,distinct,27,24
1489,droplet,27,7
1490,efficiency,27,27
1491,eoc,27,19
1492,fully,27,25
1493,game,27,19
1494,illustrates,27,27
1495,mercury,27,7
1496,miles,27,14
1497,mountains,27,23
1498,nutrient,27,14
1499,oriented,27,24
1500,performed,27,27
1501,periods,27,24
1502,plain,27,23
1503,plan,27,24
1504,plasmid,27,14
1505,play,27,27
1506,provide,27,26
1507,race,27,14
1508,release,27,24
1509,rheostat,27,19
1510,role,27,27
1511,sector,27,23
1512,self,27,25
1513,sketch,27,27
1514,spectral,27,22
1515,stands,27,26
1516,touches,27,27
1517,transmitted,27,20
1518,vacuum,27,25
1519,winding,27,15
1520,abcdef,26,23
1521,able,26,26
1522,amplification,26,19
1523,analysis,26,26
1524,apple,26,12
1525,axle,26,16
1526,bacteria,26,14
1527,calculated,26,24
1528,cases,26,14
1529,ch3,26,7
1530,climatic,26,26
1531,containers,26,16
1532,cost,26,21
1533,dbc,26,26
1534,develop,26,24
1535,divides,26,26
1536,electrophoresis,26,17
1537,enough,26,24
1538,enthalpy,26,7
1539,fog,26,14
1540,gray,26,17
1541,heart,26,16
1542,highway,26,16
1543,isotherm,26,22
1544,itself,26,25
1545,labor,26,19
1546,landform,26,21
1547,laser,26,9
1548,later,26,26
1549,male,26,21
1550,meteorological,26,18
1551,overall,26,25
1552,passed,26,25
1553,photograph,26,18
1554,pqrs,26,20
1555,pure,26,23
1556,ramp,26,13
1557,reflect,26,26
1558,restriction,26,16
1559,rice,26,12
1560,safety,26,16
1561,schematically,26,26
1562,successfully,26,22
1563,symbol,26,21
1564,upwards,26,25
1565,usually,26,24
1566,view,26,25
1567,xiao,26,18
1568,abco,25,18
1569,algae,25,25
1570,amino,25,13
1571,ampicillin,25,7
1572,ancient,25,21
1573,august,25,24
1574,automobile,25,16
1575,bce,25,25
1576,blood,25,17
1577,collide,25,21
1578,compounds,25,24
1579,crossed,25,18
1580,delay,25,19
1581,desertification,25,9
1582,designed,25,25
1583,dioxide,25,20
1584,emits,25,23
1585,evaporation,25,15
1586,garden,25,18
1587,inequalities,25,25
1588,injected,25,22
1589,investigation,25,24
1590,islands,25,19
1591,jump,25,17
1592,kinds,25,24
1593,leaving,25,23
1594,legs,25,24
1595,max,25,14
1596,mid,25,25
1597,mutant,25,14
1598,photosynthesis,25,20
1599,poured,25,10
1600,prices,25,21
1601,provinces,25,23
1602,pump,25,10
1603,reflects,25,25
1604,satisfies,25,24
1605,scientific,25,21
1606,shorter,25,24
1607,similarity,25,22
1608,switching,25,24
1609,temperatures,25,22
1610,thick,25,24
1611,transparent,25,17
1612,wound,25,20
1613,abcde,24,20
1614,activities,24,23
1615,actual,24,22
1616,aef,24,23
1617,celestial,24,13
1618,centripetal,24,18
1619,clear,24,23
1620,co2,24,13
1621,completed,24,19
1622,correctly,24,23
1623,demand,24,17
1624,disasters,24,23
1625,draws,24,20
1626,electromagnetic,24,14
1627,elliptical,24,16
1628,equator,24,21
1629,established,24,22
1630,exist,24,23
1631,female,24,16
1632,global,24,22
1633,growing,24,19
1634,haze,24,11
1635,interference,24,15
1636,inverter,24,20
1637,june,24,22
1638,longest,24,24
1639,million,24,20
1640,minutes,24,21
1641,mode,24,23
1642,nerve,24,12
1643,operational,24,22
1644,pacific,24,21
1645,parameter,24,23
1646,paths,24,23
1647,pictured,24,24
1648,positively,24,23
1649,prevailing,24,18
1650,prevent,24,21
1651,provincial,24,20
1652,pull,24,21
1653,readings,24,20
1654,recessive,24,21
1655,residential,24,16
1656,rigid,24,20
1657,rotational,24,18
1658,seawater,24,17
1659,signals,24,16
1660,solstice,24,20
1661,split,24,19
1662,sunlight,24,19
1663,terminator,24,20
1664,tourism,24,18
1665,transferred,24,21
1666,translated,24,21
1667,turned,24,19
1668,volumes,24,22
1669,wild,24,16
1670,animals,23,19
1671,better,23,20
1672,children,23,15
1673,commercial,23,19
1674,comparison,23,23
1675,culture,23,12
1676,dart,23,10
1677,dependency,23,11
1678,drawing,23,22
1679,egg,23,17
1680,evolution,23,22
1681,insulated,23,21
1682,joined,23,22
1683,layers,23,19
1684,maintain,23,23
1685,matrix,23,16
1686,negatively,23,23
1687,orbits,23,19
1688,organic,23,12
1689,passenger,23,12
1690,reached,23,23
1691,regarding,23,23
1692,resultant,23,20
1693,return,23,23
1694,root,23,18
1695,sand,23,16
1696,sites,23,17
1697,strings,23,15
1698,sub,23,20
1699,sunset,23,21
1700,surrounding,23,22
1701,tiangong,23,12
1702,torque,23,22
1703,trends,23,23
1704,true,23,23
1705,unity,23,22
1706,voltages,23,21
1707,wheat,23,16
1708,window,23,12
1709,wing,23,10
1710,ambient,22,9
1711,bias,22,18
1712,boiling,22,17
1713,code,22,17
1714,concentrations,22,20
1715,constraints,22,22
1716,consume,22,22
1717,create,22,22
1718,deceleration,22,17
1719,downwards,22,20
1720,endpoints,22,20
1721,entry,22,9
1722,expressions,22,21
1723,flag,22,14
1724,flagpole,22,10
1725,formula,22,18
1726,gets,22,20
1727,gives,22,22
1728,glucose,22,9
1729,identify,22,22
1730,inputs,22,21
1731,investment,22,14
1732,kangaroo,22,14
1733,kept,22,22
1734,know,22,22
1735,lane,22,9
1736,machine,22,15
1737,minimized,22,22
1738,mixed,22,12
1739,neighbouring,22,16
1740,octagon,22,17
1741,poles,22,19
1742,rainfall,22,15
1743,rapid,22,22
1744,reasonable,22,22
1745,received,22,18
1746,relation,22,19
1747,respiration,22,16
1748,ropes,22,17
1749,scientists,22,18
1750,sound,22,5
1751,stream,22,10
1752,transformation,22,22
1753,valley,22,16
1754,wxyz,22,20
1755,achieve,21,21
1756,adult,21,21
1757,ahead,21,17
1758,aluminum,21,13
1759,apb,21,15
1760,behavior,21,19
1761,bird,21,17
1762,butterfly,21,18
1763,chromosome,21,11
1764,class,21,15
1765,colored,21,17
1766,compound,21,18
1767,concentric,21,16
1768,cookies,21,3
1769,decelerated,21,17
1770,december,21,21
1771,deflection,21,17
1772,determined,21,21
1773,dielectric,21,11
1774,discharge,21,17
1775,driving,21,19
1776,dryer,21,5
1777,empty,21,18
1778,exchange,21,14
1779,eye,21,15
1780,flops,21,19
1781,forecast,21,20
1782,fourier,21,19
1783,frictionless,21,16
1784,general,21,21
1785,graphic,21,21
1786,guangzhou,21,14
1787,guide,21,9
1788,heated,21,16
1789,hitting,21,21
1790,hung,21,14
1791,hydrological,21,14
1792,hydropower,21,12
1793,ignore,21,21
1794,infinitely,21,18
1795,labelled,21,18
1796,logical,21,20
1797,modulation,21,18
1798,photosynthetic,21,14
1799,pqr,21,20
1800,randomly,21,21
1801,runs,21,16
1802,showing,21,21
1803,sided,21,19
1804,support,21,21
1805,textual,21,21
1806,tourist,21,13
1807,towns,21,17
1808,2no,20,11
1809,airplane,20,11
1810,alleles,20,11
1811,amperes,20,20
1812,applies,20,19
1813,appropriate,20,19
1814,bacterial,20,15
1815,bmatrix,20,6
1816,butane,20,6
1817,cdef,20,13
1818,collisions,20,14
1819,conductive,20,14
1820,configuration,20,18
1821,convex,20,18
1822,county,20,16
1823,course,20,20
1824,cubic,20,17
1825,cup,20,9
1826,dates,20,16
1827,decelerate,20,16
1828,defg,20,15
1829,dissipated,20,18
1830,earlier,20,19
1831,europe,20,18
1832,expected,20,17
1833,experiences,20,19
1834,factories,20,18
1835,flowering,20,9
1836,flowers,20,13
1837,fundamental,20,20
1838,gap,20,15
1839,hexagons,20,13
1840,inch,20,16
1841,incline,20,13
1842,isotherms,20,19
1843,joining,20,18
1844,kite,20,12
1845,lattice,20,17
1846,leading,20,17
1847,migration,20,13
1848,ming,20,14
1849,molecular,20,15
1850,multi,20,14
1851,october,20,19
1852,organ,20,20
1853,orientation,20,17
1854,originally,20,20
1855,patterns,20,14
1856,perfectly,20,20
1857,physical,20,20
1858,portion,20,19
1859,rear,20,11
1860,receives,20,18
1861,ripple,20,18
1862,rms,20,19
1863,scores,20,15
1864,seed,20,12
1865,southeast,20,19
1866,stability,20,18
1867,supplied,20,20
1868,took,20,20
1869,transform,20,18
1870,turning,20,13
1871,varies,20,19
1872,viewed,20,19
1873,walk,20,17
1874,wet,20,10
1875,acts,19,19
1876,addition,19,18
1877,amp,19,19
1878,appears,19,17
1879,basic,19,19
1880,birth,19,16
1881,bob,19,10
1882,camera,19,8
1883,cargo,19,6
1884,carrier,19,16
1885,chengdu,19,14
1886,chongqing,19,14
1887,cluster,19,15
1888,coefficients,19,19
1889,coin,19,7
1890,coins,19,8
1891,coli,19,11
1892,colours,19,12
1893,currently,19,18
1894,died,19,19
1895,divisible,19,14
1896,docking,19,9
1897,dominoes,19,6
1898,early,19,16
1899,endpoint,19,18
1900,enzymes,19,11
1901,factory,19,16
1902,fast,19,17
1903,future,19,19
1904,gases,19,16
1905,geographic,19,19
1906,golden,19,11
1907,hcl,19,18
1908,hemoglobin,19,11
1909,illumination,19,18
1910,interaction,19,15
1911,keeping,19,19
1912,laid,19,19
1913,maximized,19,18
1914,molar,19,17
1915,ningxia,19,14
1916,northwest,19,17
1917,octahedron,19,8
1918,particular,19,19
1919,peter,19,13
1920,police,19,3
1921,property,19,19
1922,quadrilaterals,19,16
1923,quiescent,19,16
1924,reduced,19,19
1925,reduction,19,11
1926,relativistic,19,12
1927,seeds,19,12
1928,semiconductor,19,12
1929,september,19,19
1930,sign,19,14
1931,simplified,19,19
1932,solve,19,19
1933,stored,19,17
1934,supporting,19,18
1935,tracks,19,11
1936,village,19,11
1937,volt,19,15
1938,wedge,19,7
1939,wheels,19,15
1940,acids,18,15
1941,additional,18,18
1942,aec,18,18
1943,affect,18,18
1944,agar,18,10
1945,aligned,18,17
1946,anomaly,18,8
1947,available,18,16
1948,baffle,18,8
1949,balanced,18,17
1950,basket,18,8
1951,bounded,18,18
1952,cabin,18,5
1953,carnivore,18,18
1954,centroid,18,18
1955,charts,18,15
1956,chromosomes,18,17
1957,closely,18,18
1958,combine,18,18
1959,concentrated,18,16
1960,creating,18,17
1961,dam,18,12
1962,decreased,18,18
1963,design,18,16
1964,domino,18,4
1965,earthquake,18,7
1966,eats,18,18
1967,electronic,18,14
1968,emergency,18,11
1969,erosion,18,11
1970,ethylene,18,5
1971,exact,18,18
1972,extending,18,17
1973,facing,18,14
1974,feeds,18,18
1975,flesh,18,9
1976,gel,18,9
1977,grade,18,10
1978,house,18,12
1979,humans,18,17
1980,hydroxide,18,13
1981,infer,18,18
1982,interactions,18,18
1983,intersections,18,18
1984,march,18,16
1985,meeting,18,13
1986,minor,18,17
1987,mount,18,8
1988,november,18,18
1989,occurrence,18,18
1990,outputs,18,15
1991,patient,18,9
1992,performance,18,15
1993,pistons,18,4
1994,proposed,18,18
1995,quantities,18,14
1996,quickly,18,18
1997,reduce,18,17
1998,reference,18,17
1999,regression,18,14
2000,regulator,18,17
2001,relevant,18,18
2002,removing,18,12
2003,resistances,18,18
2004,rim,18,13
2005,ripening,18,10
2006,running,18,15
2007,shift,18,14
2008,spacing,18,18
2009,started,18,17
2010,statistic,18,18
2011,stick,18,13
2012,street,18,8
2013,suburbs,18,14
2014,sums,18,14
2015,supplies,18,17
2016,systems,18,17
2017,tangency,18,17
2018,tarim,18,11
2019,transverse,18,17
2020,typical,18,18
2021,workers,18,14
2022,agglomeration,17,14
2023,birds,17,14
2024,breaks,17,10
2025,cloud,17,13
2026,community,17,16
2027,company,17,13
2028,comparing,17,17
2029,compressed,17,13
2030,conduct,17,17
2031,conducted,17,17
2032,dab,17,17
2033,describes,17,16
2034,differential,17,13
2035,dotted,17,15
2036,engine,17,9
2037,eof,17,16
2038,experience,17,16
2039,extract,17,10
2040,favorable,17,17
2041,feed,17,17
2042,fig,17,7
2043,flight,17,15
2044,geometric,17,13
2045,greatly,17,17
2046,herbivore,17,17
2047,hinge,17,8
2048,however,17,17
2049,hyperbolic,17,11
2050,include,17,17
2051,insect,17,15
2052,jiangsu,17,13
2053,latitudes,17,16
2054,look,17,16
2055,lost,17,15
2056,maps,17,14
2057,mechanism,17,14
2058,metres,17,13
2059,monochromatic,17,13
2060,months,17,16
2061,observatory,17,7
2062,obvious,17,17
2063,opamp,17,15
2064,operates,17,17
2065,orange,17,11
2066,pcr,17,12
2067,player,17,11
2068,precisely,17,17
2069,qinghai,17,9
2070,rates,17,15
2071,reactance,17,13
2072,refraction,17,11
2073,sampling,17,15
2074,service,17,14
2075,shandong,17,12
2076,smoothly,17,16
2077,spaced,17,16
2078,stacked,17,17
2079,swing,17,10
2080,symmetrical,17,17
2081,traits,17,12
2082,vector,17,13
2083,went,17,17
2084,10m,16,14
2085,abscissa,16,16
2086,accelerate,16,16
2087,accompanying,16,16
2088,administrative,16,13
2089,advantages,16,15
2090,airflow,16,14
2091,analytic,16,16
2092,april,16,12
2093,autonomous,16,15
2094,behind,16,15
2095,biological,16,12
2096,centimetres,16,16
2097,classified,16,12
2098,colliding,16,16
2099,columns,16,14
2100,computer,16,12
2101,connection,16,14
2102,created,16,16
2103,dec,16,15
2104,depends,16,16
2105,detection,16,14
2106,district,16,5
2107,division,16,10
2108,door,16,5
2109,economy,16,13
2110,equipment,16,14
2111,evacuated,16,16
2112,exceed,16,15
2113,exploration,16,14
2114,extensions,16,16
2115,filament,16,8
2116,fresh,16,10
2117,genotypes,16,14
2118,goods,16,8
2119,gradient,16,10
2120,hemispherical,16,9
2121,hint,16,15
2122,indicator,16,15
2123,inferred,16,16
2124,jumping,16,10
2125,laundry,16,4
2126,means,16,15
2127,mirror,16,12
2128,morning,16,14
2129,movable,16,15
2130,notices,16,15
2131,obc,16,16
2132,observer,16,5
2133,occurring,16,16
2134,oscillation,16,11
2135,oscillator,16,15
2136,outlet,16,10
2137,plans,16,16
2138,positioned,16,15
2139,prepared,16,16
2140,processes,16,16
2141,proportionality,16,14
2142,recorded,16,16
2143,reflective,16,4
2144,resistive,16,16
2145,reverse,16,12
2146,rows,16,14
2147,rubber,16,8
2148,satisfying,16,16
2149,score,16,13
2150,serial,16,13
2151,sets,16,15
2152,shenzhou,16,10
2153,shot,16,10
2154,significance,16,16
2155,spiral,16,7
2156,statistics,16,16
2157,stiffness,16,16
2158,structural,16,16
2159,synthesis,16,15
2160,tangents,16,16
2161,tennis,16,4
2162,throws,16,15
2163,thrust,16,10
2164,touching,16,16
2165,transformed,16,16
2166,trees,16,13
2167,undergoing,16,15
2168,variables,16,16
2169,vegetable,16,11
2170,worker,16,6
2171,yunnan,16,14
2172,zoning,16,16
2173,12v,15,15
2174,accelerations,15,15
2175,acute,15,13
2176,aefg,15,11
2177,anna,15,9
2178,astronaut,15,9
2179,autosomal,15,13
2180,avoid,15,12
2181,backboard,15,4
2182,bank,15,13
2183,beaker,15,7
2184,bec,15,14
2185,begin,15,14
2186,brick,15,11
2187,broken,15,14
2188,bug,15,7
2189,bullet,15,4
2190,cae,15,15
2191,catches,15,12
2192,chords,15,13
2193,closing,15,14
2194,collection,15,8
2195,consumers,15,13
2196,continue,15,15
2197,controlling,15,11
2198,corridor,15,10
2199,critical,15,11
2200,dense,15,12
2201,detected,15,11
2202,devices,15,12
2203,dimensional,15,15
2204,doing,15,14
2205,downstream,15,11
2206,droplets,15,7
2207,dust,15,9
2208,eac,15,13
2209,easily,15,14
2210,eat,15,14
2211,embankment,15,7
2212,evening,15,15
2213,evidence,15,13
2214,fibers,15,10
2215,fruits,15,6
2216,genotype,15,12
2217,going,15,15
2218,hall,15,6
2219,holds,15,15
2220,implemented,15,15
2221,independent,15,15
2222,independently,15,15
2223,insects,15,11
2224,installed,15,14
2225,led,15,12
2226,lift,15,13
2227,lima,15,7
2228,marks,15,12
2229,massless,15,15
2230,mathematical,15,14
2231,meets,15,14
2232,momentum,15,10
2233,mos,15,12
2234,mouse,15,14
2235,northeast,15,15
2236,nymph,15,13
2237,offspring,15,13
2238,operate,15,15
2239,oxide,15,14
2240,pab,15,15
2241,periodic,15,13
2242,petroleum,15,12
2243,phone,15,6
2244,presence,15,15
2245,probe,15,11
2246,provides,15,15
2247,pulleys,15,9
2248,push,15,13
2249,remove,15,11
2250,replaced,15,15
2251,resistivity,15,15
2252,rolling,15,12
2253,routes,15,15
2254,saw,15,13
2255,settlement,15,10
2256,showed,15,14
2257,sine,15,14
2258,sitting,15,10
2259,ski,15,9
2260,storage,15,12
2261,structures,15,15
2262,studied,15,15
2263,studying,15,15
2264,superconducting,15,6
2265,textile,15,11
2266,thyristor,15,7
2267,timing,15,15
2268,tributary,15,8
2269,trolley,15,5
2270,uncharged,15,15
2271,unshaded,15,15
2272,upstream,15,11
2273,vapor,15,13
2274,visible,15,13
2275,word,15,11
2276,writes,15,14
2277,yes,15,15
2278,allelic,14,8
2279,arrangement,14,13
2280,bands,14,9
2281,bandwidth,14,11
2282,baseband,14,13
2283,bef,14,14
2284,bode,14,13
2285,border,14,11
2286,bright,14,10
2287,brown,14,10
2288,capacitors,14,12
2289,cardiac,14,11
2290,cbe,14,12
2291,chi,14,14
2292,circumscribed,14,14
2293,colors,14,13
2294,competent,14,7
2295,composite,14,12
2296,compression,14,11
2297,converted,14,12
2298,costs,14,12
2299,crosswalk,14,3
2300,cuts,14,13
2301,cutting,14,11
2302,decompose,14,14
2303,drew,14,14
2304,eggs,14,11
2305,electrode,14,9
2306,elongation,14,10
2307,export,14,9
2308,farthest,14,13
2309,few,14,14
2310,fiber,14,12
2311,filling,14,13
2312,fine,14,14
2313,fishing,14,7
2314,folds,14,13
2315,follow,14,14
2316,gates,14,12
2317,gently,14,12
2318,geography,14,14
2319,groundwater,14,11
2320,hairless,14,3
2321,hereditary,14,11
2322,improve,14,14
2323,incidence,14,11
2324,india,14,12
2325,interest,14,14
2326,introduced,14,13
2327,inverting,14,12
2328,investigate,14,14
2329,kangaroos,14,7
2330,keeps,14,14
2331,kilometer,14,12
2332,kingdom,14,11
2333,lighter,14,9
2334,losses,14,13
2335,mainland,14,11
2336,maintains,14,12
2337,matches,14,12
2338,members,14,10
2339,mhz,14,10
2340,minute,14,11
2341,monkey,14,4
2342,mutual,14,14
2343,navigation,14,12
2344,nearly,14,14
2345,neutral,14,14
2346,permafrost,14,7
2347,phenotypes,14,10
2348,planned,14,14
2349,policy,14,10
2350,pollen,14,9
2351,pool,14,5
2352,potentials,14,13
2353,previous,14,13
2354,problems,14,14
2355,realized,14,14
2356,reducing,14,10
2357,referred,14,14
2358,respective,14,14
2359,rocket,14,8
2360,rolled,14,14
2361,rolls,14,14
2362,satellites,14,10
2363,scales,14,10
2364,separately,14,14
2365,sized,14,14
2366,spot,14,11
2367,strategy,14,13
2368,strongest,14,14
2369,subjected,14,13
2370,sunshine,14,9
2371,swings,14,12
2372,taut,14,11
2373,throwing,14,9
2374,tons,14,11
2375,tropical,14,12
2376,vegetables,14,12
2377,week,14,12
2378,weights,14,8
2379,yield,14,11
2380,ability,13,12
2381,absorption,13,7
2382,adding,13,13
2383,affects,13,13
2384,antarctic,13,13
2385,aquatic,13,12
2386,aspect,13,13
2387,associated,13,11
2388,astronomical,13,8
2389,barrel,13,6
2390,becoming,13,11
2391,bigger,13,11
2392,biggest,13,13
2393,brain,13,12
2394,breeding,13,11
2395,bring,13,13
2396,canada,13,9
2397,catch,13,12
2398,cents,13,4
2399,chose,13,7
2400,complex,13,11
2401,conduction,13,11
2402,contents,13,13
2403,daytime,13,13
2404,deep,13,13
2405,deposition,13,12
2406,differentiation,13,12
2407,dining,13,3
2408,dipole,13,7
2409,dissipation,13,10
2410,drought,13,8
2411,emission,13,12
2412,entered,13,12
2413,equations,13,13
2414,eventually,13,13
2415,fan,13,5
2416,flying,13,11
2417,football,13,5
2418,further,13,13
2419,gold,13,8
2420,han,13,8
2421,heights,13,11
2422,hollow,13,12
2423,home,13,11
2424,incenter,13,13
2425,inextensible,13,13
2426,intermolecular,13,13
2427,joule,13,13
2428,lights,13,10
2429,lithosphere,13,11
2430,logo,13,8
2431,mars,13,4
2432,measurements,13,13
2433,medians,13,13
2434,mother,13,8
2435,norway,13,5
2436,npn,13,12
2437,odd,13,12
2438,own,13,12
2439,partially,13,11
2440,permeability,13,11
2441,placing,13,13
2442,png,13,13
2443,projection,13,11
2444,reasons,13,13
2445,remote,13,12
2446,rocks,13,13
2447,rst,13,12
2448,run,13,12
2449,salt,13,9
2450,sampled,13,11
2451,seasons,13,13
2452,sec,13,11
2453,selection,13,12
2454,significantly,13,12
2455,situated,13,13
2456,soft,13,13
2457,southwest,13,13
2458,spokes,13,7
2459,statements,13,12
2460,sulfate,13,11
2461,surrounded,13,11
2462,teacher,13,12
2463,territory,13,13
2464,thereby,13,13
2465,therefore,13,13
2466,tibet,13,10
2467,tile,13,10
2468,trisection,13,12
2469,trunk,13,7
2470,versus,13,13
2471,x0008,13,12
2472,xiaoming,13,11
2473,abf,12,11
2474,actively,12,12
2475,adjoining,12,12
2476,allele,12,8
2477,american,12,11
2478,amusement,12,12
2479,arid,12,10
2480,artificial,12,12
2481,atm,12,11
2482,bae,12,12
2483,baf,12,12
2484,bars,12,5
2485,became,12,10
2486,biased,12,12
2487,billboard,12,3
2488,bits,12,11
2489,bohai,12,8
2490,books,12,5
2491,bounces,12,12
2492,boundaries,12,8
2493,boxes,12,7
2494,branches,12,11
2495,brazil,12,9
2496,bricks,12,7
2497,cdb,12,11
2498,century,12,12
2499,circuited,12,11
2500,conclusion,12,12
2501,confidence,12,12
2502,count,12,11
2503,crane,12,6
2504,crosses,12,7
2505,cultivation,12,12
2506,curvature,12,7
2507,darth,12,3
2508,depict,12,12
2509,desert,12,12
2510,diamond,12,12
2511,differ,12,12
2512,doping,12,7
2513,drainage,12,11
2514,drops,12,11
2515,exert,12,9
2516,explore,12,12
2517,exposed,12,10
2518,fastest,12,12
2519,february,12,12
2520,fed,12,12
2521,finite,12,11
2522,fountain,12,3
2523,fringe,12,9
2524,got,12,4
2525,grape,12,8
2526,grasshopper,12,12
2527,gun,12,10
2528,him,12,9
2529,hold,12,11
2530,hybridization,12,9
2531,income,12,8
2532,inductive,12,12
2533,influencing,12,12
2534,inherited,12,12
2535,instead,12,12
2536,internally,12,8
2537,jilin,12,7
2538,john,12,7
2539,judged,12,12
2540,laboratory,12,10
2541,lander,12,6
2542,larva,12,11
2543,leg,12,11
2544,link,12,11
2545,loess,12,9
2546,lossless,12,12
2547,magic,12,8
2548,measurement,12,12
2549,metabolic,12,10
2550,mouth,12,10
2551,municipality,12,8
2552,nyquist,12,8
2553,observe,12,12
2554,oleic,12,2
2555,paint,12,7
2556,pearl,12,10
2557,performs,12,12
2558,phenotype,12,8
2559,planes,12,11
2560,producers,12,12
2561,prove,12,12
2562,railways,12,9
2563,ranging,12,12
2564,reciprocal,12,10
2565,reflection,12,11
2566,ride,12,7
2567,roads,12,10
2568,rpm,12,8
2569,said,12,11
2570,sandstorms,12,8
2571,seat,12,9
2572,sensor,12,10
2573,shaft,12,9
2574,shooting,12,10
2575,sichuan,12,9
2576,solubility,12,12
2577,stand,12,8
2578,status,12,12
2579,stones,12,6
2580,substrate,12,12
2581,sucrose,12,5
2582,switches,12,12
2583,tail,12,10
2584,trapezoids,12,9
2585,trigger,12,10
2586,triggered,12,11
2587,trophic,12,9
2588,vader,12,3
2589,valves,12,6
2590,walking,12,12
2591,warm,12,11
2592,waveforms,12,11
2593,wings,12,7
2594,2bc,11,11
2595,2nd,11,10
2596,abcdefgh,11,10
2597,abp,11,11
2598,absolute,11,10
2599,aco,11,7
2600,adjusting,11,10
2601,admittance,11,11
2602,aecf,11,9
2603,airbag,11,2
2604,airport,11,5
2605,annulus,11,4
2606,antarctica,11,11
2607,approaches,11,11
2608,ascent,11,9
2609,asia,11,11
2610,assembled,11,11
2611,balloons,11,7
2612,basis,11,11
2613,bca,11,11
2614,began,11,11
2615,bending,11,9
2616,beq,11,11
2617,beside,11,11
2618,bisecting,11,10
2619,bjt,11,8
2620,brake,11,10
2621,break,11,8
2622,bridges,11,7
2623,bubble,11,2
2624,buffer,11,9
2625,cardboard,11,4
2626,cathode,11,9
2627,cdf,11,11
2628,chromatography,11,7
2629,clothing,11,9
2630,cof,11,11
2631,coleoptile,11,3
2632,commodity,11,7
2633,commonly,11,11
2634,competition,11,10
2635,cooling,11,5
2636,correlation,11,10
2637,cosmic,11,9
2638,dcb,11,10
2639,decomposition,11,10
2640,deer,11,11
2641,delivered,11,11
2642,demonstration,11,11
2643,denotes,11,11
2644,derive,11,10
2645,detergent,11,4
2646,dictionary,11,1
2647,disc,11,6
2648,discovered,11,11
2649,discrete,11,11
2650,display,11,8
2651,dropped,11,7
2652,ead,11,11
2653,eastward,11,8
2654,edc,11,9
2655,enamel,11,4
2656,encloses,11,10
2657,equipped,11,11
2658,escape,11,4
2659,eta,11,11
2660,exam,11,9
2661,excited,11,11
2662,exiting,11,9
2663,experiments,11,11
2664,faced,11,11
2665,feature,11,11
2666,fitted,11,11
2667,fluorescent,11,10
2668,foreign,11,10
2669,freight,11,8
2670,frequencies,11,10
2671,fringes,11,5
2672,generating,11,11
2673,goalkeeper,11,5
2674,grassland,11,11
2675,grow,11,10
2676,guizhou,11,10
2677,hot,11,6
2678,includes,11,11
2679,inflow,11,10
2680,international,11,11
2681,isolines,11,11
2682,jiuquan,11,9
2683,judging,11,11
2684,landscapes,11,11
2685,lily,11,5
2686,links,11,9
2687,logistics,11,7
2688,margin,11,10
2689,minimal,11,10
2690,missing,11,11
2691,motorcycle,11,3
2692,mutation,11,11
2693,newly,11,11
2694,nor,11,11
2695,nuclear,11,9
2696,nucleus,11,9
2697,ocd,11,8
2698,ohm,11,10
2699,ones,11,10
2700,ordered,11,9
2701,oscillations,11,9
2702,outline,11,8
2703,page,11,10
2704,peat,11,2
2705,photographer,11,7
2706,phylogenetic,11,8
2707,prey,11,11
2708,promote,11,11
2709,protons,11,9
2710,public,11,10
2711,pumps,11,5
2712,purely,11,10
2713,purpose,11,11
2714,quadrants,11,10
2715,quantum,11,4
2716,rapidly,11,11
2717,regulated,11,9
2718,regulation,11,9
2719,relocation,11,5
2720,rendezvous,11,8
2721,rent,11,11
2722,report,11,9
2723,ridge,11,9
2724,rising,11,11
2725,roll,11,9
2726,rural,11,11
2727,sequential,11,11
2728,shared,11,11
2729,shares,11,9
2730,slightly,11,11
2731,snail,11,7
2732,southeastern,11,11
2733,special,11,11
2734,stars,11,7
2735,stuck,11,11
2736,sugar,11,10
2737,supports,11,7
2738,tensions,11,10
2739,theory,11,8
2740,thus,11,11
2741,tomato,11,5
2742,trade,11,10
2743,traditional,11,10
2744,varieties,11,9
2745,variety,11,8
2746,want,11,8
2747,wine,11,6
2748,withstand,11,9
2749,xyz,11,10
2750,young,11,11
2751,100m,10,9
2752,10v,10,10
2753,314t,10,7
2754,aba,10,3
2755,absorbs,10,10
2756,accident,10,10
2757,achieved,10,10
2758,adam,10,5
2759,aeb,10,10
2760,afb,10,10
2761,afc,10,10
2762,allowing,10,10
2763,allows,10,10
2764,although,10,10
2765,analyzed,10,10
2766,answers,10,9
2767,arctic,10,9
2768,argon,10,5
2769,arms,10,7
2770,asymptotic,10,10
2771,atlantic,10,10
2772,autumn,10,8
2773,bof,10,10
2774,book,10,6
2775,brightness,10,10
2776,brought,10,10
2777,cake,10,5
2778,call,10,10
2779,cat,10,5
2780,cbf,10,9
2781,ch3ch,10,7
2782,chloride,10,6
2783,chopper,10,9
2784,circuits,10,10
2785,coleoptiles,10,3
2786,coming,10,10
2787,communication,10,9
2788,cord,10,10
2789,cubical,10,7
2790,cuno,10,10
2791,darts,10,8
2792,declined,10,10
2793,departments,10,9
2794,dependence,10,10
2795,depicts,10,10
2796,desired,10,8
2797,desorption,10,2
2798,diaoyu,10,6
2799,displaced,10,7
2800,diurnal,10,9
2801,dividing,10,10
2802,diving,10,5
2803,dollars,10,9
2804,dome,10,4
2805,domestic,10,9
2806,drying,10,3
2807,dryness,10,4
2808,eab,10,10
2809,efc,10,8
2810,employees,10,7
2811,eod,10,10
2812,establish,10,10
2813,european,10,8
2814,extremely,10,10
2815,fifth,10,10
2816,fills,10,9
2817,flask,10,3
2818,gdp,10,5
2819,geostationary,10,5
2820,glasses,10,3
2821,glue,10,5
2822,grows,10,8
2823,hands,10,5
2824,helium,10,8
2825,help,10,10
2826,highly,10,10
2827,hpa,10,10
2828,hundred,10,10
2829,hypothesis,10,9
2830,images,10,8
2831,implement,10,10
2832,included,10,10
2833,inheritance,10,8
2834,inserted,10,7
2835,intensities,10,8
2836,interface,10,10
2837,intervals,10,10
2838,isobars,10,10
2839,jklm,10,10
2840,kunming,10,10
2841,laptop,10,5
2842,lateral,10,10
2843,lens,10,5
2844,locks,10,9
2845,males,10,8
2846,manner,10,10
2847,migrant,10,7
2848,mining,10,8
2849,modes,10,10
2850,moisture,10,7
2851,monsoon,10,10
2852,mosfet,10,7
2853,motionless,10,9
2854,nacl,10,6
2855,narrow,10,9
2856,neighbours,10,5
2857,nodes,10,9
2858,obviously,10,10
2859,package,10,2
2860,passage,10,8
2861,paul,10,6
2862,peptide,10,8
2863,permittivity,10,8
2864,phenomena,10,9
2865,pictures,10,8
2866,planks,10,3
2867,pointed,10,10
2868,produces,10,10
2869,propagates,10,9
2870,pushed,10,10
2871,raindrop,10,2
2872,rainy,10,9
2873,raised,10,10
2874,rapeseed,10,3
2875,rather,10,10
2876,receiving,10,9
2877,records,10,10
2878,reflex,10,8
2879,relaxed,10,7
2880,releases,10,9
2881,replace,10,10
2882,residues,10,4
2883,rides,10,6
2884,rightward,10,9
2885,roller,10,4
2886,russia,10,9
2887,safely,10,8
2888,samples,10,9
2889,saturated,10,9
2890,scheme,10,9
2891,select,10,9
2892,separates,10,8
2893,sequentially,10,10
2894,serve,10,10
2895,sex,10,9
2896,shale,10,9
2897,sharks,10,7
2898,shore,10,8
2899,simplicity,10,10
2900,sky,10,10
2901,sleeved,10,9
2902,slow,10,10
2903,snakes,10,10
2904,sofa,10,2
2905,somewhat,10,7
2906,soybean,10,6
2907,spectrometer,10,10
2908,spinning,10,10
2909,squared,10,10
2910,stabilization,10,8
2911,stack,10,6
2912,subsequently,10,10
2913,suburban,10,7
2914,successively,10,8
2915,sufficient,10,10
2916,super,10,3
2917,taiwan,10,9
2918,tertiary,10,10
2919,testing,10,9
2920,theorem,10,10
2921,thevenin,10,10
2922,thousand,10,10
2923,tightly,10,10
2924,tip,10,8
2925,toothpicks,10,4
2926,training,10,8
2927,transformers,10,10
2928,transported,10,10
2929,trapezium,10,7
2930,tray,10,6
2931,trip,10,10
2932,truth,10,8
2933,tungsten,10,4
2934,turbine,10,3
2935,twelve,10,7
2936,unfolded,10,10
2937,universe,10,6
2938,virtual,10,6
2939,volcanic,10,8
2940,wanted,10,8
2941,weigh,10,8
2942,wrapped,10,8
2943,wrote,10,10
2944,wuhan,10,7
2945,yeast,10,4
2946,accounts,9,8
2947,accumulated,9,6
2948,acf,9,9
2949,adithya,9,3
2950,adjust,9,9
2951,afe,9,9
2952,aged,9,5
2953,ants,9,7
2954,approximated,9,9
2955,arch,9,4
2956,arrives,9,9
2957,atomic,9,9
2958,automatic,9,9
2959,ayding,9,3
2960,bamboo,9,5
2961,beetle,9,9
2962,benefit,9,9
2963,bisect,9,9
2964,blowing,9,7
2965,bush,9,5
2966,button,9,7
2967,cancer,9,5
2968,cef,9,9
2969,charging,9,4
2970,chooses,9,7
2971,chute,9,1
2972,cmos,9,9
2973,cob,9,9
2974,combinations,9,8
2975,conductivity,9,9
2976,conductors,9,5
2977,consistent,9,8
2978,constraint,9,9
2979,coulomb,9,9
2980,counted,9,9
2981,covers,9,8
2982,crawls,9,7
2983,crossbeam,9,3
2984,curling,9,2
2985,department,9,8
2986,depend,9,9
2987,derivative,9,9
2988,deviates,9,9
2989,differentiable,9,9
2990,dissolved,9,4
2991,distilled,9,9
2992,drives,9,9
2993,elapsed,9,8
2994,elderly,9,6
2995,electrodes,9,8
2996,emit,9,9
2997,entries,9,6
2998,evaluate,9,8
2999,event,9,8
3000,excellent,9,9
3001,excess,9,8
3002,existing,9,9
3003,extinct,9,9
3004,eyes,9,7
3005,faster,9,9
3006,features,9,9
3007,fence,9,4
3008,flasks,9,7
3009,fleshed,9,2
3010,fragment,9,6
3011,freezing,9,8
3012,friends,9,4
3013,fujian,9,9
3014,gaps,9,6
3015,generations,9,8
3016,glacier,9,5
3017,gland,9,7
3018,goldfish,9,4
3019,government,9,9
3020,gpcr,9,5
3021,grams,9,7
3022,granite,9,6
3023,greenland,9,4
3024,guangdong,9,7
3025,guiding,9,6
3026,holding,9,8
3027,homogeneous,9,9
3028,iaa,9,3
3029,imaginary,9,9
3030,indicating,9,9
3031,inhibition,9,6
3032,insulin,9,4
3033,isobar,9,9
3034,isotope,9,8
3035,karnaugh,9,8
3036,kunlun,9,8
3037,labels,9,8
3038,laplace,9,9
3039,lead,9,9
3040,lhasa,9,5
3041,listed,9,9
3042,locus,9,7
3043,london,9,8
3044,looks,9,9
3045,luminous,9,5
3046,maintaining,9,9
3047,management,9,9
3048,manages,9,9
3049,maria,9,9
3050,match,9,7
3051,mineral,9,9
3052,mostly,9,9
3053,moths,9,3
3054,multinational,9,5
3055,multiplexer,9,9
3056,nearby,9,9
3057,neither,9,9
3058,nominal,9,9
3059,opens,9,6
3060,oscilloscope,9,7
3061,otherwise,9,9
3062,parabolic,9,7
3063,parents,9,9
3064,particulate,9,9
3065,peninsula,9,7
3066,pentagons,9,6
3067,peru,9,6
3068,physics,9,9
3069,pin,9,7
3070,pipes,9,2
3071,pivot,9,9
3072,plains,9,7
3073,planted,9,8
3074,prominent,9,9
3075,protective,9,7
3076,protractor,9,7
3077,pupa,9,9
3078,puts,9,8
3079,rabbit,9,9
3080,radians,9,7
3081,radio,9,7
3082,rare,9,6
3083,rating,9,8
3084,rectilinear,9,9
3085,referring,9,9
3086,reproductive,9,9
3087,rests,9,9
3088,returned,9,8
3089,rightmost,9,5
3090,rna,9,9
3091,roots,9,9
3092,rose,9,8
3093,rule,9,9
3094,ruler,9,8
3095,safe,9,7
3096,sales,9,5
3097,salinity,9,8
3098,scenario,9,8
3099,scr,9,4
3100,seedlings,9,7
3101,selector,9,4
3102,sheets,9,7
3103,shishi,9,3
3104,skateboard,9,2
3105,slip,9,9
3106,slipping,9,8
3107,sochi,9,3
3108,social,9,9
3109,spinal,9,5
3110,stain,9,5
3111,starch,9,4
3112,stay,9,9
3113,storehouse,9,3
3114,stretched,9,7
3115,subsequent,9,9
3116,successful,9,9
3117,successive,9,9
3118,summarized,9,9
3119,surroundings,9,6
3120,sustainable,9,9
3121,tap,9,5
3122,teaching,9,3
3123,technical,9,9
3124,temperate,9,9
3125,tengchong,9,6
3126,text,9,8
3127,thailand,9,6
3128,threaded,9,9
3129,throw,9,7
3130,tiled,9,6
3131,tom,9,6
3132,tourists,9,7
3133,traced,9,9
3134,treat,9,9
3135,treatment,9,8
3136,try,9,9
3137,tunnel,9,5
3138,underground,9,9
3139,underwater,9,6
3140,varying,9,8
3141,volcano,9,7
3142,weighing,9,8
3143,wilderness,9,3
3144,xijiang,9,3
3145,yuan,9,7
3146,zhongshan,9,6
3147,10k,8,8
3148,1st,8,5
3149,20x,8,6
3150,2ad,8,8
3151,abundant,8,8
3152,accurate,8,8
3153,activated,8,7
3154,adjustment,8,8
3155,adopted,8,8
3156,albinism,8,4
3157,alcohol,8,5
3158,algebraic,8,8
3159,allocation,8,6
3160,allow,8,8
3161,alternately,8,8
3162,altitudes,8,8
3163,amn,8,7
3164,apex,8,8
3165,apogee,8,6
3166,appeared,8,8
3167,armature,8,4
3168,arrange,8,7
3169,art,8,3
3170,asian,8,7
3171,athens,8,6
3172,beds,8,4
3173,besides,8,8
3174,biology,8,8
3175,biomass,8,5
3176,birthday,8,6
3177,blades,8,4
3178,boost,8,7
3179,booth,8,3
3180,bow,8,6
3181,boxplots,8,5
3182,breakdown,8,8
3183,buck,8,7
3184,calcium,8,4
3185,cape,8,4
3186,ced,8,8
3187,chips,8,4
3188,cmhg,8,5
3189,collinear,8,7
3190,comprehensive,8,8
3191,condensation,8,8
3192,coniferous,8,6
3193,continents,8,7
3194,continued,8,8
3195,contract,8,4
3196,conversion,8,8
3197,darkness,8,6
3198,dbce,8,8
3199,dbe,8,7
3200,decline,8,7
3201,decreasing,8,8
3202,deflected,8,7
3203,denmark,8,7
3204,denote,8,8
3205,depression,8,6
3206,dob,8,8
3207,dragonfly,8,8
3208,drilled,8,7
3209,driven,8,8
3210,drosophila,8,1
3211,dye,8,2
3212,dynamics,8,8
3213,dynasty,8,8
3214,efg,8,7
3215,electromagnet,8,4
3216,enclosure,8,2
3217,engaged,8,8
3218,eroded,8,6
3219,establishing,8,8
3220,evenly,8,7
3221,exceeds,8,8
3222,except,8,8
3223,excitation,8,8
3224,existence,8,8
3225,explanation,8,8
3226,eyed,8,3
3227,eyeless,8,2
3228,farmer,8,3
3229,farming,8,8
3230,feeding,8,8
3231,fewer,8,8
3232,fire,8,5
3233,firing,8,7
3234,fragments,8,6
3235,furnace,8,3
3236,gains,8,8
3237,garbage,8,3
3238,gev,8,1
3239,glued,8,7
3240,glume,8,2
3241,grounded,8,7
3242,hainan,8,4
3243,harbin,8,7
3244,headquarters,8,7
3245,hectares,8,8
3246,heihe,8,4
3247,hemispheres,8,5
3248,henan,8,6
3249,hexagonal,8,6
3250,hexi,8,5
3251,hidden,8,6
3252,hillside,8,5
3253,historical,8,7
3254,horse,8,7
3255,humidity,8,8
3256,hypothetical,8,8
3257,idea,8,8
3258,illuminated,8,6
3259,image2,8,8
3260,infection,8,6
3261,infinity,8,4
3262,inhalable,8,8
3263,inland,8,8
3264,insert,8,8
3265,integral,8,6
3266,integrated,8,8
3267,intersected,8,8
3268,involves,8,8
3269,isolated,8,8
3270,isoline,8,8
3271,jack,8,2
3272,jkl,8,7
3273,kanga,8,3
3274,lack,8,8
3275,laws,8,8
3276,lifting,8,7
3277,ligase,8,3
3278,lighthouse,8,3
3279,limiting,8,8
3280,list,8,6
3281,live,8,8
3282,living,8,8
3283,locally,8,8
3284,lorentz,8,7
3285,mature,8,8
3286,megacity,8,8
3287,melting,8,6
3288,mnpq,8,7
3289,monitored,8,8
3290,mosquito,8,8
3291,mover,8,1
3292,naturally,8,8
3293,nature,8,8
3294,necessarily,8,8
3295,needle,8,5
3296,never,8,8
3297,nitrogen,8,8
3298,notation,8,7
3299,nozzle,8,5
3300,nutrients,8,7
3301,observing,8,8
3302,occupied,8,8
3303,olympics,8,7
3304,operations,8,7
3305,optical,8,8
3306,ordinate,8,8
3307,organizes,8,8
3308,overcome,8,8
3309,partition,8,2
3310,pedestrian,8,3
3311,perfume,8,2
3312,phases,8,7
3313,physiological,8,8
3314,pigment,8,6
3315,planets,8,3
3316,plasma,8,6
3317,plastic,8,6
3318,plotted,8,8
3319,pointer,8,4
3320,polarity,8,8
3321,pollution,8,6
3322,polygons,8,8
3323,powered,8,8
3324,pressed,8,8
3325,properties,8,8
3326,qatar,8,3
3327,radian,8,6
3328,register,8,5
3329,relay,8,6
3330,repeated,8,8
3331,require,8,7
3332,requirements,8,8
3333,residents,8,7
3334,rhombuses,8,4
3335,ripened,8,8
3336,rodents,8,6
3337,rowing,8,3
3338,rules,8,8
3339,sat,8,8
3340,seal,8,8
3341,secretion,8,5
3342,semester,8,2
3343,sensitive,8,8
3344,severe,8,8
3345,shanxi,8,8
3346,shoots,8,8
3347,shortage,8,8
3348,silk,8,5
3349,sits,8,8
3350,sixth,8,8
3351,skin,8,4
3352,slab,8,5
3353,sliders,8,2
3354,someone,8,8
3355,southward,8,8
3356,spin,8,2
3357,spray,8,4
3358,staircase,8,4
3359,stimulated,8,4
3360,stopcocks,8,6
3361,strain,8,4
3362,strikes,8,7
3363,sulfur,8,8
3364,swinging,8,7
3365,switched,8,8
3366,tables,8,4
3367,tangentially,8,8
3368,tape,8,3
3369,testosterone,8,5
3370,tests,8,5
3371,thicker,8,8
3372,tilted,8,5
3373,timer,8,8
3374,toy,8,7
3375,transconductance,8,8
3376,transgenic,8,4
3377,transpiration,8,7
3378,triggering,8,8
3379,undertaking,8,6
3380,underwent,8,8
3381,union,8,8
3382,unique,8,8
3383,universal,8,6
3384,unstable,8,7
3385,utility,8,1
3386,valid,8,8
3387,venus,8,2
3388,vibrate,8,6
3389,visit,8,8
3390,volcanoes,8,7
3391,warning,8,6
3392,watershed,8,8
3393,weighs,8,6
3394,widely,8,8
3395,zhejiang,8,7
3396,zonal,8,8
3397,zooplankton,8,5
3398,2cd,7,7
3399,3ax,7,7
3400,3rd,7,7
3401,acc,7,3
3402,accelerator,7,6
3403,acetic,7,5
3404,acre,7,7
3405,adder,7,2
3406,additionally,7,7
3407,address,7,6
3408,adds,7,7
3409,adiabatic,7,7
3410,adjustable,7,7
3411,aging,7,3
3412,ago,7,7
3413,alexandria,7,2
3414,america,7,6
3415,ammeters,7,5
3416,analog,7,7
3417,ancestral,7,7
3418,anode,7,7
3419,antibiotic,7,7
3420,aobc,7,5
3421,ape,7,7
3422,apparent,7,6
3423,appliance,7,5
3424,aqueous,7,7
3425,arabidopsis,7,6
3426,arbitrary,7,7
3427,arithmetic,7,4
3428,ask,7,7
3429,association,7,7
3430,australia,7,6
3431,background,7,7
3432,badge,7,3
3433,banks,7,7
3434,bay,7,5
3435,bced,7,7
3436,bcf,7,7
3437,bda,7,7
3438,beams,7,5
3439,bedf,7,5
3440,beidou,7,4
3441,billiard,7,5
3442,blast,7,4
3443,blocked,7,5
3444,bodies,7,6
3445,bounce,7,6
3446,bouncing,7,7
3447,bound,7,7
3448,bowl,7,4
3449,bpc,7,7
3450,brand,7,6
3451,business,7,5
3452,came,7,7
3453,capita,7,7
3454,carbonic,7,7
3455,care,7,7
3456,carriers,7,5
3457,carts,7,3
3458,caught,7,4
3459,causal,7,7
3460,ceq,7,7
3461,cherenkov,7,1
3462,chip,7,5
3463,chocolate,7,4
3464,collapse,7,4
3465,collided,7,6
3466,colonies,7,5
3467,complementary,7,7
3468,connects,7,7
3469,conservancy,7,4
3470,contestant,7,1
3471,continuing,7,7
3472,conventional,7,7
3473,council,7,7
3474,couple,7,5
3475,covering,7,7
3476,daylight,7,7
3477,dca,7,6
3478,decelerates,7,6
3479,decided,7,7
3480,decision,7,5
3481,decomposer,7,7
3482,deflect,7,7
3483,delays,7,6
3484,densities,7,7
3485,descends,7,7
3486,detect,7,7
3487,detector,7,2
3488,diagonally,7,7
3489,difficulty,7,7
3490,dimers,7,5
3491,dish,7,5
3492,disinfection,7,2
3493,disks,7,2
3494,displays,7,6
3495,dissociation,7,7
3496,distant,7,7
3497,doc,7,7
3498,doctors,7,3
3499,dog,7,5
3500,dusk,7,6
3501,eaf,7,7
3502,earthworms,7,3
3503,ecf,7,6
3504,education,7,7
3505,effectively,7,7
3506,eighth,7,5
3507,employment,7,7
3508,energies,7,7
3509,entirely,7,7
3510,eratosthenes,7,2
3511,everywhere,7,7
3512,exceeded,7,7
3513,excessive,7,7
3514,exerts,7,5
3515,expansion,7,5
3516,expedition,7,6
3517,exploring,7,7
3518,extracts,7,7
3519,farther,7,7
3520,finish,7,6
3521,forests,7,7
3522,france,7,4
3523,gaussian,7,7
3524,generate,7,7
3525,generates,7,7
3526,grains,7,5
3527,graphed,7,7
3528,guangxi,7,7
3529,guppies,7,3
3530,hairy,7,3
3531,handle,7,4
3532,hanging,7,7
3533,hangs,7,6
3534,hard,7,5
3535,harvesting,7,7
3536,hawk,7,7
3537,healthy,7,5
3538,hearts,7,4
3539,helicopter,7,5
3540,highways,7,6
3541,homologous,7,6
3542,immediate,7,7
3543,incircle,7,6
3544,indian,7,7
3545,indicators,7,7
3546,indices,7,7
3547,inertia,7,7
3548,intercity,7,3
3549,invest,7,7
3550,joins,7,7
3551,journey,7,7
3552,jupiter,7,2
3553,kick,7,6
3554,lamps,7,4
3555,lightweight,7,7
3556,lives,7,6
3557,locomotion,7,6
3558,lti,7,7
3559,luggage,7,1
3560,lungs,7,6
3561,mat,7,2
3562,matched,7,6
3563,matchsticks,7,4
3564,member,7,6
3565,mentioned,7,5
3566,metamorphosis,7,7
3567,mev,7,3
3568,microsatellite,7,1
3569,mitochondria,7,4
3570,mongolia,7,7
3571,mountainous,7,7
3572,municipalities,7,6
3573,mutually,7,7
3574,nail,7,6
3575,neon,7,5
3576,nmos,7,7
3577,notch,7,4
3578,notches,7,4
3579,noticed,7,6
3580,oasis,7,6
3581,objective,7,7
3582,obliquely,7,7
3583,obstacle,7,5
3584,obstacles,7,5
3585,obtains,7,7
3586,olympic,7,7
3587,orbiting,7,6
3588,ore,7,4
3589,outflow,7,7
3590,overcoming,7,6
3591,pathogenic,7,7
3592,pbcl,7,3
3593,pbi,7,3
3594,perfect,7,6
3595,perigee,7,5
3596,petrochemical,7,5
3597,photos,7,5
3598,phytoplankton,7,7
3599,pilot,7,3
3600,playing,7,7
3601,polarized,7,5
3602,pollutant,7,5
3603,pollutants,7,7
3604,poor,7,7
3605,posture,7,3
3606,presented,7,7
3607,prior,7,7
3608,profiles,7,7
3609,progresses,7,7
3610,pulp,7,7
3611,purify,7,4
3612,purple,7,4
3613,puzzle,7,3
3614,qrst,7,7
3615,radial,7,7
3616,rainstorm,7,4
3617,rainwater,7,5
3618,raise,7,7
3619,reactions,7,7
3620,realize,7,7
3621,rebounds,7,6
3622,recording,7,3
3623,refracted,7,6
3624,repeating,7,7
3625,requires,7,7
3626,restore,7,7
3627,riverbank,7,5
3628,roo,7,3
3629,roundabout,7,2
3630,sailing,7,7
3631,saline,7,7
3632,salinization,7,7
3633,sarah,7,2
3634,satisfied,7,7
3635,scatter,7,7
3636,seasonally,7,5
3637,seats,7,5
3638,sectors,7,6
3639,security,7,7
3640,services,7,7
3641,sewer,7,3
3642,shading,7,5
3643,shorted,7,5
3644,shouguang,7,4
3645,silo,7,2
3646,silver,7,5
3647,similitude,7,6
3648,simplest,7,7
3649,sin,7,7
3650,situations,7,6
3651,slopes,7,6
3652,snake,7,6
3653,soap,7,2
3654,solute,7,2
3655,sowing,7,4
3656,specialized,7,4
3657,spent,7,5
3658,splits,7,5
3659,stamps,7,3
3660,sticks,7,6
3661,stopped,7,7
3662,strata,7,6
3663,streets,7,5
3664,supplying,7,7
3665,supported,7,7
3666,sweet,7,7
3667,tablecloth,7,3
3668,tall,7,6
3669,temple,7,3
3670,tested,7,7
3671,tetrahedron,7,6
3672,thermally,7,7
3673,tianzhou,7,4
3674,ton,7,6
3675,topmost,7,7
3676,transit,7,7
3677,travelling,7,6
3678,tried,7,7
3679,trout,7,7
3680,underlying,7,6
3681,understand,7,7
3682,undistorted,7,7
3683,unequal,7,7
3684,unreasonable,7,7
3685,variability,7,5
3686,vessel,7,5
3687,vial,7,7
3688,vibrating,7,6
3689,viewing,7,5
3690,vigorously,7,7
3691,visual,7,5
3692,washing,7,4
3693,waste,7,7
3694,wetland,7,5
3695,widespread,7,7
3696,xor,7,6
3697,yellowed,7,2
3698,yulin,7,5
3699,18th,6,6
3700,1970s,6,6
3701,20th,6,6
3702,2bd,6,6
3703,4mm,6,4
3704,5cm,6,5
3705,5th,6,5
3706,aabb,6,2
3707,abnormal,6,6
3708,abscisic,6,4
3709,account,6,6
3710,accounted,6,6
3711,act,6,6
3712,actually,6,6
3713,afterward,6,6
3714,ages,6,3
3715,alternator,6,5
3716,ancestor,6,4
3717,antisense,6,2
3718,anywhere,6,6
3719,aof,6,6
3720,apc,6,6
3721,apparatus,6,5
3722,appearance,6,6
3723,applying,6,6
3724,approximation,6,6
3725,aridity,6,2
3726,arrived,6,6
3727,assembly,6,5
3728,attain,6,5
3729,bag,6,3
3730,bags,6,3
3731,bcde,6,5
3732,bearing,6,6
3733,believed,6,6
3734,bell,6,2
3735,benefits,6,5
3736,bfc,6,6
3737,binding,6,6
3738,biprism,6,1
3739,boards,6,3
3740,bpd,6,6
3741,brands,6,2
3742,brighter,6,6
3743,bristle,6,2
3744,buildings,6,6
3745,buoyant,6,4
3746,camp,6,3
3747,cao,6,4
3748,capacitive,6,6
3749,capital,6,6
3750,carla,6,1
3751,caterpillar,6,5
3752,cda,6,6
3753,ces,6,5
3754,cfe,6,6
3755,chambers,6,3
3756,channels,6,4
3757,chloroplasts,6,6
3758,circumcenter,6,6
3759,cleavage,6,5
3760,cliff,6,6
3761,climates,6,6
3762,climbing,6,6
3763,climbs,6,6
3764,coasts,6,5
3765,colouring,6,6
3766,comparator,6,6
3767,cong,6,2
3768,connections,6,5
3769,constructing,6,5
3770,contacts,6,4
3771,converters,6,2
3772,cords,6,6
3773,cosine,6,6
3774,crate,6,2
3775,crest,6,6
3776,crustaceans,6,6
3777,ctp,6,5
3778,cuboid,6,4
3779,cumulative,6,6
3780,cyclic,6,5
3781,dajing,6,1
3782,death,6,6
3783,decade,6,5
3784,deficit,6,3
3785,define,6,6
3786,deformation,6,6
3787,depletion,6,6
3788,des,6,2
3789,detroit,6,6
3790,dies,6,6
3791,diffusion,6,5
3792,digestion,6,5
3793,directional,6,4
3794,disappearance,6,6
3795,disconnected,6,6
3796,diseases,6,6
3797,distinctive,6,6
3798,divider,6,5
3799,docks,6,6
3800,dongfanghong,6,3
3801,donor,6,6
3802,dove,6,2
3803,drain,6,3
3804,draughts,6,2
3805,drift,6,6
3806,ebc,6,6
3807,ecd,6,6
3808,efficient,6,6
3809,emerging,6,6
3810,employed,6,4
3811,encoded,6,5
3812,encoder,6,1
3813,encounter,6,5
3814,ending,6,6
3815,engineering,6,6
3816,entrance,6,5
3817,entropy,6,5
3818,equidistant,6,6
3819,equinox,6,5
3820,estimated,6,6
3821,ethanol,6,4
3822,etiolation,6,2
3823,events,6,6
3824,examine,6,6
3825,exercise,6,6
3826,exhaust,6,5
3827,expects,6,6
3828,expo,6,5
3829,exposure,6,5
3830,extensive,6,6
3831,extracted,6,5
3832,extreme,6,5
3833,false,6,5
3834,fbi,6,3
3835,females,6,5
3836,fit,6,6
3837,flea,6,6
3838,flexible,6,6
3839,focal,6,3
3840,former,6,6
3841,foundation,6,5
3842,fuji,6,3
3843,games,6,6
3844,gathered,6,5
3845,gear,6,5
3846,geopark,6,5
3847,germination,6,2
3848,giving,6,6
3849,graduated,6,3
3850,halves,6,3
3851,histogram,6,6
3852,hotan,6,4
3853,hydrochloric,6,6
3854,identity,6,6
3855,impacts,6,6
3856,injection,6,6
3857,ink,6,6
3858,insulator,6,5
3859,interacting,6,3
3860,internet,6,5
3861,invariant,6,6
3862,inverted,6,6
3863,issued,6,4
3864,item,6,6
3865,jujubes,6,4
3866,junctions,6,3
3867,kepler,6,5
3868,key,6,6
3869,kmol,6,2
3870,kolkata,6,6
3871,lab,6,5
3872,ladder,6,3
3873,ladybird,6,4
3874,landed,6,6
3875,launching,6,5
3876,lawn,6,3
3877,lay,6,4
3878,leakage,6,6
3879,lilly,6,1
3880,limb,6,4
3881,liter,6,2
3882,liters,6,6
3883,lived,6,5
3884,locational,6,6
3885,longitudinal,6,4
3886,looked,6,6
3887,looking,6,6
3888,machines,6,3
3889,maize,6,4
3890,man,6,6
3891,marbles,6,1
3892,maximize,6,6
3893,maximizes,6,4
3894,mayfly,6,6
3895,mcn,6,6
3896,mechanization,6,6
3897,meiosis,6,5
3898,metabolized,6,6
3899,michaelis,6,3
3900,minerals,6,6
3901,mixture,6,6
3902,mmhg,6,4
3903,mobility,6,5
3904,modulo,6,6
3905,moines,6,2
3906,moist,6,6
3907,mole,6,6
3908,moles,6,6
3909,monitor,6,6
3910,motions,6,6
3911,mounted,6,6
3912,multiplication,6,6
3913,munich,6,6
3914,natal,6,3
3915,natb,6,2
3916,nationwide,6,4
3917,neurons,6,5
3918,news,6,6
3919,northeastern,6,6
3920,oars,6,1
3921,obtaining,6,6
3922,oced,6,4
3923,octane,6,2
3924,outstanding,6,4
3925,overtake,6,1
3926,packed,6,4
3927,paints,6,4
3928,pamp,6,6
3929,parallelepiped,6,5
3930,patients,6,5
3931,paying,6,6
3932,performer,6,3
3933,permanent,6,5
3934,permittivities,6,6
3935,phasor,6,4
3936,photons,6,6
3937,pipeline,6,5
3938,plays,6,6
3939,plum,6,4
3940,polarizer,6,3
3941,polymerization,6,2
3942,ports,6,6
3943,potato,6,5
3944,powers,6,6
3945,pqmn,6,4
3946,predetermined,6,4
3947,primle,6,1
3948,pulses,6,6
3949,pumping,6,4
3950,qilin,6,3
3951,quantizer,6,3
3952,queqiao,6,1
3953,raccoon,6,3
3954,racing,6,2
3955,railgun,6,2
3956,ranking,6,3
3957,rational,6,6
3958,ratios,6,6
3959,reasonably,6,6
3960,receiver,6,6
3961,reduces,6,5
3962,rental,6,4
3963,repeats,6,6
3964,representing,6,6
3965,reproduction,6,5
3966,resistant,6,4
3967,responsible,6,6
3968,restoring,6,5
3969,revolutions,6,4
3970,ribbons,6,3
3971,rider,6,3
3972,rocky,6,2
3973,rotor,6,4
3974,sale,6,6
3975,scene,6,6
3976,scenic,6,4
3977,scored,6,2
3978,seals,6,5
3979,seater,6,1
3980,sense,6,6
3981,sensing,6,6
3982,sequences,6,6
3983,serious,6,6
3984,setting,6,3
3985,sexual,6,5
3986,shark,6,5
3987,shop,6,6
3988,shortened,6,6
3989,shrimp,6,6
3990,simulation,6,3
3991,siren,6,3
3992,slit,6,4
3993,soon,6,6
3994,spain,6,3
3995,span,6,6
3996,specimen,6,3
3997,specimens,6,3
3998,stomach,6,6
3999,stopping,6,6
4000,store,6,6
4001,storm,6,4
4002,strategic,6,4
4003,strictly,6,6
4004,stripes,6,6
4005,substitution,6,6
4006,superposition,6,6
4007,surplus,6,2
4008,survey,6,6
4009,suspend,6,6
4010,swims,6,2
4011,tanning,6,2
4012,taxi,6,1
4013,television,6,3
4014,thermistor,6,3
4015,tide,6,1
4016,tilt,6,5
4017,tortoise,6,3
4018,tour,6,2
4019,transcription,6,4
4020,trolleys,6,2
4021,truncated,6,2
4022,tsunami,6,6
4023,twenty,6,5
4024,ultrasonic,6,1
4025,uninhabited,6,6
4026,user,6,4
4027,vary,6,6
4028,vestigial,6,4
4029,views,6,5
4030,washington,6,4
4031,wastelands,6,3
4032,westerlies,6,3
4033,wetted,6,3
4034,windings,6,5
4035,women,6,5
4036,wood,6,5
4037,worst,6,4
4038,wrong,6,6
4039,yet,6,6
4040,yizhuang,6,4
4041,zhangmu,6,5
4042,zoo,6,3
4043,1980s,5,5
4044,1cm,5,5
4045,20k,5,5
4046,220v,5,5
4047,abde,5,4
4048,abef,5,5
4049,absence,5,5
4050,absorb,5,5
4051,acde,5,5
4052,acetyl,5,4
4053,acrobat,5,4
4054,acted,5,5
4055,adapted,5,5
4056,adders,5,5
4057,adef,5,5
4058,adf,5,5
4059,administration,5,3
4060,adults,5,3
4061,advanced,5,4
4062,aeg,5,4
4063,affinity,5,5
4064,aforementioned,5,4
4065,agave,5,2
4066,agb,5,5
4067,agf,5,5
4068,alice,5,3
4069,almost,5,5
4070,ambulance,5,1
4071,amu,5,5
4072,andrew,5,5
4073,appearing,5,5
4074,application,5,5
4075,apply,5,5
4076,arkkkk60491,5,3
4077,arrival,5,5
4078,aspartate,5,5
4079,astronauts,5,4
4080,atp,5,3
4081,attaching,5,5
4082,attained,5,5
4083,attempt,5,4
4084,attention,5,5
4085,attraction,5,4
4086,automatically,5,5
4087,autotransformer,5,3
4088,bao,5,5
4089,barbara,5,4
4090,baskets,5,1
4091,baud,5,4
4092,beak,5,5
4093,beakers,5,5
4094,beryllium,5,1
4095,beverage,5,3
4096,beyond,5,5
4097,bike,5,5
4098,billion,5,4
4099,biocapacity,5,3
4100,biochemical,5,3
4101,blow,5,5
4102,bold,5,5
4103,bon,5,5
4104,breaker,5,2
4105,burned,5,4
4106,buses,5,5
4107,cabbage,5,2
4108,calm,5,5
4109,cannon,5,1
4110,capacitances,5,5
4111,carefully,5,5
4112,carl,5,4
4113,category,5,5
4114,cba,5,5
4115,cdo,5,5
4116,ceb,5,5
4117,censuses,5,5
4118,centerline,5,3
4119,centrally,5,5
4120,chains,5,4
4121,charger,5,1
4122,chess,5,5
4123,chickens,5,3
4124,choice,5,5
4125,classmate,5,5
4126,classmates,5,2
4127,clouds,5,3
4128,coa,5,4
4129,coincident,5,5
4130,college,5,4
4131,combinational,5,5
4132,comparative,5,5
4133,compensator,5,5
4134,concave,5,2
4135,concluded,5,5
4136,conserved,5,5
4137,contractile,5,5
4138,controls,5,5
4139,convert,5,5
4140,cookie,5,2
4141,cooperation,5,5
4142,cores,5,3
4143,correlated,5,5
4144,coupled,5,5
4145,creates,5,5
4146,criminal,5,1
4147,cuboids,5,3
4148,cultured,5,5
4149,cups,5,4
4150,cushion,5,3
4151,cycles,5,5
4152,danger,5,4
4153,danxia,5,3
4154,darlington,5,5
4155,deb,5,5
4156,decades,5,5
4157,decelerating,5,5
4158,decides,5,5
4159,deck,5,2
4160,dedicated,5,4
4161,deeply,5,5
4162,degradation,5,5
4163,descending,5,4
4164,designs,5,5
4165,destinations,5,5
4166,destroyed,5,5
4167,detergents,5,4
4168,develops,5,5
4169,diamonds,5,4
4170,diana,5,5
4171,dianchi,5,4
4172,diluted,5,5
4173,diploid,5,5
4174,diprotic,5,5
4175,discs,5,3
4176,dishes,5,1
4177,disinfectant,5,2
4178,distortion,5,5
4179,dominated,5,4
4180,don,5,5
4181,dough,5,3
4182,downhill,5,3
4183,dried,5,4
4184,duck,5,3
4185,dunhuang,5,3
4186,dwellings,5,3
4187,earliest,5,5
4188,easy,5,5
4189,eaten,5,5
4190,ebd,5,5
4191,ebony,5,2
4192,edf,5,5
4193,eff,5,2
4194,ejected,5,5
4195,elongations,5,5
4196,embryonic,5,4
4197,emerge,5,5
4198,enable,5,5
4199,endophytic,5,1
4200,endosperm,5,2
4201,energized,5,4
4202,equatorial,5,5
4203,eruption,5,5
4204,especially,5,5
4205,estuary,5,5
4206,etalon,5,1
4207,ethnic,5,3
4208,eurasian,5,4
4209,exchanged,5,5
4210,expenditure,5,3
4211,explores,5,5
4212,extends,5,5
4213,extracellular,5,3
4214,extraction,5,3
4215,eyelets,5,1
4216,farm,5,5
4217,farmers,5,5
4218,farms,5,5
4219,fde,5,5
4220,festival,5,5
4221,finds,5,5
4222,finished,5,5
4223,fishes,5,5
4224,fits,5,5
4225,fleas,5,3
4226,fluorine,5,2
4227,format,5,4
4228,forth,5,5
4229,fractions,5,5
4230,freshwater,5,5
4231,frontal,5,5
4232,fronts,5,5
4233,frustum,5,3
4234,geometry,5,5
4235,geomorphological,5,5
4236,germanium,5,1
4237,gfp,5,3
4238,gis,5,3
4239,glider,5,1
4240,goats,5,3
4241,golmud,5,3
4242,grapes,5,4
4243,grasses,5,5
4244,grasshoppers,5,5
4245,grindstone,5,1
4246,h2co3,5,5
4247,habitat,5,4
4248,hatched,5,5
4249,helmet,5,1
4250,hence,5,3
4251,herbivores,5,5
4252,holiday,5,4
4253,homodimer,5,4
4254,homozygotes,5,3
4255,homozygous,5,5
4256,hope,5,4
4257,horizon,5,4
4258,household,5,5
4259,hui,5,5
4260,humid,5,4
4261,hypotenuses,5,5
4262,icing,5,3
4263,illustration,5,5
4264,imagine,5,4
4265,img,5,5
4266,immersed,5,4
4267,impedances,5,5
4268,incompressible,5,5
4269,infiltration,5,5
4270,influences,5,5
4271,inhibitor,5,5
4272,install,5,5
4273,intercepted,5,5
4274,interception,5,4
4275,inversion,5,3
4276,involved,5,5
4277,irregular,5,4
4278,isobaric,5,4
4279,items,5,5
4280,jane,5,3
4281,jeffrey,5,3
4282,jfet,5,4
4283,join,5,4
4284,joules,5,5
4285,juan,5,3
4286,juice,5,4
4287,kicks,5,5
4288,km2,5,5
4289,korea,5,5
4290,kva,5,4
4291,lagging,5,5
4292,latch,5,4
4293,late,5,4
4294,latitudinal,5,5
4295,leftmost,5,5
4296,letting,5,5
4297,lid,5,2
4298,lifted,5,5
4299,lifts,5,5
4300,limestone,5,5
4301,limited,5,5
4302,linked,5,4
4303,lizard,5,4
4304,loaded,5,4
4305,longitudes,5,4
4306,luojia,5,3
4307,lymphocytes,5,3
4308,magnetizing,5,5
4309,maintained,5,5
4310,malfunction,5,3
4311,mallow,5,1
4312,maneuver,5,3
4313,manifested,5,5
4314,marine,5,5
4315,marker,5,2
4316,mathematician,5,5
4317,meaning,5,5
4318,media,5,5
4319,medicine,5,3
4320,metamorphic,5,3
4321,methods,5,4
4322,microscope,5,3
4323,millikan,5,4
4324,models,5,4
4325,modern,5,5
4326,modulated,5,5
4327,moreover,5,5
4328,morphine,5,3
4329,movements,5,3
4330,mutations,5,4
4331,nails,5,2
4332,neighbors,5,5
4333,neuron,5,4
4334,nh3,5,5
4335,nick,5,4
4336,nickel,5,2
4337,northward,5,5
4338,northwestern,5,5
4339,nuclei,5,4
4340,oac,5,5
4341,observations,5,5
4342,occupy,5,5
4343,occurrences,5,4
4344,odc,5,5
4345,officially,5,5
4346,online,5,4
4347,optimal,5,5
4348,origins,5,5
4349,oscillate,5,4
4350,osmotic,5,3
4351,others,5,4
4352,overlaps,5,5
4353,overweight,5,4
4354,pad,5,2
4355,paid,5,5
4356,parked,5,5
4357,parking,5,2
4358,partitioned,5,5
4359,peninsulas,5,5
4360,photoelectric,5,4
4361,photographed,5,4
4362,photographic,5,2
4363,photographing,5,3
4364,pick,5,5
4365,pinhole,5,4
4366,pka,5,3
4367,plots,5,5
4368,pmn,5,4
4369,poet,5,5
4370,polyacrylamide,5,4
4371,popularization,5,2
4372,portray,5,5
4373,positioning,5,5
4374,possibility,5,5
4375,potatoes,5,3
4376,pre,5,5
4377,precipitate,5,4
4378,predatory,5,5
4379,predict,5,5
4380,preparing,5,5
4381,preservation,5,5
4382,printed,5,5
4383,program,5,5
4384,projected,5,5
4385,promotes,5,5
4386,protection,5,5
4387,pulls,5,4
4388,qingdao,5,5
4389,qrs,5,4
4390,quantization,5,4
4391,quanzhou,5,3
4392,rabbits,5,5
4393,radar,5,4
4394,radially,5,5
4395,radiated,5,4
4396,raindrops,5,3
4397,ranges,5,5
4398,react,5,5
4399,reactances,5,5
4400,reagent,5,4
4401,reality,5,5
4402,reception,5,4
4403,receptor,5,3
4404,recombinant,5,3
4405,record,5,4
4406,recovery,5,4
4407,reflections,5,5
4408,reform,5,5
4409,releasing,5,5
4410,remained,5,5
4411,repair,5,3
4412,repeat,5,3
4413,reproduce,5,5
4414,reservoirs,5,4
4415,residual,5,3
4416,residue,5,3
4417,restitution,5,3
4418,restricting,5,5
4419,returning,5,5
4420,revenue,5,5
4421,rich,5,5
4422,rlc,5,5
4423,roger,5,2
4424,roles,5,5
4425,rooms,5,4
4426,roughly,5,5
4427,runway,5,1
4428,sanjiang,5,3
4429,scholars,5,5
4430,science,5,5
4431,sds,5,4
4432,secure,5,3
4433,sees,5,5
4434,sends,5,5
4435,settling,5,5
4436,shades,5,2
4437,shaoxing,5,4
4438,shengze,5,4
4439,ships,5,4
4440,shrew,5,5
4441,sideline,5,3
4442,sit,5,4
4443,skating,5,4
4444,skier,5,2
4445,skiing,5,2
4446,slits,5,3
4447,sold,5,2
4448,solvent,5,5
4449,somewhere,5,5
4450,sown,5,4
4451,spaceship,5,3
4452,sparrow,5,3
4453,spinner,5,3
4454,spots,5,3
4455,sprayed,5,5
4456,squid,5,4
4457,stabilizes,5,4
4458,stalks,5,5
4459,statue,5,4
4460,staying,5,5
4461,stays,5,5
4462,sticking,5,4
4463,stimulating,5,4
4464,stopwatch,5,1
4465,strand,5,4
4466,stretch,5,4
4467,struck,5,4
4468,studies,5,5
4469,submerged,5,5
4470,subway,5,3
4471,sui,5,1
4472,sujay,5,2
4473,suspending,5,4
4474,suspends,5,5
4475,symmetrically,5,5
4476,takeoff,5,3
4477,tang,5,5
4478,tangential,5,5
4479,telescope,5,5
4480,tesla,5,4
4481,themed,5,5
4482,thereafter,5,5
4483,thermodynamic,5,4
4484,thing,5,4
4485,thirds,5,5
4486,threads,5,2
4487,tiny,5,4
4488,tokyo,5,5
4489,told,5,3
4490,tool,5,5
4491,topping,5,2
4492,traction,5,4
4493,trains,5,4
4494,transfers,5,5
4495,transforms,5,5
4496,translation,5,5
4497,trapezoidal,5,5
4498,treating,5,5
4499,treatments,5,5
4500,trial,5,5
4501,tropic,5,5
4502,tss,5,3
4503,ttl,5,5
4504,tumor,5,5
4505,tuning,5,4
4506,twilight,5,4
4507,unfortunately,5,5
4508,unregulated,5,4
4509,ural,5,4
4510,useful,5,5
4511,valve,5,3
4512,van,5,3
4513,ventricle,5,3
4514,ventricular,5,5
4515,vibrations,5,4
4516,vine,5,1
4517,virus,5,4
4518,voltmeters,5,5
4519,vortices,5,1
4520,votes,5,3
4521,vulnerability,5,2
4522,wasteland,5,2
4523,watch,5,5
4524,waterfall,5,3
4525,watts,5,5
4526,weddell,5,4
4527,wenjing,5,1
4528,won,5,5
4529,worth,5,5
4530,wxy,5,4
4531,xining,5,4
4532,xyzw,5,5
4533,yichang,5,4
4534,zhang,5,4
4535,zhengzhou,5,5
4536,00g,4,4
4537,10min,4,4
4538,10th,4,3
4539,10x,4,4
4540,12th,4,4
4541,18v,4,4
4542,1kg,4,4
4543,20m,4,4
4544,20v,4,4
4545,29th,4,4
4546,2ap,4,4
4547,2oa,4,4
4548,30th,4,4
4549,3ccl,4,2
4550,4th,4,4
4551,7th,4,4
4552,9th,4,3
4553,abbreviated,4,4
4554,abce,4,3
4555,abm,4,4
4556,abroad,4,4
4557,academic,4,1
4558,accounting,4,4
4559,accurately,4,4
4560,acidic,4,4
4561,acrobatic,4,4
4562,activates,4,2
4563,additive,4,4
4564,ado,4,4
4565,adopt,4,4
4566,adp,4,4
4567,adrenal,4,4
4568,adventure,4,4
4569,aep,4,4
4570,africa,4,4
4571,agc,4,4
4572,agh,4,2
4573,aimed,4,4
4574,alkali,4,4
4575,alkaptonuria,4,3
4576,allowable,4,4
4577,alpine,4,4
4578,alternate,4,4
4579,altogether,4,4
4580,amc,4,2
4581,ammonia,4,4
4582,amplified,4,3
4583,amps,4,4
4584,analogous,4,4
4585,antenna,4,1
4586,antigen,4,2
4587,aom,4,4
4588,aperture,4,4
4589,appreciating,4,4
4590,approved,4,4
4591,arcsinh,4,2
4592,arranges,4,4
4593,arrested,4,4
4594,assigned,4,4
4595,atcase,4,4
4596,athletes,4,4
4597,atlantis,4,1
4598,attacking,4,2
4599,attempts,4,1
4600,attracted,4,4
4601,attracting,4,4
4602,attractive,4,4
4603,audible,4,4
4604,autoacceleration,4,2
4605,autocorrelation,4,3
4606,auxiliary,4,4
4607,avoidance,4,3
4608,avoided,4,2
4609,b2c,4,2
4610,backward,4,4
4611,bake,4,2
4612,baoji,4,4
4613,barcode,4,2
4614,bass,4,4
4615,batteries,4,3
4616,bcfg,4,4
4617,bcp,4,4
4618,bdec,4,4
4619,beautiful,4,4
4620,bee,4,3
4621,behave,4,4
4622,believe,4,4
4623,bend,4,4
4624,beneficial,4,4
4625,bent,4,4
4626,beta,4,3
4627,bfe,4,4
4628,biasing,4,4
4629,bill,4,2
4630,binds,4,3
4631,blackbody,4,4
4632,blocking,4,2
4633,blossoms,4,4
4634,bmn,4,4
4635,boa,4,4
4636,boats,4,1
4637,bom,4,4
4638,booster,4,1
4639,brenda,4,2
4640,broad,4,4
4641,brushes,4,4
4642,bullets,4,1
4643,bumper,4,2
4644,buoyancy,4,4
4645,burning,4,3
4646,butterflies,4,2
4647,buttons,4,2
4648,cage,4,2
4649,calculations,4,3
4650,calculator,4,3
4651,calendar,4,4
4652,calories,4,2
4653,canal,4,3
4654,candy,4,2
4655,canonical,4,2
4656,capable,4,4
4657,careful,4,4
4658,cash,4,4
4659,catapult,4,2
4660,ccrraa,4,2
4661,cdp,4,4
4662,cefg,4,3
4663,census,4,4
4664,centrifugal,4,2
4665,cereals,4,1
4666,cfb,4,4
4667,ch4,4,4
4668,chaperones,4,2
4669,check,4,4
4670,chronological,4,4
4671,cirf,4,1
4672,clearly,4,4
4673,clk,4,3
4674,clocks,4,2
4675,closer,4,4
4676,clues,4,4
4677,clustered,4,4
4678,clusters,4,4
4679,coding,4,3
4680,commutated,4,4
4681,comparable,4,4
4682,compartment,4,2
4683,compensation,4,3
4684,competitive,4,4
4685,competitors,4,2
4686,completes,4,4
4687,completion,4,4
4688,computed,4,4
4689,concrete,4,2
4690,configurations,4,4
4691,confined,4,3
4692,conforms,4,4
4693,congress,4,4
4694,consecutively,4,4
4695,consist,4,4
4696,constructive,4,4
4697,contraction,4,4
4698,contracts,4,4
4699,controller,4,4
4700,costa,4,2
4701,cougars,4,2
4702,counting,4,4
4703,courses,4,4
4704,coverage,4,3
4705,crabs,4,4
4706,cream,4,2
4707,crime,4,4
4708,crisis,4,4
4709,crustal,4,4
4710,curse,4,3
4711,customer,4,2
4712,customs,4,4
4713,cutoff,4,4
4714,cyan,4,3
4715,cyclopropane,4,2
4716,cytidine,4,4
4717,cytometer,4,2
4718,dangerous,4,3
4719,dataset,4,4
4720,dawn,4,3
4721,dba,4,4
4722,dbef,4,2
4723,dbf,4,4
4724,decibel,4,4
4725,defend,4,4
4726,deleted,4,3
4727,derived,4,3
4728,descent,4,4
4729,description,4,4
4730,designated,4,4
4731,despite,4,4
4732,detecting,4,4
4733,deviation,4,4
4734,dfc,4,4
4735,dfe,4,4
4736,dgf,4,4
4737,disappeared,4,4
4738,discontinuous,4,4
4739,disney,4,2
4740,displacements,4,4
4741,displayed,4,4
4742,dissolve,4,3
4743,distributions,4,4
4744,disturbance,4,3
4745,diversion,4,4
4746,dodecagon,4,2
4747,doha,4,1
4748,dolphin,4,3
4749,dongting,4,3
4750,doped,4,4
4751,doppler,4,2
4752,dpc,4,4
4753,drainpipe,4,3
4754,drink,4,4
4755,drum,4,3
4756,dynamic,4,4
4757,earned,4,2
4758,eating,4,4
4759,eaves,4,4
4760,ebf,4,4
4761,ecb,4,4
4762,ecliptic,4,4
4763,ecologically,4,4
4764,ecology,4,4
4765,eels,4,1
4766,efd,4,4
4767,election,4,3
4768,emanating,4,4
4769,emergence,4,4
4770,endonucleases,4,4
4771,enhancement,4,4
4772,enjoyed,4,4
4773,enthusiast,4,3
4774,eob,4,4
4775,evolutionary,4,4
4776,examined,4,3
4777,excessively,4,4
4778,exclude,4,4
4779,exhibits,4,4
4780,expand,4,4
4781,expanded,4,4
4782,expectations,4,4
4783,explains,4,4
4784,expressway,4,3
4785,extra,4,3
4786,fails,4,4
4787,familial,4,4
4788,families,4,3
4789,fbe,4,4
4790,fcg,4,4
4791,fec,4,4
4792,ferris,4,2
4793,fertility,4,4
4794,filters,4,4
4795,finger,4,1
4796,fired,4,4
4797,fitting,4,4
4798,flowed,4,4
4799,flowerbed,4,2
4800,flowerpot,4,2
4801,foa,4,4
4802,focus,4,4
4803,followed,4,4
4804,founding,4,4
4805,frogs,4,4
4806,fsm,4,2
4807,fuel,4,4
4808,gbe,4,4
4809,geomorphic,4,4
4810,geostrophic,4,4
4811,glowing,4,4
4812,goal,4,4
4813,gon,4,3
4814,gougu,4,3
4815,graphical,4,4
4816,groove,4,2
4817,grounding,4,3
4818,grounds,4,3
4819,grown,4,4
4820,gtp,4,3
4821,guitar,4,2
4822,handan,4,2
4823,harmony,4,1
4824,hefei,4,3
4825,helps,4,4
4826,hemispheric,4,4
4827,heptagon,4,2
4828,heterozygote,4,4
4829,hfcs,4,1
4830,highlighted,4,3
4831,hill,4,2
4832,hilly,4,4
4833,hinged,4,4
4834,histograms,4,4
4835,hno,4,3
4836,honeycomb,4,1
4837,hook,4,3
4838,hormone,4,3
4839,horseback,4,4
4840,host,4,4
4841,hubei,4,4
4842,hurt,4,2
4843,hybrid,4,3
4844,hydroxyl,4,2
4845,hydroxylase,4,4
4846,hypochlorite,4,3
4847,icosahedron,4,2
4848,ignited,4,4
4849,image3,4,4
4850,imaging,4,3
4851,immigration,4,4
4852,immune,4,2
4853,impacted,4,4
4854,impermeable,4,4
4855,implementation,4,4
4856,imports,4,3
4857,improved,4,4
4858,infinitesimally,4,3
4859,influenced,4,4
4860,inhibit,4,4
4861,initialized,4,4
4862,instance,4,4
4863,instrument,4,3
4864,instruments,4,4
4865,intensive,4,2
4866,internationally,4,4
4867,intrinsic,4,4
4868,introduce,4,4
4869,investigated,4,4
4870,iodate,4,2
4871,iodine,4,4
4872,ionic,4,4
4873,ionization,4,4
4874,ionized,4,4
4875,iqr,4,2
4876,iran,4,2
4877,isotopes,4,4
4878,jiangnan,4,4
4879,jujube,4,2
4880,julia,4,3
4881,kennedy,4,2
4882,khingan,4,4
4883,kicked,4,4
4884,kiribati,4,2
4885,klmn,4,3
4886,knee,4,4
4887,knockout,4,1
4888,knot,4,3
4889,krill,4,4
4890,labyrinth,4,4
4891,lace,4,1
4892,lampshade,4,1
4893,lanzhou,4,4
4894,latter,4,4
4895,launcher,4,2
4896,lays,4,4
4897,leads,4,4
4898,leak,4,4
4899,leaning,4,4
4900,ligand,4,4
4901,lightest,4,3
4902,linearly,4,4
4903,lisa,4,3
4904,litres,4,2
4905,liu,4,3
4906,lizards,4,3
4907,lmn,4,4
4908,lookout,4,1
4909,loops,4,3
4910,lush,4,4
4911,lymphocyte,4,2
4912,lysine,4,4
4913,machinery,4,4
4914,magma,4,4
4915,magnets,4,3
4916,mainstream,4,2
4917,manna,4,1
4918,manual,4,2
4919,marble,4,4
4920,markovnikov,4,2
4921,marries,4,4
4922,mast,4,2
4923,maternal,4,3
4924,mathematics,4,4
4925,maya,4,2
4926,medical,4,4
4927,men,4,4
4928,microparticle,4,1
4929,midline,4,4
4930,mileage,4,4
4931,milligrams,4,4
4932,millimeters,4,4
4933,minimize,4,3
4934,minnesota,4,2
4935,minorities,4,2
4936,minterms,4,3
4937,missed,4,3
4938,mitochondrial,4,3
4939,mma,4,2
4940,money,4,2
4941,monika,4,3
4942,monitoring,4,4
4943,morphology,4,4
4944,mrna,4,3
4945,multiplier,4,2
4946,multivibrator,4,4
4947,mutants,4,3
4948,mux,4,4
4949,myanmar,4,3
4950,named,4,3
4951,nanjing,4,4
4952,nantong,4,2
4953,nations,4,4
4954,nautical,4,2
4955,nematodes,4,4
4956,nepal,4,2
4957,networks,4,4
4958,newtons,4,4
4959,nighttime,4,4
4960,nobel,4,4
4961,none,4,4
4962,nonlinear,4,3
4963,nonpolar,4,4
4964,numeral,4,4
4965,obd,4,4
4966,obeys,4,4
4967,obliquity,4,4
4968,obtuse,4,4
4969,ocb,4,4
4970,office,4,4
4971,offset,4,4
4972,ohms,4,4
4973,ontario,4,2
4974,operated,4,4
4975,opponent,4,2
4976,organelle,4,4
4977,organized,4,4
4978,outermost,4,4
4979,overseas,4,2
4980,overtaking,4,1
4981,oxides,4,4
4982,pan,4,2
4983,parachute,4,1
4984,parallelograms,4,4
4985,parasitic,4,2
4986,parent,4,2
4987,parrot,4,2
4988,participated,4,4
4989,party,4,3
4990,passengers,4,4
4991,passive,4,4
4992,pay,4,4
4993,pbc,4,3
4994,pcd,4,4
4995,pedestrians,4,4
4996,pellet,4,1
4997,penalty,4,3
4998,pentagonal,4,2
4999,performing,4,4
5000,periodically,4,4
5001,permanently,4,4
5002,peroxide,4,4
5003,persons,4,2
5004,phenylalanine,4,4
5005,phenylketonuria,4,4
5006,phones,4,4
5007,photogate,4,1
5008,pie,4,3
5009,pions,4,1
5010,pipelines,4,4
5011,pits,4,4
5012,planar,4,4
5013,planck,4,4
5014,plated,4,4
5015,players,4,3
5016,playground,4,4
5017,pleasant,4,4
5018,pmos,4,4
5019,pndb,4,4
5020,pools,4,1
5021,possibly,4,4
5022,post,4,4
5023,potentiometer,4,3
5024,practically,4,4
5025,preference,4,4
5026,preparations,4,4
5027,presents,4,4
5028,prevails,4,4
5029,prize,4,4
5030,probabilities,4,3
5031,procedure,4,4
5032,proceeds,4,4
5033,profit,4,4
5034,programmable,4,4
5035,prone,4,4
5036,propagate,4,4
5037,propagating,4,4
5038,proper,4,3
5039,pumped,4,3
5040,purified,4,4
5041,purposes,4,4
5042,pushes,4,4
5043,pwm,4,4
5044,quanta,4,2
5045,radical,4,4
5046,rank,4,4
5047,realization,4,4
5048,receive,4,3
5049,recruiting,4,4
5050,reflecting,4,4
5051,refracts,4,4
5052,relief,4,4
5053,relying,4,3
5054,remainder,4,4
5055,renewable,4,4
5056,representation,4,4
5057,rescue,4,4
5058,respond,4,4
5059,retained,4,3
5060,retreat,4,4
5061,reurbanization,4,2
5062,reversible,4,4
5063,revolves,4,4
5064,ribbon,4,3
5065,rishabh,4,1
5066,risk,4,4
5067,robot,4,2
5068,roof,4,4
5069,rqs,4,4
5070,ruth,4,1
5071,sac,4,4
5072,sack,4,1
5073,sail,4,4
5074,sails,4,3
5075,sandstorm,4,4
5076,saturday,4,4
5077,say,4,4
5078,scenery,4,4
5079,screened,4,4
5080,sealing,4,1
5081,sec1,4,1
5082,secreted,4,4
5083,sedimentation,4,2
5084,seismic,4,3
5085,selects,4,4
5086,sent,4,4
5087,serving,4,4
5088,session,4,4
5089,sewage,4,4
5090,sharp,4,4
5091,shifting,4,4
5092,shines,4,4
5093,shuang,4,3
5094,sight,4,3
5095,simplify,4,4
5096,singed,4,2
5097,sinks,4,4
5098,sister,4,4
5099,skid,4,2
5100,skip,4,3
5101,skis,4,3
5102,slight,4,4
5103,snowstorms,4,3
5104,soccer,4,3
5105,solely,4,4
5106,solids,4,3
5107,son,4,4
5108,spaces,4,3
5109,sparrows,4,1
5110,spends,4,4
5111,spinners,4,3
5112,spins,4,4
5113,squatting,4,2
5114,stabilizing,4,4
5115,stake,4,3
5116,stepped,4,4
5117,stickers,4,2
5118,stores,4,4
5119,stra,4,1
5120,strange,4,4
5121,streams,4,4
5122,stripe,4,2
5123,stroke,4,3
5124,stub,4,2
5125,subarctic,4,2
5126,subintervals,4,4
5127,subject,4,4
5128,subsidence,4,3
5129,suggest,4,4
5130,sunday,4,4
5131,superior,4,4
5132,surround,4,4
5133,swallowing,4,4
5134,swim,4,2
5135,swimming,4,3
5136,sydney,4,4
5137,syene,4,2
5138,symbols,4,3
5139,synchronized,4,4
5140,synthetic,4,4
5141,taihu,4,3
5142,taiji,4,1
5143,taiyuan,4,2
5144,taxa,4,2
5145,taxiing,4,1
5146,tech,4,4
5147,technological,4,4
5148,template,4,4
5149,terminus,4,1
5150,terraces,4,2
5151,thawing,4,4
5152,themselves,4,4
5153,therapy,4,3
5154,tin,4,3
5155,tissue,4,4
5156,today,4,4
5157,tonomura,4,1
5158,topped,4,4
5159,tortoises,4,2
5160,totals,4,4
5161,towel,4,1
5162,towels,4,2
5163,township,4,2
5164,trans,4,4
5165,transcarbamylase,4,4
5166,transduction,4,3
5167,translating,4,4
5168,transporting,4,4
5169,traveler,4,2
5170,travelled,4,3
5171,triphosphate,4,4
5172,trisha,4,2
5173,trough,4,3
5174,tunnels,4,3
5175,twelfth,4,4
5176,typically,4,4
5177,unlikely,4,4
5178,unusual,4,4
5179,uphill,4,2
5180,upright,4,4
5181,upside,4,4
5182,urgently,4,4
5183,users,4,2
5184,usual,4,4
5185,utilize,4,4
5186,utilizes,4,4
5187,vacuole,4,4
5188,varied,4,4
5189,vein,4,4
5190,verses,4,2
5191,vicinity,4,4
5192,viscosity,4,4
5193,visibility,4,4
5194,wagon,4,1
5195,walked,4,4
5196,wang,4,4
5197,warmer,4,4
5198,warming,4,4
5199,wash,4,2
5200,wavelengths,4,2
5201,wax,4,1
5202,weeks,4,4
5203,weifang,4,4
5204,whirlpools,4,1
5205,widths,4,4
5206,wildlife,4,2
5207,winds,4,4
5208,windward,4,4
5209,wrapping,4,1
5210,wyz,4,4
5211,wzx,4,4
5212,xichang,4,4
5213,xzy,4,4
5214,yang,4,2
5215,yiwan,4,3
5216,yonaguni,4,1
5217,zebra,4,3
5218,zhao,4,3
5219,zhuzhou,4,4
5220,zinc,4,2
5221,1000t,3,3
5222,120v,3,3
5223,12k,3,2
5224,16a,3,3
5225,16v,3,3
5226,1950s,3,3
5227,1990s,3,3
5228,200v,3,2
5229,296g,3,3
5230,2ab,3,3
5231,2ae,3,3
5232,2ce,3,3
5233,2cm,3,3
5234,2h2o,3,3
5235,2kp,3,3
5236,2so,3,3
5237,300v,3,3
5238,30m,3,3
5239,432g,3,3
5240,50m,3,3
5241,60m,3,3
5242,6ax,3,3
5243,70s,3,3
5244,8th,3,1
5245,aat120,3,1
5246,abdc,3,3
5247,abdominal,3,3
5248,abscissas,3,3
5249,absorbance,3,2
5250,absorbing,3,3
5251,abstracted,3,3
5252,accidentally,3,3
5253,accidents,3,3
5254,accumulating,3,3
5255,accumulation,3,3
5256,acetylcholine,3,3
5257,actinomycetes,3,1
5258,activation,3,3
5259,adce,3,2
5260,adec,3,2
5261,adenylyl,3,2
5262,adopts,3,3
5263,advance,3,3
5264,advancement,3,3
5265,adverse,3,3
5266,advocate,3,3
5267,afflicted,3,3
5268,afg,3,2
5269,afternoon,3,3
5270,agno,3,2
5271,ahmed,3,1
5272,aids,3,2
5273,albin,3,1
5274,aligns,3,3
5275,alkalization,3,3
5276,ana,3,2
5277,analyzing,3,3
5278,ankara,3,2
5279,anti,3,3
5280,anticathode,3,1
5281,anyone,3,3
5282,aocd,3,3
5283,aode,3,2
5284,aop,3,3
5285,apd,3,3
5286,apoptosis,3,1
5287,appliances,3,3
5288,approach,3,3
5289,arabia,3,2
5290,arbitrarily,3,3
5291,architectural,3,3
5292,arise,3,3
5293,arranging,3,3
5294,arrive,3,3
5295,ascend,3,3
5296,ascends,3,3
5297,ash,3,2
5298,ashima,3,3
5299,asked,3,3
5300,asymmetrically,3,3
5301,atlanta,3,2
5302,atrium,3,2
5303,attaches,3,3
5304,attract,3,3
5305,automobiles,3,3
5306,autotroph,3,3
5307,auxin,3,3
5308,aviation,3,3
5309,avoiding,3,3
5310,awarded,3,2
5311,axisymmetric,3,3
5312,backs,3,2
5313,bangladesh,3,2
5314,barcodes,3,2
5315,barely,3,3
5316,basking,3,1
5317,batch,3,3
5318,bcfd,3,3
5319,bchg,3,1
5320,bco,3,3
5321,beach,3,2
5322,befg,3,3
5323,beforehand,3,3
5324,behavioral,3,3
5325,beirut,3,2
5326,belinda,3,2
5327,ber,3,2
5328,bfd,3,3
5329,bind,3,3
5330,bisulfite,3,2
5331,bite,3,1
5332,bladder,3,1
5333,blindness,3,2
5334,bloom,3,3
5335,bomi,3,3
5336,bonded,3,3
5337,bootstrap,3,3
5338,bop,3,3
5339,bowls,3,1
5340,boxplot,3,2
5341,bpsk,3,2
5342,bracket,3,3
5343,breaking,3,3
5344,broadcast,3,3
5345,broke,3,2
5346,brownish,3,2
5347,brush,3,2
5348,bunchkins,3,1
5349,burden,3,3
5350,bursaria,3,2
5351,campus,3,3
5352,candace,3,1
5353,candidates,3,2
5354,cannonballs,3,1
5355,captured,3,3
5356,carlos,3,2
5357,carnivores,3,3
5358,caroline,3,3
5359,carpenter,3,3
5360,carriage,3,2
5361,carrot,3,3
5362,cascaded,3,3
5363,cast,3,3
5364,caudatum,3,2
5365,cavity,3,3
5366,cbp,3,3
5367,cdg,3,3
5368,cellular,3,3
5369,centimeter,3,2
5370,ceratophyllum,3,2
5371,cfd,3,3
5372,cfg,3,3
5373,cftr,3,2
5374,ch2cooh,3,2
5375,ch3ch2ch,3,3
5376,character,3,3
5377,characterized,3,3
5378,chasing,3,2
5379,chch2oh,3,2
5380,chch3,3,2
5381,chemistry,3,3
5382,chemotaxis,3,3
5383,chessboard,3,2
5384,chicken,3,3
5385,chlorophyll,3,2
5386,chromosomal,3,3
5387,circumlunar,3,3
5388,cis,3,3
5389,civil,3,3
5390,classes,3,3
5391,classical,3,2
5392,clean,3,3
5393,clo,3,3
5394,cloned,3,3
5395,clothes,3,1
5396,club,3,3
5397,cnd,3,3
5398,coat,3,3
5399,cobalt,3,1
5400,cockroach,3,3
5401,codes,3,2
5402,coffee,3,1
5403,colleagues,3,3
5404,collectors,3,2
5405,colorings,3,3
5406,combustion,3,3
5407,commercially,3,3
5408,committee,3,3
5409,compass,3,3
5410,compensated,3,3
5411,competitiveness,3,3
5412,compiling,3,3
5413,completing,3,3
5414,complexity,3,2
5415,compresses,3,3
5416,conductance,3,3
5417,conducts,3,3
5418,conform,3,3
5419,confusing,3,1
5420,conservation,3,3
5421,contactor,3,2
5422,continental,3,3
5423,contracted,3,2
5424,contracting,3,3
5425,convenient,3,3
5426,converts,3,3
5427,cool,3,3
5428,cooled,3,3
5429,copies,3,3
5430,coral,3,1
5431,corolla,3,1
5432,corporation,3,3
5433,cougar,3,3
5434,coulombs,3,3
5435,countermeasures,3,3
5436,counterweight,3,1
5437,counts,3,3
5438,court,3,3
5439,courtesy,3,3
5440,cows,3,1
5441,cpd,3,3
5442,crash,3,3
5443,crawl,3,3
5444,crawled,3,2
5445,crc,3,3
5446,credible,3,3
5447,crew,3,2
5448,crickets,3,2
5449,crossbar,3,2
5450,crown,3,1
5451,cruise,3,1
5452,ctk,3,1
5453,cultivate,3,3
5454,cultural,3,2
5455,cuso,3,3
5456,cw7805,3,2
5457,cyclase,3,2
5458,cynthia,3,2
5459,dalian,3,3
5460,darker,3,2
5461,dartboard,3,3
5462,datasets,3,3
5463,debris,3,1
5464,decagon,3,3
5465,decide,3,3
5466,decimeters,3,2
5467,decisive,3,3
5468,decoder,3,3
5469,decomposing,3,3
5470,deeper,3,3
5471,defense,3,2
5472,defghi,3,2
5473,definitely,3,3
5474,definition,3,3
5475,deflects,3,2
5476,delayed,3,3
5477,delivering,3,3
5478,delivers,3,3
5479,demodulator,3,2
5480,demonstrate,3,3
5481,demonstrations,3,3
5482,dengfeng,3,3
5483,denoting,3,3
5484,departing,3,3
5485,departs,3,3
5486,depending,3,3
5487,depleted,3,3
5488,depolarization,3,3
5489,descend,3,3
5490,desk,3,2
5491,destined,3,3
5492,detaches,3,3
5493,deterioration,3,3
5494,determination,3,3
5495,diabetes,3,2
5496,dial,3,3
5497,dialysis,3,3
5498,dielectrics,3,3
5499,differently,3,3
5500,diffusive,3,3
5501,dilation,3,3
5502,dimension,3,2
5503,discharged,3,3
5504,disconnecting,3,2
5505,discrepancy,3,3
5506,distress,3,2
5507,ditches,3,3
5508,diverted,3,3
5509,dmn,3,3
5510,dodecahedron,3,2
5511,doesn,3,3
5512,dogs,3,1
5513,domain,3,3
5514,dormancy,3,1
5515,dot,3,3
5516,downslope,3,3
5517,drastically,3,3
5518,dribbling,3,2
5519,drizzling,3,3
5520,drone,3,1
5521,dropper,3,2
5522,drug,3,3
5523,ducks,3,2
5524,durations,3,3
5525,eagle,3,3
5526,earths,3,1
5527,edb,3,3
5528,elastically,3,3
5529,electrochemical,3,2
5530,electronegativity,3,3
5531,electronics,3,3
5532,elementary,3,3
5533,elevations,3,3
5534,eliminate,3,3
5535,elisabeth,3,2
5536,emerges,3,3
5537,emily,3,3
5538,emissions,3,3
5539,emissivity,3,3
5540,emitting,3,3
5541,employs,3,3
5542,enclose,3,3
5543,enlarging,3,3
5544,ensuring,3,3
5545,envelope,3,3
5546,enzymatic,3,3
5547,equipotential,3,3
5548,equiprobable,3,3
5549,era,3,3
5550,errors,3,3
5551,erupted,3,3
5552,ethene,3,3
5553,eukaryotic,3,3
5554,euros,3,1
5555,eva,3,2
5556,excerpted,3,3
5557,experiencing,3,3
5558,exploitation,3,3
5559,exponential,3,3
5560,facility,3,3
5561,fact,3,3
5562,fallen,3,2
5563,faraday,3,3
5564,farmland,3,2
5565,father,3,2
5566,favorite,3,1
5567,feasible,3,3
5568,feb,3,2
5569,feces,3,1
5570,feel,3,3
5571,feeling,3,3
5572,fehling,3,3
5573,fetal,3,2
5574,filtering,3,3
5575,fin,3,2
5576,finance,3,3
5577,financial,3,3
5578,fires,3,3
5579,fishery,3,1
5580,fishpond,3,3
5581,flagpoles,3,3
5582,flavor,3,2
5583,floats,3,3
5584,fluctuations,3,3
5585,fluoresce,3,3
5586,fluorescence,3,3
5587,fluoride,3,2
5588,focusing,3,2
5589,foods,3,3
5590,fork,3,2
5591,formal,3,3
5592,formulas,3,3
5593,fractional,3,3
5594,fragrant,3,1
5595,frederick,3,3
5596,frequent,3,3
5597,frequently,3,3
5598,friend,3,3
5599,fulcrum,3,3
5600,fulfilled,3,3
5601,functioning,3,3
5602,fungal,3,3
5603,fungus,3,3
5604,fuse,3,3
5605,galvanometer,3,2
5606,gansu,3,3
5607,gardener,3,3
5608,genome,3,2
5609,gentle,3,3
5610,george,3,2
5611,geosynchronous,3,3
5612,getting,3,3
5613,gibbs,3,3
5614,gills,3,3
5615,glacial,3,3
5616,glues,3,3
5617,gpm,3,3
5618,gps,3,3
5619,grades,3,2
5620,gram,3,2
5621,graticule,3,3
5622,grew,3,3
5623,griffith,3,3
5624,h2o2,3,1
5625,halved,3,2
5626,hamburgers,3,1
5627,handbook,3,3
5628,hanger,3,1
5629,hangzhou,3,3
5630,harbor,3,2
5631,hardy,3,3
5632,hat,3,2
5633,hcd46,3,1
5634,heading,3,3
5635,heads,3,3
5636,heard,3,3
5637,hearing,3,3
5638,helan,3,3
5639,hemophilia,3,1
5640,heterozygotes,3,3
5641,hills,3,3
5642,hind,3,2
5643,historically,3,3
5644,history,3,3
5645,hma3,3,1
5646,hollowed,3,3
5647,homozygote,3,3
5648,honey,3,1
5649,horn,3,2
5650,households,3,3
5651,housing,3,3
5652,huai,3,2
5653,huanyong,3,3
5654,huge,3,3
5655,hunan,3,3
5656,husbandry,3,3
5657,hvdc,3,1
5658,hydrograph,3,3
5659,hypothesizes,3,3
5660,iceland,3,2
5661,idealized,3,3
5662,identified,3,2
5663,illuminating,3,3
5664,implements,3,3
5665,impossible,3,3
5666,improvement,3,3
5667,inappropriate,3,3
5668,inconsistent,3,3
5669,increasingly,3,3
5670,independence,3,3
5671,induce,3,3
5672,inelastic,3,3
5673,inert,3,3
5674,inextendable,3,3
5675,inference,3,3
5676,inflection,3,3
5677,inflexible,3,3
5678,infrared,3,1
5679,infrastructure,3,3
5680,inhabitants,3,1
5681,injections,3,3
5682,innervation,3,3
5683,inserting,3,3
5684,installation,3,3
5685,instantaneously,3,3
5686,instantly,3,3
5687,inter,3,3
5688,interannual,3,3
5689,interchanged,3,3
5690,interspecific,3,3
5691,intersymbol,3,3
5692,intra,3,3
5693,invented,3,3
5694,investigates,3,3
5695,invisible,3,3
5696,inwards,3,3
5697,irrigation,3,3
5698,irrotational,3,3
5699,isothermal,3,3
5700,jade,3,2
5701,jadeite,3,2
5702,jakarta,3,3
5703,jakob,3,2
5704,jan,3,1
5705,jaw,3,2
5706,jenny,3,3
5707,jiangmen,3,2
5708,jiangxi,3,3
5709,jing,3,3
5710,jmn,3,3
5711,joint,3,3
5712,jointly,3,3
5713,kai,3,2
5714,kaons,3,1
5715,kcl,3,3
5716,keihin,3,2
5717,kengu,3,2
5718,kgm,3,1
5719,killer,3,3
5720,kilograms,3,3
5721,kilowatt,3,3
5722,kimchi,3,2
5723,knight,3,1
5724,knowing,3,3
5725,knows,3,3
5726,lanes,3,3
5727,lantern,3,1
5728,lapse,3,3
5729,lasted,3,3
5730,latching,3,3
5731,leftward,3,3
5732,liangzhou,3,3
5733,lightbulb,3,3
5734,lightning,3,2
5735,lion,3,3
5736,lkmj,3,3
5737,lmnp,3,3
5738,lobe,3,2
5739,lobes,3,3
5740,logarithmic,3,3
5741,longjing,3,3
5742,loses,3,2
5743,lowers,3,3
5744,lunan,3,3
5745,lune,3,2
5746,maglev,3,3
5747,maja,3,2
5748,managing,3,3
5749,manb,3,1
5750,manned,3,3
5751,marking,3,2
5752,mary,3,2
5753,matching,3,2
5754,maturity,3,3
5755,mayflies,3,3
5756,mdn,3,3
5757,measles,3,1
5758,mechanisms,3,3
5759,mef,3,2
5760,melons,3,3
5761,memory,3,3
5762,meridians,3,2
5763,mesh,3,1
5764,messenger,3,3
5765,metabolism,3,3
5766,metallic,3,3
5767,methane,3,2
5768,methionine,3,3
5769,mia,3,2
5770,micrometers,3,3
5771,micromolar,3,3
5772,microorganisms,3,3
5773,midsegments,3,3
5774,mile,3,1
5775,military,3,2
5776,millions,3,2
5777,millisecond,3,3
5778,minnow,3,3
5779,minority,3,2
5780,miscible,3,3
5781,misses,3,3
5782,mitochondrion,3,3
5783,mitosis,3,3
5784,mnn,3,3
5785,mno,3,2
5786,mnpp,3,3
5787,mnq,3,3
5788,mod,3,3
5789,modelled,3,3
5790,modified,3,3
5791,modulator,3,2
5792,moistened,3,3
5793,monoprotic,3,3
5794,moose,3,3
5795,mosfets,3,2
5796,moth,3,2
5797,motors,3,2
5798,mozi,3,1
5799,msb,3,3
5800,multiplying,3,3
5801,mushroom,3,1
5802,mva,3,1
5803,nailed,3,3
5804,names,3,2
5805,nand,3,3
5806,nanning,3,3
5807,naomi,3,1
5808,nasa,3,2
5809,nationality,3,2
5810,neg,3,2
5811,neighboring,3,3
5812,nets,3,3
5813,neural,3,3
5814,neurotransmitters,3,2
5815,neutrons,3,3
5816,newton,3,2
5817,niches,3,3
5818,nitric,3,2
5819,nmosfet,3,3
5820,node,3,3
5821,normalized,3,3
5822,northernmost,3,3
5823,norton,3,3
5824,notice,3,3
5825,npp,3,3
5826,ntpip,3,1
5827,nucleotide,3,3
5828,numerals,3,3
5829,obcd,3,3
5830,obec,3,2
5831,oca,3,3
5832,official,3,3
5833,oldest,3,3
5834,omitted,3,3
5835,onion,3,3
5836,opaque,3,2
5837,opho,3,3
5838,optimum,3,3
5839,option,3,2
5840,organs,3,3
5841,orinoco,3,3
5842,oscillating,3,3
5843,outlined,3,3
5844,oval,3,3
5845,ovary,3,3
5846,overhead,3,3
5847,overlaid,3,3
5848,overload,3,2
5849,owl,3,3
5850,oxy,3,3
5851,packaging,3,2
5852,painting,3,2
5853,pale,3,3
5854,pam,3,3
5855,parrots,3,2
5856,participate,3,3
5857,partly,3,2
5858,paula,3,1
5859,paulo,3,1
5860,payment,3,1
5861,pbq,3,3
5862,peel,3,3
5863,pepper,3,1
5864,permeable,3,3
5865,pes,3,3
5866,petal,3,2
5867,petals,3,2
5868,pharaoh,3,1
5869,phoenix,3,2
5870,phosphate,3,2
5871,photoelectrons,3,3
5872,photogates,3,1
5873,photon,3,2
5874,physicist,3,3
5875,phytoplanktons,3,3
5876,picking,3,3
5877,picks,3,3
5878,piezoresistor,3,1
5879,pigments,3,3
5880,pigs,3,2
5881,pillar,3,2
5882,pillars,3,3
5883,ping,3,1
5884,pinned,3,3
5885,pipa,3,3
5886,pizza,3,2
5887,pla,3,3
5888,plankton,3,2
5889,platypus,3,3
5890,pm2,3,1
5891,pocket,3,3
5892,poll,3,3
5893,polychromatic,3,1
5894,polyhedron,3,2
5895,polymer,3,3
5896,polynomial,3,1
5897,pondweed,3,3
5898,pong,3,1
5899,poplar,3,1
5900,positional,3,3
5901,possess,3,3
5902,potometer,3,1
5903,poyang,3,3
5904,pprox,3,3
5905,pqs,3,3
5906,preceding,3,3
5907,precession,3,1
5908,precision,3,3
5909,predators,3,3
5910,predicted,3,3
5911,preferences,3,3
5912,preferred,3,2
5913,preheated,3,3
5914,pressures,3,3
5915,pressurized,3,3
5916,previously,3,3
5917,preys,3,3
5918,primacy,3,2
5919,principal,3,3
5920,priority,3,3
5921,probably,3,3
5922,progression,3,2
5923,projections,3,3
5924,projects,3,3
5925,promoted,3,3
5926,promoting,3,3
5927,prompt,3,3
5928,propagated,3,3
5929,propane,3,3
5930,propel,3,3
5931,protrude,3,3
5932,proved,3,3
5933,providing,3,3
5934,published,3,2
5935,putuo,3,3
5936,pyrimidine,3,3
5937,pythagorean,3,3
5938,quantized,3,1
5939,quarantine,3,3
5940,quarters,3,3
5941,quasiholes,3,1
5942,r1r1r2r2r3r3,3,1
5943,radiance,3,3
5944,radicals,3,3
5945,radioactive,3,2
5946,railroad,3,1
5947,ramesses,3,2
5948,ramses,3,1
5949,rarely,3,3
5950,reactants,3,3
5951,reactive,3,3
5952,reactor,3,1
5953,realizes,3,3
5954,recently,3,3
5955,recharge,3,3
5956,reclamation,3,3
5957,recombination,3,3
5958,reconstruction,3,3
5959,recovers,3,3
5960,reentry,3,2
5961,refines,3,3
5962,reflectance,3,3
5963,regardless,3,3
5964,regulates,3,3
5965,relates,3,3
5966,relays,3,2
5967,removes,3,3
5968,renate,3,2
5969,renewal,3,3
5970,replication,3,3
5971,reported,3,3
5972,representations,3,3
5973,reputation,3,3
5974,requiring,3,3
5975,resembling,3,3
5976,reserve,3,3
5977,reset,3,3
5978,resident,3,3
5979,resolving,3,1
5980,resorts,3,2
5981,respiratory,3,3
5982,responds,3,3
5983,resting,3,3
5984,retain,3,3
5985,rewinding,3,1
5986,ria,3,2
5987,rift,3,2
5988,robert,3,3
5989,rodent,3,3
5990,rush,3,3
5991,sandbar,3,2
5992,sandcastle,3,1
5993,sara,3,1
5994,saudi,3,2
5995,scaled,3,2
5996,scarce,3,3
5997,scattered,3,3
5998,schmitt,3,2
5999,scope,3,3
6000,scrap,3,2
6001,scratch,3,3
6002,screening,3,3
6003,seabed,3,3
6004,searches,3,3
6005,semicylinder,3,1
6006,semicylindrical,3,1
6007,semipermeable,3,3
6008,sentence,3,3
6009,separator,3,2
6010,sepideh,3,2
6011,seriously,3,3
6012,seventh,3,2
6013,severely,3,3
6014,shade,3,3
6015,shaking,3,3
6016,shallow,3,3
6017,shelf,3,3
6018,shine,3,3
6019,shipping,3,3
6020,siemens,3,3
6021,similarly,3,3
6022,simon,3,1
6023,sin37,3,3
6024,sio,3,3
6025,sixteen,3,2
6026,skewed,3,3
6027,skipping,3,1
6028,skips,3,1
6029,slack,3,3
6030,slant,3,3
6031,sleds,3,1
6032,sleeping,3,2
6033,slid,3,3
6034,slippery,3,1
6035,slowed,3,2
6036,slugs,3,1
6037,snails,3,3
6038,snowboarder,3,1
6039,so2,3,3
6040,society,3,3
6041,solstices,3,3
6042,solved,3,3
6043,somatic,3,3
6044,sometimes,3,3
6045,sounding,3,1
6046,sounds,3,3
6047,spaceflight,3,3
6048,sparse,3,3
6049,specially,3,3
6050,specifications,3,3
6051,spectra,3,3
6052,spectrophotometer,3,3
6053,spermatids,3,1
6054,spews,3,3
6055,spills,3,3
6056,spitting,3,3
6057,splitting,3,1
6058,spraying,3,3
6059,sprinkler,3,3
6060,spun,3,3
6061,squarefree,3,3
6062,stamp,3,3
6063,starry,3,3
6064,starter,3,1
6065,startled,3,3
6066,stated,3,3
6067,statically,3,3
6068,stationed,3,1
6069,stator,3,2
6070,stern,3,1
6071,stimulation,3,2
6072,storehouses,3,3
6073,straightedge,3,3
6074,strait,3,3
6075,stratum,3,2
6076,strengthened,3,3
6077,strengths,3,3
6078,striped,3,3
6079,stroboscope,3,1
6080,stylish,3,3
6081,submit,3,3
6082,subsets,3,2
6083,subsolar,3,2
6084,substituted,3,3
6085,subtended,3,3
6086,subunit,3,3
6087,suburb,3,3
6088,succession,3,3
6089,suction,3,3
6090,sudoku,3,1
6091,suffer,3,3
6092,sugarcane,3,2
6093,suggested,3,3
6094,summarizes,3,3
6095,summary,3,3
6096,summit,3,2
6097,sunny,3,3
6098,superimposed,3,3
6099,supermarket,3,3
6100,supplementary,3,3
6101,supplementing,3,1
6102,surrounds,3,3
6103,survival,3,3
6104,susi,3,2
6105,suspect,3,3
6106,suspicious,3,3
6107,swamp,3,1
6108,sweeter,3,3
6109,symptoms,3,2
6110,synaptic,3,3
6111,syndrome,3,2
6112,t4dna,3,2
6113,tablet,3,3
6114,tadpole,3,3
6115,taikang,3,2
6116,tailed,3,3
6117,taipei,3,3
6118,tatiana,3,2
6119,teams,3,3
6120,teddy,3,1
6121,teeth,3,3
6122,terminated,3,3
6123,terrestrial,3,3
6124,territorial,3,3
6125,tesseract,3,3
6126,textiles,3,3
6127,texture,3,3
6128,theoretically,3,3
6129,thousands,3,2
6130,tilim,3,1
6131,timescale,3,3
6132,tins,3,1
6133,tips,3,3
6134,tires,3,2
6135,toad,3,3
6136,tolerance,3,3
6137,tooth,3,1
6138,topography,3,3
6139,topple,3,1
6140,trace,3,2
6141,traces,3,3
6142,trajectories,3,3
6143,transient,3,3
6144,translate,3,3
6145,translates,3,2
6146,traversed,3,3
6147,triggers,3,3
6148,triode,3,2
6149,tubing,3,3
6150,turpan,3,3
6151,typhoon,3,2
6152,ultimate,3,3
6153,unable,3,3
6154,underneath,3,3
6155,unfavorable,3,3
6156,unfold,3,3
6157,unfolds,3,3
6158,uniquely,3,3
6159,university,3,3
6160,unlike,3,3
6161,unloading,3,2
6162,unstretched,3,3
6163,unwound,3,3
6164,upgrading,3,3
6165,upwelling,3,3
6166,urbanized,3,3
6167,urges,3,3
6168,ush,3,1
6169,uygur,3,3
6170,uzy,3,3
6171,valence,3,2
6172,variance,3,3
6173,vectors,3,3
6174,venous,3,3
6175,villages,3,3
6176,vinegar,3,2
6177,viral,3,3
6178,visited,3,3
6179,visits,3,2
6180,vitro,3,3
6181,von,3,1
6182,vote,3,2
6183,voters,3,3
6184,vsi,3,3
6185,vt1,3,2
6186,vzu,3,3
6187,waist,3,2
6188,waiting,3,3
6189,wanjiang,3,2
6190,warp,3,3
6191,washed,3,3
6192,watering,3,3
6193,waterlogged,3,3
6194,wear,3,3
6195,weighed,3,3
6196,weinberg,3,3
6197,wetlands,3,3
6198,whale,3,3
6199,whales,3,3
6200,whirlpool,3,1
6201,widest,3,3
6202,wien,3,3
6203,willi,3,1
6204,winning,3,3
6205,wiper,3,1
6206,wired,3,3
6207,woman,3,2
6208,works,3,3
6209,workshop,3,3
6210,wzy,3,3
6211,x0007,3,3
6212,yan,3,3
6213,yard,3,1
6214,yards,3,2
6215,yehliu,3,3
6216,yibin,3,2
6217,yin,3,1
6218,youngest,3,3
6219,zhangye,3,3
6220,zhuhai,3,1
6221,006q,2,2
6222,100k,2,2
6223,108mm,2,2
6224,10s,2,2
6225,11v,2,2
6226,13x,2,1
6227,1424m,2,2
6228,14m,2,1
6229,14th,2,2
6230,15k,2,2
6231,15m,2,2
6232,15v,2,2
6233,15x,2,2
6234,16th,2,2
6235,17th,2,2
6236,18j,2,2
6237,19th,2,2
6238,200t,2,2
6239,2021st,2,2
6240,21st,2,2
6241,24m,2,2
6242,25k,2,2
6243,25m,2,1
6244,25t,2,2
6245,26th,2,2
6246,2am,2,2
6247,2aq,2,2
6248,2ax,2,2
6249,2be,2,2
6250,2bf,2,2
6251,2ch,2,2
6252,2chch2cooh,2,1
6253,2co,2,2
6254,2de,2,2
6255,2gd,2,2
6256,2hcl,2,2
6257,2kg,2,2
6258,2mg,2,2
6259,2ob,2,2
6260,300k,2,2
6261,300n,2,1
6262,30x,2,2
6263,310k,2,2
6264,310km2,2,2
6265,31st,2,2
6266,3be,2,2
6267,3kg,2,2
6268,3ob,2,2
6269,4000kg,2,2
6270,400t,2,1
6271,4ab,2,2
6272,4be,2,2
6273,4cd,2,2
6274,4cm,2,2
6275,4de,2,2
6276,500m,2,2
6277,50k,2,2
6278,50v,2,2
6279,51g,2,2
6280,52m,2,2
6281,598m,2,2
6282,5ml,2,1
6283,6000m,2,2
6284,6th,2,2
6285,747g,2,2
6286,80m,2,2
6287,98kg,2,2
6288,aardvark,2,1
6289,aat100,2,1
6290,abbreviation,2,2
6291,abcda,2,2
6292,abcf,2,2
6293,abch,2,2
6294,abed,2,2
6295,abfe,2,2
6296,abgf,2,2
6297,abnormality,2,2
6298,aboc,2,2
6299,abom,2,2
6300,abrupt,2,2
6301,absent,2,2
6302,absorbent,2,2
6303,abu,2,2
6304,abundance,2,2
6305,accumulates,2,2
6306,aceb,2,1
6307,acetylation,2,2
6308,acetyltransferase,2,2
6309,achieves,2,2
6310,achieving,2,2
6311,acidity,2,2
6312,acm,2,2
6313,acmdb,2,2
6314,acmn,2,2
6315,acp,2,2
6316,acquires,2,2
6317,acronym,2,1
6318,actinomycete,2,1
6319,actions,2,2
6320,activate,2,2
6321,adapt,2,2
6322,adhere,2,2
6323,adjusts,2,2
6324,adm,2,2
6325,adopting,2,2
6326,adulthood,2,2
6327,aedf,2,2
6328,aefd,2,2
6329,aefh,2,1
6330,aeo,2,2
6331,aerobic,2,2
6332,aesthetic,2,2
6333,afde,2,2
6334,affairs,2,2
6335,afgd,2,2
6336,afpe,2,1
6337,afterwards,2,2
6338,agd,2,2
6339,agency,2,2
6340,aires,2,2
6341,aksu,2,2
6342,alberto,2,1
6343,albino,2,1
6344,alert,2,2
6345,alfonso,2,1
6346,algal,2,1
6347,aliasing,2,2
6348,align,2,1
6349,alkene,2,2
6350,alleviate,2,2
6351,alone,2,2
6352,alphabetical,2,2
6353,alternative,2,2
6354,amb,2,2
6355,amplitudes,2,2
6356,andes,2,2
6357,anm,2,2
6358,ann,2,2
6359,annie,2,2
6360,anolis,2,1
6361,antennae,2,1
6362,anticancer,2,2
6363,anticlockwise,2,2
6364,anus,2,2
6365,anymore,2,2
6366,aobd,2,2
6367,apothem,2,2
6368,approached,2,2
6369,approaching,2,2
6370,aqrd,2,1
6371,aqua,2,1
6372,aquarium,2,2
6373,arab,2,2
6374,arched,2,2
6375,arches,2,1
6376,archipelago,2,2
6377,arizona,2,2
6378,arjun,2,1
6379,arm,2,2
6380,arrangements,2,2
6381,arterial,2,2
6382,artery,2,2
6383,arthropods,2,2
6384,arthur,2,2
6385,ascending,2,2
6386,ascorbic,2,2
6387,ash3,2,2
6388,asha,2,1
6389,ashley,2,1
6390,assist,2,2
6391,assistance,2,2
6392,assisted,2,2
6393,astable,2,2
6394,asymmetrical,2,2
6395,asymptote,2,1
6396,atop,2,2
6397,attains,2,2
6398,attempting,2,2
6399,auto,2,2
6400,autosomes,2,2
6401,awgn,2,1
6402,bacillus,2,1
6403,backflow,2,2
6404,backpacker,2,2
6405,backwards,2,2
6406,bap,2,2
6407,barriers,2,2
6408,bart,2,2
6409,barter,2,1
6410,basically,2,2
6411,bat,2,2
6412,bathroom,2,1
6413,bats,2,2
6414,bcef,2,2
6415,bdf,2,2
6416,bdp,2,2
6417,beaks,2,2
6418,bear,2,2
6419,bears,2,2
6420,beatriz,2,1
6421,beauty,2,2
6422,bedroom,2,1
6423,beetles,2,2
6424,beige,2,1
6425,bends,2,2
6426,beneath,2,2
6427,benefiting,2,2
6428,benny,2,1
6429,bernd,2,1
6430,berries,2,2
6431,beth,2,1
6432,bfco,2,1
6433,bfde,2,1
6434,bicycles,2,2
6435,billions,2,2
6436,bin,2,2
6437,bipolar,2,2
6438,bjorn,2,1
6439,bjts,2,2
6440,blackfly,2,2
6441,bluegill,2,2
6442,bluetooth,2,1
6443,bmc,2,2
6444,boils,2,2
6445,bolded,2,1
6446,boltzmann,2,2
6447,bombard,2,2
6448,bone,2,2
6449,bookshelf,2,1
6450,bookstore,2,2
6451,booths,2,2
6452,bordeaux,2,1
6453,bordered,2,2
6454,borders,2,1
6455,boris,2,2
6456,bottles,2,2
6457,bpf,2,1
6458,brazilian,2,2
6459,breeze,2,2
6460,british,2,2
6461,bromine,2,2
6462,bromosuccinimide,2,2
6463,brother,2,2
6464,bubbled,2,2
6465,bud,2,2
6466,budding,2,2
6467,buds,2,2
6468,buenos,2,2
6469,bugle,2,1
6470,builds,2,2
6471,bulge,2,2
6472,bulk,2,2
6473,bump,2,1
6474,bunchkin,2,1
6475,bundle,2,2
6476,cables,2,2
6477,cableway,2,1
6478,cactus,2,2
6479,caec,2,1
6480,caf,2,2
6481,california,2,2
6482,calorimeter,2,2
6483,cameras,2,2
6484,cannonball,2,1
6485,canton,2,1
6486,caofeidian,2,2
6487,cap,2,2
6488,capsule,2,1
6489,capture,2,2
6490,captures,2,2
6491,carbonate,2,2
6492,carbonyl,2,2
6493,carboxyl,2,1
6494,carmen,2,1
6495,carnot,2,1
6496,carpet,2,1
6497,carrots,2,1
6498,carved,2,2
6499,cascade,2,2
6500,caso,2,2
6501,catalysis,2,2
6502,catalyst,2,2
6503,catalyzed,2,2
6504,catalyzes,2,2
6505,catching,2,2
6506,categories,2,2
6507,categorized,2,2
6508,caterpillars,2,2
6509,cation,2,1
6510,cauliflower,2,1
6511,cave,2,1
6512,cbh,2,1
6513,cdfe,2,2
6514,cdfg,2,2
6515,cdgh,2,1
6516,cdm,2,2
6517,ceg,2,2
6518,celebrated,2,1
6519,cellulase,2,1
6520,cellulose,2,1
6521,cement,2,1
6522,centred,2,1
6523,centroids,2,2
6524,cfa,2,2
6525,ch3c,2,1
6526,ch3ch2ch2br,2,2
6527,ch3ch2ch2ch,2,2
6528,ch3ch2oh,2,2
6529,ch3co2h,2,2
6530,ch3cooh,2,2
6531,championship,2,2
6532,championships,2,2
6533,chance,2,2
6534,changchun,2,1
6535,changzhi,2,1
6536,characters,2,2
6537,charlotte,2,1
6538,cheap,2,2
6539,checkerboard,2,2
6540,chen,2,2
6541,cherries,2,2
6542,chestnut,2,1
6543,chewing,2,2
6544,chirality,2,2
6545,chlorine,2,2
6546,choices,2,2
6547,choke,2,2
6548,chomp,2,1
6549,choosing,2,2
6550,chromatin,2,2
6551,circ,2,2
6552,circumferences,2,2
6553,circumscribe,2,1
6554,citric,2,2
6555,civilized,2,2
6556,clamped,2,2
6557,classroom,2,2
6558,cleaning,2,2
6559,cleared,2,2
6560,clearing,2,1
6561,cleo,2,1
6562,climb,2,2
6563,clk1,2,1
6564,clocked,2,2
6565,cloth,2,1
6566,clover,2,2
6567,cmn,2,1
6568,coated,2,2
6569,coaxial,2,2
6570,cocoon,2,2
6571,codons,2,2
6572,collapses,2,2
6573,collecting,2,1
6574,colorful,2,2
6575,colorless,2,2
6576,commerce,2,2
6577,commission,2,2
6578,commissioning,2,2
6579,commodities,2,2
6580,commutation,2,1
6581,companies,2,2
6582,comparators,2,1
6583,compete,2,2
6584,compress,2,2
6585,concerns,2,2
6586,conditional,2,2
6587,conductivities,2,1
6588,conference,2,1
6589,configured,2,2
6590,confirmed,2,2
6591,confluence,2,2
6592,conformation,2,2
6593,conical,2,2
6594,consideration,2,2
6595,considers,2,2
6596,consisted,2,2
6597,constantly,2,2
6598,constituent,2,2
6599,constitutes,2,2
6600,constructions,2,2
6601,contacting,2,2
6602,contaminant,2,1
6603,contemporary,2,2
6604,contingency,2,2
6605,contribute,2,2
6606,contributes,2,2
6607,convenience,2,2
6608,converting,2,2
6609,conveying,2,2
6610,cooh,2,1
6611,coordination,2,2
6612,coplanar,2,2
6613,corrected,2,1
6614,cos37,2,2
6615,cosme,2,1
6616,cottontails,2,2
6617,couples,2,2
6618,coyotes,2,2
6619,cpe,2,2
6620,creams,2,2
6621,creeping,2,1
6622,crewed,2,2
6623,cricket,2,2
6624,crossover,2,2
6625,crosswise,2,2
6626,crude,2,2
6627,crumpled,2,2
6628,cultures,2,2
6629,cushing,2,1
6630,cyclin,2,1
6631,cyclone,2,1
6632,cytoplasm,2,2
6633,cytoplasmic,2,2
6634,daf,2,2
6635,dairy,2,2
6636,damaged,2,2
6637,damper,2,2
6638,damping,2,2
6639,daniel,2,1
6640,darya,2,2
6641,datapoints,2,2
6642,dcf,2,2
6643,dea,2,2
6644,decf,2,2
6645,decoding,2,2
6646,decomposed,2,2
6647,decomposes,2,2
6648,decorative,2,2
6649,deepest,2,2
6650,deformations,2,2
6651,deg,2,2
6652,degrade,2,1
6653,deletions,2,2
6654,delia,2,1
6655,deliver,2,2
6656,delivery,2,2
6657,dem,2,1
6658,demersum,2,1
6659,demonstrates,2,2
6660,densest,2,2
6661,dependent,2,2
6662,deposited,2,2
6663,deposits,2,2
6664,depot,2,2
6665,describing,2,2
6666,destination,2,2
6667,detects,2,2
6668,determining,2,2
6669,detour,2,1
6670,detoured,2,2
6671,dew,2,2
6672,dfb,2,2
6673,dfge,2,2
6674,dho,2,2
6675,dialogue,2,2
6676,diaphragm,2,1
6677,dichloroethene,2,1
6678,differs,2,2
6679,difficult,2,2
6680,dimethyl,2,2
6681,dino,2,1
6682,disappears,2,2
6683,discharges,2,2
6684,disclosure,2,2
6685,discontinuity,2,2
6686,discover,2,2
6687,discovery,2,2
6688,disjoint,2,2
6689,dispatched,2,2
6690,dispersed,2,2
6691,dissociates,2,2
6692,dissolution,2,2
6693,dissolves,2,2
6694,distantly,2,2
6695,distinguish,2,2
6696,distinguishable,2,1
6697,disturbed,2,2
6698,dive,2,2
6699,divergence,2,1
6700,dmb,2,2
6701,dock,2,2
6702,domestically,2,2
6703,dong,2,1
6704,dorsal,2,2
6705,doubled,2,2
6706,dpip,2,2
6707,drag,2,2
6708,dragonflies,2,1
6709,draught,2,2
6710,dream,2,2
6711,drifting,2,1
6712,drifts,2,2
6713,drilling,2,2
6714,drivers,2,2
6715,drizzle,2,2
6716,drkfr,2,1
6717,drunkard,2,1
6718,dual,2,2
6719,dune,2,1
6720,dung,2,2
6721,dusty,2,2
6722,dynamically,2,2
6723,earthquakes,2,2
6724,earthworm,2,2
6725,earwig,2,2
6726,ecologists,2,2
6727,economically,2,2
6728,economics,2,2
6729,ecori,2,1
6730,ecosystems,2,2
6731,eda,2,2
6732,edm,2,2
6733,eel,2,1
6734,efb,2,2
6735,efcd,2,2
6736,efcg,2,2
6737,effector,2,2
6738,efferent,2,2
6739,eggshell,2,1
6740,ehj,2,2
6741,ejection,2,2
6742,elasticity,2,2
6743,electrically,2,2
6744,electrified,2,2
6745,electrometer,2,1
6746,elephant,2,2
6747,eleven,2,2
6748,ella,2,1
6749,elmer,2,1
6750,elmira,2,1
6751,elongates,2,2
6752,else,2,1
6753,eluted,2,2
6754,embedded,2,2
6755,emblem,2,2
6756,embryo,2,2
6757,embryology,2,2
6758,empirical,2,2
6759,enables,2,2
6760,enameled,2,1
6761,enclosing,2,2
6762,encoding,2,1
6763,encountered,2,2
6764,encouraging,2,2
6765,endocrinologist,2,2
6766,endogenous,2,2
6767,engage,2,2
6768,english,2,2
6769,enhance,2,2
6770,enjoy,2,2
6771,enlarged,2,2
6772,ensures,2,1
6773,entertainment,2,1
6774,enthusiasts,2,2
6775,environments,2,2
6776,epc,2,2
6777,epithelial,2,1
6778,equality,2,2
6779,equivalence,2,2
6780,eras,2,2
6781,erroneous,2,2
6782,escaping,2,2
6783,escherichia,2,2
6784,ethanal,2,2
6785,ethanoic,2,2
6786,ethephon,2,1
6787,ethyl,2,2
6788,evaluation,2,2
6789,eve,2,1
6790,ever,2,2
6791,examples,2,2
6792,excavated,2,1
6793,exchanges,2,1
6794,exhausted,2,2
6795,exogenous,2,2
6796,expect,2,2
6797,expectation,2,2
6798,expels,2,1
6799,expensive,2,2
6800,experts,2,2
6801,explained,2,2
6802,exploitable,2,2
6803,exporting,2,2
6804,expresses,2,2
6805,extent,2,2
6806,extinguishing,2,1
6807,extracting,2,2
6808,extracurricular,2,2
6809,extravehicular,2,1
6810,fabricated,2,2
6811,facts,2,2
6812,fail,2,2
6813,failure,2,2
6814,falcata,2,1
6815,fare,2,1
6816,fashion,2,2
6817,fastened,2,1
6818,faults,2,2
6819,fba,2,2
6820,feedforward,2,1
6821,feg,2,2
6822,felt,2,2
6823,fen,2,2
6824,fermentation,2,2
6825,ferns,2,2
6826,fertilizer,2,2
6827,festive,2,2
6828,fgb,2,2
6829,fgh,2,2
6830,fghi,2,2
6831,fghmn,2,1
6832,fibrous,2,1
6833,filial,2,1
6834,filming,2,1
6835,finches,2,1
6836,finishes,2,2
6837,fir,2,2
6838,fix,2,2
6839,fixing,2,2
6840,flavonoid,2,2
6841,fled,2,1
6842,flee,2,2
6843,flips,2,2
6844,flooding,2,2
6845,floods,2,2
6846,florian,2,2
6847,flowchart,2,2
6848,flowerbeds,2,1
6849,flu,2,2
6850,fluctuation,2,2
6851,flue,2,1
6852,focuses,2,2
6853,foe,2,2
6854,foetus,2,2
6855,foggy,2,2
6856,footbridge,2,1
6857,forced,2,2
6858,forget,2,1
6859,fort,2,1
6860,forwards,2,2
6861,fox,2,2
6862,fractionally,2,1
6863,frankie,2,1
6864,freda,2,2
6865,freezes,2,1
6866,frictionlessly,2,2
6867,friendships,2,1
6868,frsl,2,1
6869,furthermore,2,2
6870,fusicoccin,2,1
6871,fusion,2,2
6872,gable,2,2
6873,gagac,2,1
6874,gained,2,2
6875,gaining,2,2
6876,gaofen,2,1
6877,garage,2,1
6878,garcia,2,1
6879,gaseous,2,2
6880,gather,2,2
6881,gauss,2,2
6882,gave,2,2
6883,gec,2,2
6884,gef,2,2
6885,gender,2,2
6886,generators,2,2
6887,genevieve,2,1
6888,geometrical,2,2
6889,geometrically,2,1
6890,gerda,2,1
6891,germinating,2,2
6892,gina,2,1
6893,girls,2,1
6894,gliding,2,2
6895,glitch,2,1
6896,globalization,2,2
6897,globin,2,1
6898,gluconeogenesis,2,2
6899,glumes,2,2
6900,glutamate,2,2
6901,glutamic,2,2
6902,glycine,2,2
6903,glycinium,2,1
6904,glycolytic,2,1
6905,gmr,2,2
6906,god,2,2
6907,gonads,2,2
6908,gopt,2,2
6909,governance,2,2
6910,graaff,2,2
6911,grabs,2,2
6912,grasslands,2,2
6913,gravitation,2,2
6914,greek,2,2
6915,greenhouse,2,2
6916,greenwich,2,2
6917,grids,2,2
6918,gridtown,2,1
6919,guess,2,1
6920,guilin,2,1
6921,guilty,2,2
6922,guiyang,2,2
6923,gum,2,2
6924,guppy,2,2
6925,h2c2o4,2,1
6926,haikui,2,2
6927,hair,2,2
6928,halo,2,1
6929,haloalkanes,2,2
6930,happened,2,2
6931,happy,2,2
6932,hardened,2,2
6933,hardly,2,2
6934,harness,2,1
6935,harry,2,2
6936,haruna,2,2
6937,harvest,2,2
6938,hatching,2,2
6939,hawaiian,2,2
6940,hazards,2,2
6941,hc2h3o2,2,2
6942,hcd,2,2
6943,health,2,2
6944,heater,2,2
6945,heaven,2,2
6946,heavily,2,2
6947,hebei,2,2
6948,hemiacetal,2,2
6949,hemiketal,2,2
6950,heritage,2,2
6951,heroes,2,2
6952,hexigten,2,2
6953,hip,2,1
6954,hippocampal,2,1
6955,hippocampus,2,1
6956,hometowns,2,2
6957,hong,2,2
6958,hoops,2,1
6959,hospital,2,2
6960,hourly,2,2
6961,hovers,2,2
6962,hso,2,2
6963,huaihe,2,1
6964,huangshan,2,2
6965,hubble,2,1
6966,huinantian,2,1
6967,hwp,2,2
6968,hydraulic,2,1
6969,hydroelectric,2,1
6970,hysteresis,2,2
6971,identically,2,2
6972,identification,2,2
6973,identifies,2,2
6974,identifying,2,1
6975,ignites,2,1
6976,imagined,2,2
6977,impinging,2,2
6978,implementing,2,2
6979,import,2,2
6980,imported,2,2
6981,improving,2,2
6982,impulses,2,2
6983,impulsive,2,2
6984,incomplete,2,2
6985,indirect,2,2
6986,indoor,2,2
6987,induces,2,2
6988,inducing,2,1
6989,inductors,2,2
6990,inertial,2,1
6991,infants,2,1
6992,inferring,2,2
6993,inflate,2,2
6994,inflates,2,2
6995,inflation,2,1
6996,initiates,2,1
6997,innermost,2,2
6998,innervates,2,2
6999,inoculate,2,2
7000,insertions,2,2
7001,insist,2,2
7002,inspired,2,2
7003,instar,2,2
7004,intact,2,2
7005,intellectual,2,2
7006,intended,2,2
7007,intends,2,2
7008,interact,2,2
7009,intercept,2,2
7010,interconnected,2,2
7011,intercropping,2,1
7012,intercross,2,2
7013,interfacing,2,2
7014,interiors,2,2
7015,interquartile,2,2
7016,intestine,2,2
7017,introduction,2,2
7018,intrusion,2,2
7019,iridum,2,2
7020,irregularly,2,2
7021,irrigated,2,2
7022,islet,2,2
7023,isochoric,2,1
7024,isochrone,2,2
7025,isohyets,2,2
7026,isolation,2,2
7027,isoleucine,2,1
7028,isomers,2,2
7029,issues,2,2
7030,italy,2,2
7031,itemize,2,1
7032,iupac,2,2
7033,j100,2,1
7034,jam,2,2
7035,jet,2,2
7036,jette,2,1
7037,jettison,2,1
7038,jianglang,2,2
7039,jin,2,2
7040,jkn,2,2
7041,jlp,2,1
7042,jockey,2,2
7043,jog,2,1
7044,journeys,2,2
7045,kabul,2,1
7046,kan,2,2
7047,karin,2,2
7048,karst,2,2
7049,kathi,2,2
7050,katrin,2,2
7051,kbaud,2,2
7052,kde,2,2
7053,keshiketeng,2,2
7054,kilogram,2,2
7055,kim,2,1
7056,kinase,2,2
7057,klm,2,2
7058,kln,2,2
7059,knots,2,1
7060,kpa,2,2
7061,krills,2,2
7062,kubuqi,2,2
7063,lagrange,2,2
7064,lakes,2,2
7065,landforms,2,2
7066,landslides,2,1
7067,language,2,2
7068,lanthanum,2,2
7069,lap,2,1
7070,latest,2,2
7071,latex,2,1
7072,launches,2,2
7073,leaks,2,2
7074,learn,2,2
7075,learning,2,2
7076,leaved,2,2
7077,legend,2,2
7078,leisurely,2,2
7079,lemon,2,2
7080,lena,2,1
7081,lenz,2,2
7082,leopard,2,2
7083,lesson,2,1
7084,lets,2,2
7085,lettered,2,2
7086,levitate,2,2
7087,levitates,2,2
7088,liepa,2,1
7089,lifetimes,2,2
7090,ligases,2,2
7091,ligated,2,2
7092,lighting,2,2
7093,likes,2,2
7094,limbless,2,2
7095,limitation,2,2
7096,linking,2,2
7097,literature,2,2
7098,lithium,2,1
7099,livestock,2,1
7100,loads,2,2
7101,log,2,2
7102,longtail,2,1
7103,longwave,2,2
7104,lot,2,2
7105,loved,2,2
7106,lovers,2,2
7107,lowered,2,2
7108,lowpass,2,2
7109,lucy,2,1
7110,luis,2,1
7111,lukas,2,1
7112,lung,2,2
7113,mab,2,2
7114,macdonald,2,1
7115,magmatic,2,2
7116,magnesium,2,1
7117,magnetically,2,2
7118,mahi,2,1
7119,mahogany,2,1
7120,maia,2,1
7121,maker,2,1
7122,mandarins,2,1
7123,manganese,2,2
7124,mango,2,2
7125,manicotti,2,1
7126,manifestation,2,2
7127,mantissa,2,2
7128,mantle,2,2
7129,manually,2,1
7130,manufactured,2,2
7131,manufactures,2,2
7132,manure,2,2
7133,marginal,2,2
7134,margot,2,1
7135,markers,2,2
7136,marketed,2,2
7137,marry,2,2
7138,martin,2,2
7139,mats,2,1
7140,maturation,2,2
7141,maximally,2,2
7142,mbcn,2,2
7143,mcdonald,2,2
7144,meat,2,1
7145,medal,2,2
7146,mediated,2,2
7147,mediterranean,2,2
7148,membranous,2,2
7149,menhaden,2,2
7150,mesophyll,2,2
7151,metals,2,2
7152,meteorite,2,1
7153,meteorology,2,2
7154,methacrylate,2,2
7155,methanol,2,2
7156,methyl,2,2
7157,methylamine,2,1
7158,methylbutanoic,2,2
7159,metre,2,1
7160,michael,2,2
7161,micromoles,2,2
7162,microprocessor,2,2
7163,microscopes,2,2
7164,microscopic,2,2
7165,microscopy,2,2
7166,microseconds,2,2
7167,midband,2,2
7168,midfield,2,1
7169,midriff,2,2
7170,midsegment,2,2
7171,midway,2,2
7172,midwestern,2,2
7173,migrate,2,2
7174,migrating,2,1
7175,mike,2,2
7176,miller,2,2
7177,milliseconds,2,2
7178,minnows,2,2
7179,minus,2,2
7180,mission,2,1
7181,mistake,2,2
7182,mnop,2,2
7183,mnp,2,1
7184,mnpr,2,2
7185,mob,2,2
7186,mobile,2,2
7187,moc,2,1
7188,modeled,2,2
7189,modify,2,1
7190,modular,2,2
7191,monatomic,2,2
7192,monogenic,2,2
7193,monster,2,1
7194,morafka,2,2
7195,moritz,2,2
7196,mortality,2,2
7197,mos1,2,1
7198,mos2,2,1
7199,mosif,2,1
7200,mothers,2,1
7201,motivations,2,2
7202,mound,2,2
7203,mouthparts,2,2
7204,mpn,2,2
7205,mpx,2,2
7206,mrs,2,2
7207,mudslide,2,1
7208,mulberry,2,2
7209,multimeter,2,1
7210,multiplexers,2,2
7211,multiplexor,2,1
7212,mutagen,2,2
7213,mutates,2,1
7214,muzzle,2,1
7215,namely,2,2
7216,nameplate,2,2
7217,ncl,2,2
7218,ncl3,2,2
7219,neb,2,2
7220,neighbour,2,2
7221,neurotransmitter,2,2
7222,neutralize,2,2
7223,neutralized,2,2
7224,nevada,2,2
7225,nights,2,2
7226,nile,2,2
7227,ninth,2,1
7228,nitration,2,2
7229,nitrite,2,2
7230,nitrous,2,2
7231,no3,2,2
7232,nonagon,2,2
7233,nonfeeding,2,2
7234,nonoverlapping,2,1
7235,nonzero,2,2
7236,nose,2,1
7237,noticeably,2,2
7238,noticing,2,2
7239,npy,2,2
7240,nucleotides,2,1
7241,null,2,2
7242,numerous,2,2
7243,nurse,2,2
7244,nutritionists,2,2
7245,oacb,2,2
7246,oad,2,2
7247,oap,2,2
7248,oba,2,2
7249,obe,2,2
7250,observes,2,2
7251,oceanic,2,2
7252,ocl,2,2
7253,octet,2,2
7254,odce,2,2
7255,ode,2,2
7256,oef,2,1
7257,olivia,2,1
7258,onward,2,2
7259,operator,2,2
7260,optimizing,2,2
7261,ordering,2,2
7262,ordinary,2,2
7263,ordinates,2,2
7264,orleans,2,1
7265,otl,2,2
7266,ottawa,2,1
7267,outdoor,2,1
7268,outlets,2,2
7269,outspread,2,1
7270,ovaries,2,2
7271,overcast,2,2
7272,overexpression,2,1
7273,overlapped,2,2
7274,overshoot,2,2
7275,overtakes,2,2
7276,ovule,2,2
7277,owls,2,2
7278,owners,2,2
7279,oxalate,2,2
7280,oxidase,2,2
7281,pack,2,2
7282,packages,2,2
7283,pads,2,1
7284,paintings,2,1
7285,paleontology,2,2
7286,panel,2,2
7287,panels,2,1
7288,pao,2,2
7289,parallels,2,2
7290,parasol,2,2
7291,paris,2,2
7292,participants,2,2
7293,participates,2,2
7294,patrolling,2,2
7295,pave,2,1
7296,paved,2,2
7297,pavilion,2,2
7298,paving,2,1
7299,pba,2,2
7300,pbqd,2,1
7301,pca,2,2
7302,pcb,2,2
7303,pcm,2,1
7304,pea,2,1
7305,peach,2,1
7306,peaks,2,2
7307,pear,2,2
7308,pearls,2,1
7309,pebf,2,2
7310,pegs,2,1
7311,pencil,2,2
7312,pendulums,2,1
7313,penultimate,2,2
7314,peppered,2,1
7315,perennial,2,2
7316,peripheral,2,2
7317,personal,2,2
7318,personnel,2,2
7319,perspectives,2,2
7320,pesticides,2,2
7321,pete,2,1
7322,ph3,2,2
7323,pheasant,2,1
7324,photocell,2,1
7325,photodiode,2,1
7326,photography,2,2
7327,phototropism,2,2
7328,photovoltaic,2,2
7329,phreatic,2,2
7330,physoly,2,2
7331,picked,2,1
7332,pickup,2,2
7333,pile,2,2
7334,pilots,2,2
7335,pinch,2,2
7336,pink,2,2
7337,pipette,2,1
7338,pit,2,1
7339,pitch,2,2
7340,pituitary,2,2
7341,plenary,2,2
7342,plug,2,1
7343,plus,2,2
7344,pm10,2,2
7345,pmon,2,2
7346,poe,2,2
7347,poem,2,2
7348,pointers,2,2
7349,policies,2,2
7350,polish,2,2
7351,pollinate,2,2
7352,polluted,2,2
7353,polyline,2,2
7354,polyprotic,2,2
7355,popular,2,2
7356,poq,2,2
7357,pores,2,1
7358,portions,2,2
7359,possibilities,2,2
7360,posterior,2,2
7361,posts,2,1
7362,postsynaptic,2,2
7363,potassium,2,2
7364,pouch,2,1
7365,pounds,2,1
7366,pouring,2,2
7367,pqt,2,2
7368,practice,2,2
7369,practicing,2,2
7370,precedence,2,2
7371,precise,2,2
7372,precursor,2,2
7373,predicting,2,2
7374,predictor,2,2
7375,prefix,2,2
7376,preliminary,2,2
7377,preparation,2,2
7378,prepares,2,2
7379,pres2,2,1
7380,president,2,2
7381,presses,2,2
7382,pressing,2,2
7383,presynaptic,2,2
7384,preventing,2,2
7385,prevention,2,2
7386,priced,2,2
7387,primer,2,2
7388,printing,2,2
7389,proceed,2,2
7390,processed,2,2
7391,profitability,2,2
7392,progeny,2,2
7393,proliferation,2,1
7394,promoter,2,2
7395,prompted,2,2
7396,propanol,2,1
7397,propelled,2,2
7398,propene,2,2
7399,propose,2,2
7400,protected,2,2
7401,psq,2,1
7402,psr,2,2
7403,pudong,2,2
7404,pulmonary,2,1
7405,punch,2,1
7406,punches,2,2
7407,purity,2,1
7408,q3q2q1,2,1
7409,qabo,2,1
7410,qilian,2,2
7411,qingming,2,2
7412,qingzhen,2,2
7413,qps,2,2
7414,qrp,2,2
7415,qrtu,2,2
7416,qualified,2,1
7417,quantitative,2,2
7418,quarantined,2,2
7419,quasi,2,2
7420,quasiparticles,2,1
7421,queen,2,2
7422,rabi,2,1
7423,radiates,2,1
7424,raffinate,2,2
7425,raising,2,2
7426,rammed,2,1
7427,ramming,2,1
7428,ramos,2,1
7429,ranked,2,2
7430,reactant,2,2
7431,reacted,2,2
7432,reacting,2,2
7433,reacts,2,2
7434,rearrangement,2,2
7435,reasoning,2,2
7436,rebound,2,1
7437,receptacle,2,1
7438,recognition,2,2
7439,recombinants,2,1
7440,recurrence,2,2
7441,ref,2,2
7442,reflectivity,2,1
7443,regeneration,2,2
7444,regularly,2,2
7445,regulate,2,2
7446,regulations,2,2
7447,regulatory,2,2
7448,reheated,2,2
7449,relate,2,2
7450,relating,2,2
7451,relations,2,2
7452,relaxation,2,2
7453,reliably,2,2
7454,relies,2,2
7455,remelting,2,2
7456,remember,2,2
7457,removal,2,1
7458,renovation,2,2
7459,replicate,2,2
7460,reserves,2,1
7461,residuals,2,2
7462,resistivities,2,2
7463,resolution,2,2
7464,resonance,2,2
7465,resort,2,1
7466,respects,2,2
7467,restoration,2,2
7468,resulted,2,2
7469,retaining,2,1
7470,retractable,2,1
7471,reversed,2,2
7472,reverses,2,2
7473,reversing,2,1
7474,reviewed,2,2
7475,revitalization,2,2
7476,revolve,2,2
7477,revolving,2,2
7478,ribosomal,2,2
7479,ribosomes,2,2
7480,richter,2,2
7481,ridden,2,2
7482,riemann,2,2
7483,rifle,2,1
7484,riki,2,1
7485,rinderpest,2,2
7486,risen,2,2
7487,rita,2,2
7488,riverbanks,2,2
7489,riverbed,2,2
7490,rom,2,1
7491,roman,2,2
7492,roses,2,2
7493,rotifer,2,2
7494,rounds,2,2
7495,routine,2,2
7496,roving,2,2
7497,rsp,2,2
7498,rstu,2,2
7499,rstv,2,2
7500,rsu,2,2
7501,rsv,2,2
7502,rutherford,2,2
7503,sabc,2,1
7504,sacha,2,1
7505,sailboat,2,1
7506,sal,2,1
7507,salamander,2,2
7508,salmon,2,2
7509,sam,2,1
7510,sandbags,2,2
7511,sandwich,2,1
7512,sandy,2,2
7513,sangluo,2,2
7514,sanya,2,2
7515,sap,2,2
7516,sarcolemma,2,2
7517,sasha,2,1
7518,saturn,2,2
7519,sau3ai,2,1
7520,says,2,2
7521,sb2,2,1
7522,sbh3,2,2
7523,schemes,2,2
7524,schools,2,1
7525,scientist,2,2
7526,screens,2,2
7527,screw,2,1
7528,seamlessly,2,2
7529,search,2,2
7530,seashore,2,2
7531,seated,2,1
7532,secretes,2,2
7533,sedan,2,1
7534,sedimentary,2,2
7535,sediments,2,1
7536,seedling,2,2
7537,seeing,2,2
7538,selfed,2,1
7539,sending,2,2
7540,senescence,2,1
7541,sensitivity,2,2
7542,serine,2,2
7543,serves,2,2
7544,settle,2,2
7545,shaanxi,2,2
7546,shadows,2,2
7547,shafts,2,1
7548,shaken,2,1
7549,shall,2,2
7550,sharing,2,2
7551,sharply,2,2
7552,sheath,2,2
7553,sheep,2,2
7554,sheila,2,1
7555,shellfish,2,2
7556,shelves,2,1
7557,shielding,2,2
7558,shifted,2,2
7559,shilin,2,2
7560,shining,2,2
7561,shipped,2,2
7562,shirt,2,1
7563,shoe,2,2
7564,shone,2,2
7565,shortwave,2,2
7566,shots,2,2
7567,shrank,2,2
7568,shrink,2,2
7569,shunt,2,2
7570,shut,2,2
7571,siblings,2,2
7572,sidelength,2,2
7573,siderophores,2,1
7574,sierra,2,2
7575,silt,2,1
7576,silted,2,2
7577,silting,2,2
7578,silvered,2,2
7579,simbel,2,2
7580,simone,2,1
7581,simplifying,2,2
7582,sink,2,2
7583,sinus,2,2
7584,sio2,2,1
7585,sisters,2,2
7586,sixty,2,2
7587,skateboards,2,1
7588,skeletal,2,2
7589,skeleton,2,2
7590,skills,2,2
7591,slanted,2,1
7592,slippage,2,2
7593,sloped,2,2
7594,slot,2,1
7595,slows,2,2
7596,smelt,2,2
7597,smelter,2,2
7598,smelting,2,2
7599,snap,2,1
7600,soaking,2,1
7601,soared,2,2
7602,socioeconomic,2,2
7603,software,2,2
7604,sol,2,1
7605,solenoids,2,2
7606,southwesternmost,2,1
7607,soybeans,2,1
7608,spacer,2,1
7609,spacewalking,2,1
7610,spaghetti,2,1
7611,speaker,2,2
7612,speaking,2,2
7613,specializes,2,2
7614,speeding,2,2
7615,spend,2,2
7616,sperm,2,2
7617,spermatocytes,2,1
7618,spilling,2,2
7619,sport,2,2
7620,sports,2,2
7621,sportswear,2,2
7622,spotted,2,2
7623,spread,2,2
7624,spreads,2,2
7625,squirrel,2,2
7626,squirrels,2,2
7627,src,2,2
7628,stabilize,2,2
7629,stabilized,2,2
7630,stably,2,2
7631,stacks,2,1
7632,stained,2,2
7633,stairs,2,2
7634,stalagmites,2,2
7635,stalk,2,2
7636,stamping,2,2
7637,standardized,2,2
7638,startup,2,2
7639,starve,2,2
7640,stems,2,2
7641,steph,2,1
7642,steppe,2,1
7643,stereoisomers,2,2
7644,sterile,2,1
7645,stokes,2,1
7646,stomata,2,1
7647,stomatal,2,2
7648,stood,2,2
7649,stormer,2,1
7650,strawberries,2,2
7651,streetlight,2,2
7652,streetlights,2,2
7653,strike,2,2
7654,striking,2,2
7655,strokes,2,1
7656,stronger,2,2
7657,strontium,2,1
7658,style,2,2
7659,subjects,2,2
7660,substitutions,2,2
7661,subsystems,2,1
7662,subtending,2,2
7663,subtilis,2,1
7664,subtraction,2,2
7665,sudden,2,2
7666,suffered,2,2
7667,suffering,2,2
7668,suit,2,2
7669,suitcase,2,1
7670,sulfite,2,1
7671,sulfoxide,2,2
7672,sunflowers,2,1
7673,sunshade,2,1
7674,sunspot,2,1
7675,suppression,2,2
7676,surveyed,2,2
7677,survive,2,2
7678,sustained,2,2
7679,swap,2,2
7680,swapped,2,1
7681,symbiotic,2,1
7682,syncronous,2,2
7683,synthesize,2,1
7684,synthesizes,2,2
7685,syringe,2,2
7686,tablets,2,2
7687,tabular,2,1
7688,tabulated,2,2
7689,taihang,2,2
7690,taitung,2,2
7691,tanks,2,2
7692,tapes,2,1
7693,targets,2,2
7694,task,2,2
7695,taste,2,2
7696,tax,2,1
7697,taxes,2,2
7698,taylor,2,1
7699,tea,2,2
7700,tectonic,2,1
7701,tectonics,2,2
7702,tem,2,2
7703,temporary,2,2
7704,termite,2,2
7705,thaliana,2,2
7706,theme,2,2
7707,thicknesses,2,2
7708,think,2,2
7709,thirty,2,2
7710,thomas,2,2
7711,thorax,2,2
7712,thrusters,2,1
7713,tianjin,2,2
7714,tighten,2,1
7715,tightrope,2,1
7716,tikzpicture,2,1
7717,tiling,2,1
7718,tire,2,1
7719,tissues,2,2
7720,tomatoes,2,2
7721,too,2,2
7722,toppings,2,2
7723,toss,2,2
7724,totipotent,2,2
7725,tournament,2,2
7726,tracked,2,2
7727,trained,2,2
7728,trainees,2,1
7729,trainer,2,1
7730,tranquil,2,2
7731,transconductances,2,2
7732,transitioned,2,2
7733,transitions,2,2
7734,transmit,2,2
7735,transmittance,2,1
7736,transmitting,2,2
7737,transparencies,2,1
7738,transports,2,2
7739,trapeziums,2,2
7740,trefoil,2,1
7741,trials,2,2
7742,triangulated,2,1
7743,tries,2,2
7744,triomino,2,1
7745,trioxide,2,2
7746,trisect,2,2
7747,trolleybuses,2,2
7748,tromino,2,1
7749,trominos,2,1
7750,troops,2,1
7751,trucks,2,2
7752,tsui,2,1
7753,tualang,2,2
7754,tulip,2,2
7755,tunable,2,1
7756,turbulent,2,2
7757,turtle,2,1
7758,tuv,2,2
7759,tuvr,2,1
7760,twin,2,2
7761,twyz,2,2
7762,ultimately,2,2
7763,umbrella,2,2
7764,umbrellas,2,2
7765,uncoloured,2,1
7766,understanding,2,2
7767,undissolved,2,2
7768,unfolding,2,2
7769,unicycle,2,1
7770,unless,2,2
7771,unlimited,2,2
7772,unmanned,2,2
7773,unpainted,2,1
7774,unpowered,2,2
7775,unprecedented,2,2
7776,unrelated,2,2
7777,unsaturated,2,2
7778,unshorted,2,2
7779,unsymmetrical,2,2
7780,unusually,2,2
7781,uppermost,2,2
7782,uptake,2,2
7783,uracil,2,2
7784,urey,2,2
7785,urumqi,2,2
7786,usage,2,2
7787,usher,2,2
7788,ushuaia,2,2
7789,utilized,2,2
7790,valleys,2,2
7791,vanilla,2,2
7792,vaporization,2,2
7793,var,2,2
7794,variant,2,2
7795,veins,2,2
7796,venezuela,2,1
7797,verge,2,2
7798,version,2,2
7799,vietnam,2,2
7800,vietnamese,2,2
7801,violated,2,2
7802,violet,2,1
7803,visualized,2,2
7804,vowel,2,2
7805,voyage,2,2
7806,vt2,2,2
7807,wafers,2,2
7808,wait,2,2
7809,walkways,2,1
7810,walled,2,2
7811,wanda,2,1
7812,wands,2,1
7813,wangjiazhai,2,2
7814,wanzhou,2,2
7815,waterbird,2,1
7816,waterlogging,2,1
7817,watt,2,2
7818,weaken,2,2
7819,weaker,2,2
7820,weakest,2,2
7821,wears,2,2
7822,weasels,2,1
7823,weathered,2,2
7824,weathertong,2,2
7825,wedges,2,1
7826,weekly,2,2
7827,weightlessness,2,1
7828,welcomed,2,2
7829,westward,2,1
7830,wharf,2,2
7831,whenever,2,2
7832,whichever,2,2
7833,whistle,2,1
7834,whistles,2,1
7835,wholesale,2,2
7836,whom,2,2
7837,winged,2,1
7838,wingless,2,2
7839,winner,2,2
7840,wiring,2,1
7841,wisconsin,2,1
7842,wished,2,2
7843,wolves,2,2
7844,words,2,2
7845,worked,2,2
7846,workflow,2,2
7847,worm,2,2
7848,xiaofang,2,1
7849,yanshan,2,2
7850,yarkand,2,2
7851,yesterday,2,2
7852,younger,2,2
7853,zag,2,2
7854,zaozhuang,2,2
7855,zeeman,2,1
7856,zeros,2,2
7857,zhangjiakou,2,1
7858,zhou,2,2
7859,ziel,2,2
7860,zig,2,2
7861,zigzag,2,2
7862,zigzagging,2,1
7863,zirconium,2,2
7864,zonation,2,2
7865,zpf,2,1
7866,zwx,2,2
7867,zygotic,2,1
7868,zyw,2,1
7869,zyx,2,2
7870,01c,1,1
7871,01s,1,1
7872,03a9,1,1
7873,04kg,1,1
7874,09x,1,1
7875,0cm,1,1
7876,10000t,1,1
7877,1000m,1,1
7878,100km,1,1
7879,100v,1,1
7880,10a,1,1
7881,10cm,1,1
7882,10h,1,1
7883,10l,1,1
7884,10mv,1,1
7885,10n,1,1
7886,10r,1,1
7887,10u,1,1
7888,10w,1,1
7889,11a,1,1
7890,11kv,1,1
7891,11kw,1,1
7892,11r0,1,1
7893,127g,1,1
7894,12cm,1,1
7895,12f,1,1
7896,12l,1,1
7897,12m,1,1
7898,13cm,1,1
7899,13g,1,1
7900,13m,1,1
7901,13th,1,1
7902,140n,1,1
7903,14h,1,1
7904,14h30min,1,1
7905,14n,1,1
7906,14x,1,1
7907,150v,1,1
7908,15cm,1,1
7909,15km,1,1
7910,15min,1,1
7911,15s,1,1
7912,15th,1,1
7913,1600m,1,1
7914,16b,1,1
7915,16n,1,1
7916,16p,1,1
7917,16qam,1,1
7918,16r,1,1
7919,1780s,1,1
7920,180v,1,1
7921,18x,1,1
7922,1ab,1,1
7923,1ao,1,1
7924,1atm,1,1
7925,1cdo,1,1
7926,1ma,1,1
7927,2000m,1,1
7928,2000t,1,1
7929,200k,1,1
7930,200mm,1,1
7931,2011th,1,1
7932,2012th,1,1
7933,2019a,1,1
7934,2019b,1,1
7935,2019c,1,1
7936,2019d,1,1
7937,2022nd,1,1
7938,2023rd,1,1
7939,20b,1,1
7940,20c,1,1
7941,20l,1,1
7942,20min,1,1
7943,20mm,1,1
7944,20n,1,1
7945,20t,1,1
7946,2200v,1,1
7947,220sin,1,1
7948,22nd,1,1
7949,24h,1,1
7950,24v,1,1
7951,250k,1,1
7952,250n,1,1
7953,25cm,1,1
7954,25mv,1,1
7955,25r,1,1
7956,25th,1,1
7957,273k,1,1
7958,27th,1,1
7959,280k,1,1
7960,28th,1,1
7961,298k,1,1
7962,2aa,1,1
7963,2ac,1,1
7964,2ao,1,1
7965,2cf,1,1
7966,2cn,1,1
7967,2co2,1,1
7968,2cq,1,1
7969,2db,1,1
7970,2dc,1,1
7971,2ec,1,1
7972,2ed,1,1
7973,2em,1,1
7974,2eo,1,1
7975,2fe,1,1
7976,2hd,1,1
7977,2hno,1,1
7978,2kl,1,1
7979,2lm,1,1
7980,2mc,1,1
7981,2mn,1,1
7982,2ms,1,1
7983,2mx,1,1
7984,2na,1,1
7985,2nacl,1,1
7986,2nc,1,1
7987,2nch,1,1
7988,2nh,1,1
7989,2nh3,1,1
7990,2no2,1,1
7991,2nt,1,1
7992,2o2,1,1
7993,2of,1,1
7994,2pq,1,1
7995,2qd,1,1
7996,2xy,1,1
7997,300m,1,1
7998,3099m,1,1
7999,30h,1,1
8000,30kv,1,1
8001,30min,1,1
8002,30v,1,1
8003,311sin,1,1
8004,311sin100,1,1
8005,32mg,1,1
8006,342mm,1,1
8007,3500m,1,1
8008,36j,1,1
8009,36k,1,1
8010,3776m,1,1
8011,37th,1,1
8012,3ac,1,1
8013,3bc,1,1
8014,3cd,1,1
8015,3ce,1,1
8016,3cf,1,1
8017,3cm,1,1
8018,3coh,1,1
8019,3db,1,1
8020,3df,1,1
8021,3dg8,1,1
8022,3dn,1,1
8023,3ec,1,1
8024,3fc,1,1
8025,3h2o,1,1
8026,3mb,1,1
8027,3mg,1,1
8028,3mn,1,1
8029,3nad,1,1
8030,3nadh,1,1
8031,3no,1,1
8032,3no2,1,1
8033,3oa,1,1
8034,3od,1,1
8035,3om,1,1
8036,400v,1,1
8037,40m,1,1
8038,40min,1,1
8039,40n,1,1
8040,40rad,1,1
8041,40v,1,1
8042,40w,1,1
8043,44w,1,1
8044,452b,1,1
8045,46s,1,1
8046,46th,1,1
8047,4ax,1,1
8048,4hno3,1,1
8049,4kg,1,1
8050,4km,1,1
8051,4ktr,1,1
8052,4mg,1,1
8053,4ms,1,1
8054,4n2,1,1
8055,4no,1,1
8056,4om,1,1
8057,4pb,1,1
8058,4qb,1,1
8059,500g,1,1
8060,500k,1,1
8061,500t,1,1
8062,50hz,1,1
8063,50min,1,1
8064,50s,1,1
8065,52v,1,1
8066,53rd,1,1
8067,54th,1,1
8068,573g,1,1
8069,5atm,1,1
8070,5kg,1,1
8071,5pc,1,1
8072,5r0,1,1
8073,60ev,1,1
8074,60s,1,1
8075,60v,1,1
8076,60w,1,1
8077,628t,1,1
8078,66w,1,1
8079,6bp,1,1
8080,74ls161,1,1
8081,74v,1,1
8082,8000kg,1,1
8083,800k,1,1
8084,800m,1,1
8085,800mm,1,1
8086,8085a,1,1
8087,80n,1,1
8088,80s,1,1
8089,8gl,1,1
8090,8mg,1,1
8091,90s,1,1
8092,93k,1,1
8093,96m,1,1
8094,abandoned,1,1
8095,abbas,1,1
8096,abcdefg,1,1
8097,abcp,1,1
8098,abcq,1,1
8099,abdf,1,1
8100,abdomen,1,1
8101,abec,1,1
8102,abfc,1,1
8103,abg,1,1
8104,abgd,1,1
8105,abh,1,1
8106,abih,1,1
8107,ablate,1,1
8108,abmn,1,1
8109,abnmd,1,1
8110,aboard,1,1
8111,abpc,1,1
8112,abq,1,1
8113,abscissae,1,1
8114,absolutely,1,1
8115,absr,1,1
8116,abutting,1,1
8117,aca,1,1
8118,acbd,1,1
8119,accelerators,1,1
8120,accept,1,1
8121,acceptance,1,1
8122,acceptor,1,1
8123,accessibility,1,1
8124,accessory,1,1
8125,acclaimed,1,1
8126,accomplish,1,1
8127,accomplished,1,1
8128,accumulator,1,1
8129,aced,1,1
8130,acetabularia,1,1
8131,acfg,1,1
8132,acgd,1,1
8133,achi,1,1
8134,achievable,1,1
8135,achromaticity,1,1
8136,acq,1,1
8137,acquire,1,1
8138,acquired,1,1
8139,acquisition,1,1
8140,acth,1,1
8141,adaptability,1,1
8142,adaptation,1,1
8143,adaptations,1,1
8144,adcb,1,1
8145,addresses,1,1
8146,adeg,1,1
8147,adg,1,1
8148,adhg,1,1
8149,adiabatically,1,1
8150,adjustments,1,1
8151,adn,1,1
8152,adoe,1,1
8153,adorned,1,1
8154,adrenocorticotropic,1,1
8155,adriana,1,1
8156,adsorbing,1,1
8157,advances,1,1
8158,advocated,1,1
8159,ady,1,1
8160,aecd,1,1
8161,aedb,1,1
8162,aee,1,1
8163,aegh,1,1
8164,aeh,1,1
8165,aeks,1,1
8166,aem,1,1
8167,aeod,1,1
8168,aeph,1,1
8169,aeration,1,1
8170,aerial,1,1
8171,aeronautics,1,1
8172,aerosols,1,1
8173,aerospace,1,1
8174,afd,1,1
8175,afferent,1,1
8176,affiliated,1,1
8177,afh,1,1
8178,afr,1,1
8179,african,1,1
8180,agch,1,1
8181,agcl,1,1
8182,agfb,1,1
8183,aggravate,1,1
8184,aggravation,1,1
8185,aggregation,1,1
8186,aghi,1,1
8187,agi,1,1
8188,agq,1,1
8189,agro,1,1
8190,ahc,1,1
8191,ahf,1,1
8192,ahg,1,1
8193,aib,1,1
8194,aic,1,1
8195,aid,1,1
8196,aiming,1,1
8197,aims,1,1
8198,airborne,1,1
8199,airports,1,1
8200,ajabchchija,1,1
8201,aje,1,1
8202,ajicb,1,1
8203,akash,1,1
8204,akb,1,1
8205,akin,1,1
8206,aladdin,1,1
8207,alarm,1,1
8208,algael,1,1
8209,algebra,1,1
8210,alicia,1,1
8211,alignment,1,1
8212,alive,1,1
8213,alkaline,1,1
8214,alligator,1,1
8215,aloft,1,1
8216,alongside,1,1
8217,alpha,1,1
8218,alphabet,1,1
8219,alphabetic,1,1
8220,alps,1,1
8221,alternatively,1,1
8222,altimeter,1,1
8223,alumnus,1,1
8224,ambiguously,1,1
8225,amc8,1,1
8226,amd,1,1
8227,amde,1,1
8228,amery,1,1
8229,aminotransferase,1,1
8230,amongst,1,1
8231,amphibious,1,1
8232,amplifiers,1,1
8233,ampn,1,1
8234,amy,1,1
8235,anaerobic,1,1
8236,analogy,1,1
8237,analyzes,1,1
8238,anaphase,1,1
8239,anastasia,1,1
8240,anchor,1,1
8241,anchored,1,1
8242,ancients,1,1
8243,andrea,1,1
8244,andy,1,1
8245,angeles,1,1
8246,aniline,1,1
8247,animolympiad,1,1
8248,anion,1,1
8249,anita,1,1
8250,ankle,1,1
8251,anmd,1,1
8252,anne,1,1
8253,annotated,1,1
8254,annotating,1,1
8255,announced,1,1
8256,annular,1,1
8257,anomalous,1,1
8258,ansatz,1,1
8259,antennas,1,1
8260,anterior,1,1
8261,anther,1,1
8262,antimicrobial,1,1
8263,aoa,1,1
8264,aobcpd,1,1
8265,aobp,1,1
8266,aoi,1,1
8267,aon,1,1
8268,aorta,1,1
8269,apartment,1,1
8270,apcd,1,1
8271,apg,1,1
8272,apice,1,1
8273,apn,1,1
8274,appendix,1,1
8275,apples,1,1
8276,applicable,1,1
8277,appreciated,1,1
8278,appropriately,1,1
8279,approve,1,1
8280,approximates,1,1
8281,approximating,1,1
8282,approximations,1,1
8283,apqm,1,1
8284,apqrs,1,1
8285,aqb,1,1
8286,aqc,1,1
8287,aqcp,1,1
8288,aquaporin,1,1
8289,arable,1,1
8290,arachnids,1,1
8291,arcade,1,1
8292,archaeological,1,1
8293,archery,1,1
8294,argument,1,1
8295,armrest,1,1
8296,armrests,1,1
8297,arno,1,1
8298,arose,1,1
8299,aroused,1,1
8300,arriving,1,1
8301,articles,1,1
8302,artificially,1,1
8303,artistic,1,1
8304,arts,1,1
8305,ashy,1,1
8306,asking,1,1
8307,aspen,1,1
8308,assemble,1,1
8309,assembles,1,1
8310,assembling,1,1
8311,assess,1,1
8312,assumes,1,1
8313,asterisk,1,1
8314,asteroid,1,1
8315,asters,1,1
8316,aswan,1,1
8317,asymmetric,1,1
8318,asynchronous,1,1
8319,ate,1,1
8320,atown,1,1
8321,atrophy,1,1
8322,attach,1,1
8323,attachment,1,1
8324,attack,1,1
8325,attended,1,1
8326,attenuation,1,1
8327,attenuator,1,1
8328,attitude,1,1
8329,attributed,1,1
8330,authorities,1,1
8331,autumnal,1,1
8332,averages,1,1
8333,averaging,1,1
8334,averculus,1,1
8335,avogadro,1,1
8336,avoids,1,1
8337,awarding,1,1
8338,awards,1,1
8339,aware,1,1
8340,axles,1,1
8341,axon,1,1
8342,axonal,1,1
8343,axyz,1,1
8344,ayrshire,1,1
8345,azaleas,1,1
8346,azc,1,1
8347,azra,1,1
8348,b8s,1,1
8349,bacb,1,1
8350,bacl,1,1
8351,bacteriophage,1,1
8352,bacterium,1,1
8353,baffles,1,1
8354,bait,1,1
8355,bak,1,1
8356,balcony,1,1
8357,bald,1,1
8358,bamh,1,1
8359,bamhi,1,1
8360,bananas,1,1
8361,bandar,1,1
8362,bandgap,1,1
8363,bandpass,1,1
8364,bang,1,1
8365,baosteel,1,1
8366,baotai,1,1
8367,barb,1,1
8368,barbs,1,1
8369,baris,1,1
8370,barn,1,1
8371,barney,1,1
8372,baroreceptors,1,1
8373,barry,1,1
8374,bask,1,1
8375,bath,1,1
8376,baton,1,1
8377,battle,1,1
8378,battleships,1,1
8379,bax,1,1
8380,bayonets,1,1
8381,bcb,1,1
8382,bcgf,1,1
8383,bche,1,1
8384,bchi,1,1
8385,bcm,1,1
8386,bcme,1,1
8387,bcn,1,1
8388,bcos,1,1
8389,bdce,1,1
8390,bdef,1,1
8391,bdeo,1,1
8392,bdfe,1,1
8393,bdm,1,1
8394,bdo,1,1
8395,bdoe,1,1
8396,bea,1,1
8397,bean,1,1
8398,beattie,1,1
8399,beautification,1,1
8400,beaver,1,1
8401,becf,1,1
8402,beech,1,1
8403,beef,1,1
8404,beginners,1,1
8405,begonias,1,1
8406,begun,1,1
8407,beh,1,1
8408,behaves,1,1
8409,beih,1,1
8410,beings,1,1
8411,believes,1,1
8412,bella,1,1
8413,beloit,1,1
8414,belonging,1,1
8415,benefited,1,1
8416,bengal,1,1
8417,benjamin,1,1
8418,benzene,1,1
8419,benzoic,1,1
8420,beof,1,1
8421,bernoulli,1,1
8422,betown,1,1
8423,betsy,1,1
8424,betty,1,1
8425,bfg,1,1
8426,bfge,1,1
8427,bfpe,1,1
8428,bhd,1,1
8429,bia,1,1
8430,biases,1,1
8431,bicolor,1,1
8432,bid,1,1
8433,bidirectional,1,1
8434,bijk,1,1
8435,biked,1,1
8436,bikers,1,1
8437,billiards,1,1
8438,billowing,1,1
8439,biodiversity,1,1
8440,biofilter,1,1
8441,biologist,1,1
8442,bioremediation,1,1
8443,bisexual,1,1
8444,bistable,1,1
8445,bites,1,1
8446,bjf,1,1
8447,blackboard,1,1
8448,blackbodies,1,1
8449,blade,1,1
8450,blanks,1,1
8451,blc,1,1
8452,blob,1,1
8453,blobs,1,1
8454,blockage,1,1
8455,bloodstream,1,1
8456,blooming,1,1
8457,blooms,1,1
8458,blows,1,1
8459,bluejays,1,1
8460,blurred,1,1
8461,bmd,1,1
8462,bmt,1,1
8463,bodily,1,1
8464,bohr,1,1
8465,boil,1,1
8466,bologna,1,1
8467,bolted,1,1
8468,bolts,1,1
8469,bomb,1,1
8470,bones,1,1
8471,bony,1,1
8472,boosters,1,1
8473,boq,1,1
8474,born,1,1
8475,borne,1,1
8476,botanical,1,1
8477,bottlenose,1,1
8478,bottomed,1,1
8479,bottomless,1,1
8480,bottommost,1,1
8481,bought,1,1
8482,bowlike,1,1
8483,bows,1,1
8484,boys,1,1
8485,bpa,1,1
8486,bpq,1,1
8487,branched,1,1
8488,branching,1,1
8489,brave,1,1
8490,bravely,1,1
8491,breakers,1,1
8492,brewing,1,1
8493,bridget,1,1
8494,bridging,1,1
8495,briefly,1,1
8496,brightly,1,1
8497,britain,1,1
8498,broadening,1,1
8499,brocade,1,1
8500,bronchioles,1,1
8501,brothers,1,1
8502,brushed,1,1
8503,brushing,1,1
8504,brushstrokes,1,1
8505,bsc,1,1
8506,buffalo,1,1
8507,buffered,1,1
8508,builder,1,1
8509,bulletin,1,1
8510,bungee,1,1
8511,bunnies,1,1
8512,bunny,1,1
8513,buoys,1,1
8514,buried,1,1
8515,burnout,1,1
8516,burns,1,1
8517,burst,1,1
8518,bursts,1,1
8519,bury,1,1
8520,businesses,1,1
8521,buttoned,1,1
8522,buy,1,1
8523,bwl,1,1
8524,byline,1,1
8525,bza,1,1
8526,c4h10,1,1
8527,c5h12,1,1
8528,c6h5cl,1,1
8529,c6h5cooh,1,1
8530,c6h5nh2,1,1
8531,c6h5no2,1,1
8532,ca6140,1,1
8533,caco3,1,1
8534,cafg,1,1
8535,cai,1,1
8536,calculable,1,1
8537,calculating,1,1
8538,calf,1,1
8539,calibrated,1,1
8540,calibration,1,1
8541,calligraphy,1,1
8542,calls,1,1
8543,calyx,1,1
8544,cam,1,1
8545,camel,1,1
8546,campbell,1,1
8547,camped,1,1
8548,candidate,1,1
8549,cang,1,1
8550,cannas,1,1
8551,canyon,1,1
8552,capability,1,1
8553,capacitation,1,1
8554,capacities,1,1
8555,caps,1,1
8556,capturing,1,1
8557,caravan,1,1
8558,carbohydrate,1,1
8559,carbohydrates,1,1
8560,cardiovascular,1,1
8561,caribou,1,1
8562,carlin,1,1
8563,carolina,1,1
8564,carotenoids,1,1
8565,carp,1,1
8566,carpel,1,1
8567,carriages,1,1
8568,cassette,1,1
8569,casting,1,1
8570,casts,1,1
8571,catalase,1,1
8572,catalytic,1,1
8573,catalyzing,1,1
8574,catapults,1,1
8575,cathedrals,1,1
8576,cathie,1,1
8577,cats,1,1
8578,cattle,1,1
8579,cava,1,1
8580,cbg,1,1
8581,cbo,1,1
8582,ccp,1,1
8583,cd4060,1,1
8584,cd555,1,1
8585,cdab,1,1
8586,cdbp,1,1
8587,cdc,1,1
8588,cdco,1,1
8589,cdgb,1,1
8590,cdnm,1,1
8591,cdpq,1,1
8592,cea,1,1
8593,ceases,1,1
8594,cedf,1,1
8595,cefh,1,1
8596,celebratory,1,1
8597,centremost,1,1
8598,centrifugation,1,1
8599,centromere,1,1
8600,centrosome,1,1
8601,ceo,1,1
8602,ceremony,1,1
8603,cetown,1,1
8604,cfh,1,1
8605,cgd,1,1
8606,cgp,1,1
8607,cgpf,1,1
8608,ch2,1,1
8609,ch2oh,1,1
8610,ch3ch2ch2cho,1,1
8611,ch3ch2ch2oh,1,1
8612,ch3co,1,1
8613,chairman,1,1
8614,changzhen,1,1
8615,changzheng,1,1
8616,chantal,1,1
8617,charles,1,1
8618,charm,1,1
8619,chase,1,1
8620,cheaply,1,1
8621,checked,1,1
8622,chelicerates,1,1
8623,chemicals,1,1
8624,chenggong,1,1
8625,chenille,1,1
8626,cherry,1,1
8627,chest,1,1
8628,chile,1,1
8629,chipmunk,1,1
8630,chipmunks,1,1
8631,chiral,1,1
8632,chive,1,1
8633,chlorobenzene,1,1
8634,chlorophylls,1,1
8635,choh,1,1
8636,cholera,1,1
8637,cholerae,1,1
8638,cholesterol,1,1
8639,chongming,1,1
8640,christina,1,1
8641,chromatids,1,1
8642,chronically,1,1
8643,chrysalis,1,1
8644,chuan,1,1
8645,chuck,1,1
8646,chungus,1,1
8647,church,1,1
8648,chutes,1,1
8649,cicada,1,1
8650,cichlids,1,1
8651,circuitry,1,1
8652,circularly,1,1
8653,circulate,1,1
8654,circulating,1,1
8655,circumbinary,1,1
8656,circumcentre,1,1
8657,citizen,1,1
8658,citizens,1,1
8659,citrus,1,1
8660,cjg,1,1
8661,clad,1,1
8662,cladding,1,1
8663,cladophora,1,1
8664,claimed,1,1
8665,clam,1,1
8666,clamp,1,1
8667,clamping,1,1
8668,clams,1,1
8669,clara,1,1
8670,classic,1,1
8671,classify,1,1
8672,classrooms,1,1
8673,claudette,1,1
8674,clay,1,1
8675,clayey,1,1
8676,cleaned,1,1
8677,clearance,1,1
8678,cleft,1,1
8679,cleuza,1,1
8680,clever,1,1
8681,clf,1,1
8682,climbed,1,1
8683,climber,1,1
8684,clinging,1,1
8685,clk2,1,1
8686,clone,1,1
8687,cloning,1,1
8688,clotting,1,1
8689,cloudy,1,1
8690,clubs,1,1
8691,cmd,1,1
8692,cmjkn,1,1
8693,cms,1,1
8694,cntv,1,1
8695,coastline,1,1
8696,coaxially,1,1
8697,cobweb,1,1
8698,cocked,1,1
8699,coconut,1,1
8700,coiled,1,1
8701,colby,1,1
8702,collapsed,1,1
8703,collect,1,1
8704,colonize,1,1
8705,colony,1,1
8706,coloration,1,1
8707,colossal,1,1
8708,colourings,1,1
8709,columnar,1,1
8710,combat,1,1
8711,comfort,1,1
8712,command,1,1
8713,commence,1,1
8714,commissions,1,1
8715,committed,1,1
8716,compact,1,1
8717,companding,1,1
8718,compensate,1,1
8719,competitor,1,1
8720,complement,1,1
8721,complements,1,1
8722,compliance,1,1
8723,compose,1,1
8724,composing,1,1
8725,comprised,1,1
8726,computing,1,1
8727,con,1,1
8728,concavo,1,1
8729,concern,1,1
8730,concerning,1,1
8731,conclude,1,1
8732,concluding,1,1
8733,condensers,1,1
8734,conducive,1,1
8735,condyle,1,1
8736,cones,1,1
8737,confirm,1,1
8738,conformational,1,1
8739,conforming,1,1
8740,confucius,1,1
8741,conidia,1,1
8742,conifers,1,1
8743,conjugate,1,1
8744,conoesucidae,1,1
8745,consanguineous,1,1
8746,consequence,1,1
8747,consequences,1,1
8748,consequently,1,1
8749,conserves,1,1
8750,considerable,1,1
8751,considerably,1,1
8752,considerations,1,1
8753,constitute,1,1
8754,constructs,1,1
8755,consulted,1,1
8756,consuming,1,1
8757,containment,1,1
8758,contaminated,1,1
8759,contamination,1,1
8760,context,1,1
8761,continuity,1,1
8762,continuum,1,1
8763,contours,1,1
8764,contradiction,1,1
8765,contrast,1,1
8766,contributions,1,1
8767,controllability,1,1
8768,convective,1,1
8769,converges,1,1
8770,conversely,1,1
8771,conveyed,1,1
8772,convolution,1,1
8773,convolutional,1,1
8774,coolant,1,1
8775,cooperative,1,1
8776,coordinated,1,1
8777,cope,1,1
8778,corms,1,1
8779,cornwall,1,1
8780,coronavirus,1,1
8781,corps,1,1
8782,correlations,1,1
8783,correlator,1,1
8784,corroded,1,1
8785,corrosion,1,1
8786,cos,1,1
8787,cosb,1,1
8788,cosmonaut,1,1
8789,counterattack,1,1
8790,countermeasure,1,1
8791,counterurbanization,1,1
8792,covid,1,1
8793,coyote,1,1
8794,cpa,1,1
8795,cpnq,1,1
8796,crab,1,1
8797,crafts,1,1
8798,cranked,1,1
8799,crassa,1,1
8800,craters,1,1
8801,crawling,1,1
8802,creases,1,1
8803,creation,1,1
8804,creative,1,1
8805,creature,1,1
8806,creatures,1,1
8807,crept,1,1
8808,crescent,1,1
8809,crisscross,1,1
8810,crocodiles,1,1
8811,cropland,1,1
8812,cropping,1,1
8813,crossbars,1,1
8814,crossings,1,1
8815,crouching,1,1
8816,crowns,1,1
8817,crucial,1,1
8818,crust,1,1
8819,crystal,1,1
8820,crystals,1,1
8821,cuk,1,1
8822,curious,1,1
8823,curtain,1,1
8824,curve1,1,1
8825,curve2,1,1
8826,cushions,1,1
8827,cuthbert,1,1
8828,cutlery,1,1
8829,cuttlefish,1,1
8830,cw337,1,1
8831,cw7812,1,1
8832,cybotes,1,1
8833,cycads,1,1
8834,cyclically,1,1
8835,cycling,1,1
8836,cysteine,1,1
8837,cytokinin,1,1
8838,cytoskeleton,1,1
8839,czr,1,1
8840,d4h,1,1
8841,d7h,1,1
8842,daba,1,1
8843,dacheng,1,1
8844,dah,1,1
8845,dahlias,1,1
8846,damage,1,1
8847,dampness,1,1
8848,dancing,1,1
8849,daniela,1,1
8850,dap,1,1
8851,daphne,1,1
8852,dar,1,1
8853,dbcm,1,1
8854,dbfe,1,1
8855,dc0,1,1
8856,dcfe,1,1
8857,dcji,1,1
8858,dco,1,1
8859,dead,1,1
8860,debf,1,1
8861,decaying,1,1
8862,decays,1,1
8863,declining,1,1
8864,decolorization,1,1
8865,decorate,1,1
8866,decoration,1,1
8867,deduce,1,1
8868,deduced,1,1
8869,deers,1,1
8870,defa,1,1
8871,defc,1,1
8872,defeating,1,1
8873,deficiency,1,1
8874,deficient,1,1
8875,deforestation,1,1
8876,degenerate,1,1
8877,degenerately,1,1
8878,degf,1,1
8879,degh,1,1
8880,deh,1,1
8881,dehydration,1,1
8882,deletes,1,1
8883,deletion,1,1
8884,deliveryman,1,1
8885,demands,1,1
8886,democratic,1,1
8887,demultiplexer,1,1
8888,demux,1,1
8889,dendritic,1,1
8890,densely,1,1
8891,denser,1,1
8892,dental,1,1
8893,departed,1,1
8894,departure,1,1
8895,depicting,1,1
8896,deplete,1,1
8897,deposit,1,1
8898,depositional,1,1
8899,depressing,1,1
8900,depressions,1,1
8901,depths,1,1
8902,derivation,1,1
8903,derivatives,1,1
8904,derives,1,1
8905,descended,1,1
8906,descriptions,1,1
8907,desertified,1,1
8908,desire,1,1
8909,desktop,1,1
8910,destructive,1,1
8911,detach,1,1
8912,detached,1,1
8913,detectors,1,1
8914,determines,1,1
8915,detritus,1,1
8916,developers,1,1
8917,deviate,1,1
8918,deviations,1,1
8919,devoid,1,1
8920,dexamethasone,1,1
8921,dfm,1,1
8922,dge,1,1
8923,dgme,1,1
8924,dhg,1,1
8925,dhpg,1,1
8926,di0,1,1
8927,di7,1,1
8928,diatomic,1,1
8929,diatoms,1,1
8930,dicebar,1,1
8931,differentiates,1,1
8932,diffuses,1,1
8933,digested,1,1
8934,digestive,1,1
8935,dimensionless,1,1
8936,dimer,1,1
8937,dimethylpropane,1,1
8938,diminished,1,1
8939,dimmer,1,1
8940,dimming,1,1
8941,dinitrogen,1,1
8942,dinner,1,1
8943,dipoles,1,1
8944,dipped,1,1
8945,directionally,1,1
8946,dirty,1,1
8947,disappear,1,1
8948,discarded,1,1
8949,discharging,1,1
8950,disconnect,1,1
8951,discovers,1,1
8952,discreteness,1,1
8953,discussed,1,1
8954,dispatch,1,1
8955,dispenser,1,1
8956,dispersion,1,1
8957,dissect,1,1
8958,dissected,1,1
8959,dissecting,1,1
8960,dissects,1,1
8961,distillate,1,1
8962,distillation,1,1
8963,distinguished,1,1
8964,distinguishing,1,1
8965,distressed,1,1
8966,diver,1,1
8967,divers,1,1
8968,divert,1,1
8969,divisions,1,1
8970,divisor,1,1
8971,divisors,1,1
8972,djh,1,1
8973,dmbn,1,1
8974,dnas,1,1
8975,doa,1,1
8976,docked,1,1
8977,doctor,1,1
8978,dof,1,1
8979,dogwood,1,1
8980,dolphins,1,1
8981,dominance,1,1
8982,donghai,1,1
8983,dongxing,1,1
8984,dongying,1,1
8985,donors,1,1
8986,dopant,1,1
8987,dormant,1,1
8988,doubles,1,1
8989,douglas,1,1
8990,downs,1,1
8991,dozens,1,1
8992,dpb,1,1
8993,dpe,1,1
8994,dpqb,1,1
8995,dragged,1,1
8996,dribbles,1,1
8997,driest,1,1
8998,drifted,1,1
8999,drill,1,1
9000,drinking,1,1
9001,dripped,1,1
9002,dripping,1,1
9003,drips,1,1
9004,drones,1,1
9005,dropping,1,1
9006,drosomycin,1,1
9007,drummers,1,1
9008,drumming,1,1
9009,dumas,1,1
9010,duodenum,1,1
9011,durban,1,1
9012,dvd,1,1
9013,dyes,1,1
9014,e2f,1,1
9015,eagles,1,1
9016,eao,1,1
9017,ear,1,1
9018,eared,1,1
9019,earn,1,1
9020,earns,1,1
9021,ears,1,1
9022,earthen,1,1
9023,ease,1,1
9024,eased,1,1
9025,easier,1,1
9026,easter,1,1
9027,eaters,1,1
9028,ebp,1,1
9029,eca,1,1
9030,eco,1,1
9031,economical,1,1
9032,ecotone,1,1
9033,edfg,1,1
9034,editing,1,1
9035,efa,1,1
9036,efdc,1,1
9037,effectors,1,1
9038,efficiently,1,1
9039,efgb,1,1
9040,efgd,1,1
9041,efgp,1,1
9042,efhg,1,1
9043,efo,1,1
9044,efog,1,1
9045,egb,1,1
9046,egf,1,1
9047,egfh,1,1
9048,eggplant,1,1
9049,eggshells,1,1
9050,egn,1,1
9051,ego,1,1
9052,egypt,1,1
9053,einstein,1,1
9054,ejci,1,1
9055,elapses,1,1
9056,eldest,1,1
9057,electrophilic,1,1
9058,electrophoretic,1,1
9059,electroscope,1,1
9060,electrostatics,1,1
9061,elegant,1,1
9062,elena,1,1
9063,elevated,1,1
9064,eleventh,1,1
9065,eliminated,1,1
9066,elimination,1,1
9067,elisa,1,1
9068,elk,1,1
9069,elks,1,1
9070,ellen,1,1
9071,ellie,1,1
9072,elliott,1,1
9073,ellipse,1,1
9074,ellis,1,1
9075,elsa,1,1
9076,ema,1,1
9077,embeds,1,1
9078,embodied,1,1
9079,embracing,1,1
9080,embryogenesis,1,1
9081,emerald,1,1
9082,emergent,1,1
9083,emf,1,1
9084,emfp,1,1
9085,emirates,1,1
9086,emperor,1,1
9087,empf,1,1
9088,emphatically,1,1
9089,emporium,1,1
9090,emu,1,1
9091,enabling,1,1
9092,enantiomer,1,1
9093,enc,1,1
9094,encirclements,1,1
9095,encode,1,1
9096,encodes,1,1
9097,endangers,1,1
9098,ended,1,1
9099,endocrinologists,1,1
9100,endonuclease,1,1
9101,endosymbiotic,1,1
9102,endothermic,1,1
9103,endotherms,1,1
9104,endow,1,1
9105,energizes,1,1
9106,enfm,1,1
9107,engineered,1,1
9108,enhanced,1,1
9109,enhancing,1,1
9110,enlightenment,1,1
9111,enol,1,1
9112,enolization,1,1
9113,ensured,1,1
9114,enthronement,1,1
9115,entirety,1,1
9116,entities,1,1
9117,entity,1,1
9118,entrances,1,1
9119,entrepreneur,1,1
9120,environmentally,1,1
9121,envisioned,1,1
9122,enyzyme,1,1
9123,eoa,1,1
9124,eofd,1,1
9125,epd,1,1
9126,epf,1,1
9127,epicenter,1,1
9128,epidemic,1,1
9129,epinephrine,1,1
9130,equalities,1,1
9131,equiangular,1,1
9132,equilaterial,1,1
9133,equivalently,1,1
9134,erasure,1,1
9135,erie,1,1
9136,eruptions,1,1
9137,escaped,1,1
9138,escarpment,1,1
9139,essential,1,1
9140,essentially,1,1
9141,establishment,1,1
9142,estimates,1,1
9143,estimating,1,1
9144,estrogen,1,1
9145,eukaryotes,1,1
9146,eum,1,1
9147,euro,1,1
9148,europa,1,1
9149,evacuating,1,1
9150,evaporated,1,1
9151,evergreen,1,1
9152,everyday,1,1
9153,evita,1,1
9154,evolves,1,1
9155,evolving,1,1
9156,examination,1,1
9157,excavating,1,1
9158,exception,1,1
9159,excitatory,1,1
9160,excite,1,1
9161,exclusion,1,1
9162,exclusive,1,1
9163,exclusively,1,1
9164,execution,1,1
9165,exemption,1,1
9166,exercised,1,1
9167,exergonic,1,1
9168,exhibit,1,1
9169,exon,1,1
9170,exothermic,1,1
9171,expanding,1,1
9172,expands,1,1
9173,expecting,1,1
9174,expeditions,1,1
9175,expel,1,1
9176,experimentally,1,1
9177,explaining,1,1
9178,explicit,1,1
9179,exponent,1,1
9180,exported,1,1
9181,exports,1,1
9182,expressing,1,1
9183,ext,1,1
9184,exterminated,1,1
9185,extinction,1,1
9186,extinguished,1,1
9187,extracellularly,1,1
9188,extremities,1,1
9189,eyelet,1,1
9190,fabrics,1,1
9191,fabry,1,1
9192,fac,1,1
9193,facet,1,1
9194,facilitate,1,1
9195,fae,1,1
9196,failed,1,1
9197,fainting,1,1
9198,fairy,1,1
9199,fans,1,1
9200,fantasy,1,1
9201,farad,1,1
9202,farads,1,1
9203,farthing,1,1
9204,fatal,1,1
9205,fatalities,1,1
9206,fatty,1,1
9207,faulted,1,1
9208,fbc,1,1
9209,fbcg,1,1
9210,fbd,1,1
9211,fcd,1,1
9212,fcde,1,1
9213,fce,1,1
9214,fctu,1,1
9215,fda,1,1
9216,fdc,1,1
9217,fdce,1,1
9218,feasts,1,1
9219,feathers,1,1
9220,featuring,1,1
9221,feeder,1,1
9222,feeders,1,1
9223,fees,1,1
9224,feh,1,1
9225,felix,1,1
9226,fell,1,1
9227,fenghuang,1,1
9228,fenhe,1,1
9229,fermi,1,1
9230,fertile,1,1
9231,fertilization,1,1
9232,fertilizes,1,1
9233,fetlock,1,1
9234,fewest,1,1
9235,fghj,1,1
9236,fgjk,1,1
9237,fhb,1,1
9238,fifa,1,1
9239,fifteen,1,1
9240,fifty,1,1
9241,fighter,1,1
9242,figs,1,1
9243,figuref,1,1
9244,filtered,1,1
9245,finch,1,1
9246,finding,1,1
9247,finishing,1,1
9248,finland,1,1
9249,firmly,1,1
9250,firmness,1,1
9251,firstly,1,1
9252,fisher,1,1
9253,fixation,1,1
9254,fjh,1,1
9255,flanks,1,1
9256,flaps,1,1
9257,flashes,1,1
9258,flashing,1,1
9259,flatbed,1,1
9260,flatness,1,1
9261,flattened,1,1
9262,flattening,1,1
9263,flattest,1,1
9264,fleet,1,1
9265,flew,1,1
9266,flexibly,1,1
9267,flicking,1,1
9268,float,1,1
9269,floors,1,1
9270,fluctuates,1,1
9271,fluoresces,1,1
9272,flutter,1,1
9273,fluxes,1,1
9274,fmn,1,1
9275,fmo,1,1
9276,foc,1,1
9277,foldable,1,1
9278,folk,1,1
9279,follower,1,1
9280,footage,1,1
9281,footpoints,1,1
9282,footprints,1,1
9283,forearm,1,1
9284,forks,1,1
9285,formic,1,1
9286,formulation,1,1
9287,fossil,1,1
9288,fossils,1,1
9289,founded,1,1
9290,fourteen,1,1
9291,fourteenth,1,1
9292,fowls,1,1
9293,foxes,1,1
9294,fpd,1,1
9295,fqhe,1,1
9296,fragmental,1,1
9297,francisco,1,1
9298,frank,1,1
9299,freeze,1,1
9300,freshly,1,1
9301,freshmen,1,1
9302,frictions,1,1
9303,friendly,1,1
9304,fringing,1,1
9305,froglet,1,1
9306,fry,1,1
9307,fulfill,1,1
9308,fumigation,1,1
9309,fun,1,1
9310,functionality,1,1
9311,functionally,1,1
9312,fundamentally,1,1
9313,funded,1,1
9314,funnels,1,1
9315,furniture,1,1
9316,fursilla,1,1
9317,furthest,1,1
9318,fused,1,1
9319,fusing,1,1
9320,futsal,1,1
9321,fuzhou,1,1
9322,gae,1,1
9323,galapagos,1,1
9324,galileo,1,1
9325,gall,1,1
9326,gallons,1,1
9327,gameboard,1,1
9328,gar,1,1
9329,gardner,1,1
9330,garter,1,1
9331,gasoline,1,1
9332,gaspar,1,1
9333,gastrointestinal,1,1
9334,gated,1,1
9335,gateway,1,1
9336,gathering,1,1
9337,gating,1,1
9338,gauge,1,1
9339,gca,1,1
9340,gcb,1,1
9341,gcd,1,1
9342,gce,1,1
9343,gcf,1,1
9344,gdc,1,1
9345,gdx,1,1
9346,gearboxes,1,1
9347,geetha,1,1
9348,geh,1,1
9349,gemstone,1,1
9350,genomic,1,1
9351,geocenter,1,1
9352,geodetic,1,1
9353,geomagnetic,1,1
9354,geranium,1,1
9355,gerberas,1,1
9356,gerdellen,1,1
9357,gerhard,1,1
9358,germinate,1,1
9359,gertimtonase,1,1
9360,gfd,1,1
9361,gfih,1,1
9362,ggg,1,1
9363,gggcccaagctgagatga,1,1
9364,ghij,1,1
9365,ghk,1,1
9366,ghz,1,1
9367,giant,1,1
9368,giants,1,1
9369,glaciers,1,1
9370,glands,1,1
9371,glh,1,1
9372,glide,1,1
9373,glob,1,1
9374,globally,1,1
9375,gloves,1,1
9376,glows,1,1
9377,glucagon,1,1
9378,glucocorticoid,1,1
9379,glucocorticoids,1,1
9380,glycolysis,1,1
9381,glycoproteins,1,1
9382,gme,1,1
9383,gmin,1,1
9384,gnm,1,1
9385,goals,1,1
9386,goldsmith,1,1
9387,gone,1,1
9388,goose,1,1
9389,gothic,1,1
9390,grackles,1,1
9391,graded,1,1
9392,gradients,1,1
9393,graduations,1,1
9394,graft,1,1
9395,grana,1,1
9396,granary,1,1
9397,grant,1,1
9398,grants,1,1
9399,granules,1,1
9400,graphically,1,1
9401,grasped,1,1
9402,grasping,1,1
9403,gravelly,1,1
9404,graze,1,1
9405,grazed,1,1
9406,grazes,1,1
9407,grazing,1,1
9408,greenhouses,1,1
9409,gregor,1,1
9410,grinding,1,1
9411,grouping,1,1
9412,guangming,1,1
9413,guanyun,1,1
9414,guaranteed,1,1
9415,guarantees,1,1
9416,guava,1,1
9417,guesses,1,1
9418,guided,1,1
9419,gulf,1,1
9420,gunpowder,1,1
9421,guo,1,1
9422,gymnospermous,1,1
9423,h2o,1,1
9424,h2so4,1,1
9425,habitats,1,1
9426,hac,1,1
9427,haikou,1,1
9428,haipeng,1,1
9429,haiti,1,1
9430,halflenses,1,1
9431,halflines,1,1
9432,halfpipe,1,1
9433,halfway,1,1
9434,halt,1,1
9435,hammered,1,1
9436,hammers,1,1
9437,handed,1,1
9438,handheld,1,1
9439,hannes,1,1
9440,hanni,1,1
9441,hansi,1,1
9442,happening,1,1
9443,happily,1,1
9444,hardness,1,1
9445,hares,1,1
9446,harmed,1,1
9447,harmful,1,1
9448,harmonically,1,1
9449,harmonics,1,1
9450,harvested,1,1
9451,hatch,1,1
9452,hawaii,1,1
9453,hawks,1,1
9454,hazard,1,1
9455,hbo,1,1
9456,hbv,1,1
9457,hcg,1,1
9458,hco,1,1
9459,hdb,1,1
9460,hea,1,1
9461,headed,1,1
9462,headlight,1,1
9463,headwind,1,1
9464,hears,1,1
9465,heartbeat,1,1
9466,heavier,1,1
9467,heaviest,1,1
9468,hector,1,1
9469,hefg,1,1
9470,hello,1,1
9471,helped,1,1
9472,helper,1,1
9473,helping,1,1
9474,hen,1,1
9475,henle,1,1
9476,henna,1,1
9477,hens,1,1
9478,hepatitis,1,1
9479,hepu,1,1
9480,herbivorous,1,1
9481,herdsmen,1,1
9482,hermaphrodite,1,1
9483,hers,1,1
9484,herself,1,1
9485,heterozygous,1,1
9486,hex,1,1
9487,hexachloroplatinate,1,1
9488,hexadecimal,1,1
9489,hexagram,1,1
9490,hexane,1,1
9491,hexaploid,1,1
9492,hgk,1,1
9493,hgnm,1,1
9494,highs,1,1
9495,hike,1,1
9496,hiked,1,1
9497,hiking,1,1
9498,hilbert,1,1
9499,himalayas,1,1
9500,himself,1,1
9501,hinder,1,1
9502,hindered,1,1
9503,hindiii,1,1
9504,histones,1,1
9505,hiv,1,1
9506,hl1,1,1
9507,hl2,1,1
9508,hmg,1,1
9509,hobby,1,1
9510,hognose,1,1
9511,holidays,1,1
9512,holometabolous,1,1
9513,honeycombs,1,1
9514,hoof,1,1
9515,hooke,1,1
9516,hopping,1,1
9517,hormones,1,1
9518,horses,1,1
9519,horseshoe,1,1
9520,hotel,1,1
9521,hottest,1,1
9522,hovering,1,1
9523,hualien,1,1
9524,hurdles,1,1
9525,huron,1,1
9526,hurricane,1,1
9527,husband,1,1
9528,husk,1,1
9529,hwa,1,1
9530,hydride,1,1
9531,hydrology,1,1
9532,hydrophobic,1,1
9533,hydrostatic,1,1
9534,hydroxylamine,1,1
9535,hyperbolas,1,1
9536,hypertonic,1,1
9537,hypognathous,1,1
9538,hypothalamus,1,1
9539,iced,1,1
9540,icelandic,1,1
9541,icme,1,1
9542,icon,1,1
9543,icons,1,1
9544,icy,1,1
9545,idealised,1,1
9546,idealities,1,1
9547,ideality,1,1
9548,ideally,1,1
9549,identities,1,1
9550,idiom,1,1
9551,idmt,1,1
9552,ifnar,1,1
9553,igbts,1,1
9554,ignite,1,1
9555,ii1,1,1
9556,ii2,1,1
9557,ijkl,1,1
9558,ili,1,1
9559,illegible,1,1
9560,illinois,1,1
9561,illness,1,1
9562,illuminance,1,1
9563,illuminate,1,1
9564,illuminates,1,1
9565,image4,1,1
9566,imagehere,1,1
9567,immerse,1,1
9568,immunity,1,1
9569,impacting,1,1
9570,impaired,1,1
9571,imparting,1,1
9572,impassable,1,1
9573,imperfections,1,1
9574,implicant,1,1
9575,implicit,1,1
9576,implies,1,1
9577,impure,1,1
9578,impurities,1,1
9579,inability,1,1
9580,inaccurate,1,1
9581,inaccurately,1,1
9582,inactivated,1,1
9583,inadvisable,1,1
9584,incidents,1,1
9585,inclusive,1,1
9586,incoming,1,1
9587,incompletely,1,1
9588,incorrectly,1,1
9589,increment,1,1
9590,incremental,1,1
9591,incubated,1,1
9592,incur,1,1
9593,independents,1,1
9594,indirectly,1,1
9595,indonesia,1,1
9596,inductances,1,1
9597,industrialization,1,1
9598,inelastically,1,1
9599,infected,1,1
9600,infectious,1,1
9601,inferior,1,1
9602,inflorescence,1,1
9603,ing,1,1
9604,ingenious,1,1
9605,ingredient,1,1
9606,inhabit,1,1
9607,inhaled,1,1
9608,inhaling,1,1
9609,inherent,1,1
9610,inhibitory,1,1
9611,inhibits,1,1
9612,inhomogeneous,1,1
9613,initiation,1,1
9614,inject,1,1
9615,injects,1,1
9616,injured,1,1
9617,injuries,1,1
9618,injury,1,1
9619,inlet,1,1
9620,innocent,1,1
9621,innovation,1,1
9622,inoculated,1,1
9623,inorganic,1,1
9624,inrun,1,1
9625,inscribe,1,1
9626,insectivores,1,1
9627,inseminate,1,1
9628,insertion,1,1
9629,insoluble,1,1
9630,inspection,1,1
9631,inspiring,1,1
9632,instability,1,1
9633,instances,1,1
9634,instructed,1,1
9635,instruction,1,1
9636,insufficient,1,1
9637,integrator,1,1
9638,integrity,1,1
9639,intelligent,1,1
9640,intentionally,1,1
9641,interacts,1,1
9642,intercepting,1,1
9643,interdependent,1,1
9644,interested,1,1
9645,interfere,1,1
9646,interferon,1,1
9647,intergalactic,1,1
9648,interglacial,1,1
9649,interlocking,1,1
9650,interpreted,1,1
9651,interrelation,1,1
9652,interstellar,1,1
9653,intervention,1,1
9654,intracellular,1,1
9655,invariably,1,1
9656,invasion,1,1
9657,inversely,1,1
9658,invert,1,1
9659,inverters,1,1
9660,invested,1,1
9661,invited,1,1
9662,inviting,1,1
9663,ios,1,1
9664,ireland,1,1
9665,iris,1,1
9666,irises,1,1
9667,irradiated,1,1
9668,irrigating,1,1
9669,isabella,1,1
9670,ischemia,1,1
9671,isi,1,1
9672,isle,1,1
9673,islets,1,1
9674,isohyet,1,1
9675,isolating,1,1
9676,isopleth,1,1
9677,isopleths,1,1
9678,isostatic,1,1
9679,isotonic,1,1
9680,isotropic,1,1
9681,israel,1,1
9682,issue,1,1
9683,j80,1,1
9684,jac,1,1
9685,jackals,1,1
9686,jacked,1,1
9687,jacking,1,1
9688,james,1,1
9689,janet,1,1
9690,japanese,1,1
9691,jasper,1,1
9692,jeff,1,1
9693,jellfish,1,1
9694,jellyfish,1,1
9695,jerry,1,1
9696,jerusalem,1,1
9697,jettisoned,1,1
9698,jewellery,1,1
9699,jianghuai,1,1
9700,jiaotong,1,1
9701,jilly,1,1
9702,jinding,1,1
9703,jinping,1,1
9704,jkm,1,1
9705,jkmn,1,1
9706,jlk,1,1
9707,jlm,1,1
9708,jml,1,1
9709,jmp,1,1
9710,joana,1,1
9711,jodhvir,1,1
9712,johannes,1,1
9713,johnny,1,1
9714,johnson,1,1
9715,joints,1,1
9716,jordan,1,1
9717,joseph,1,1
9718,jpl,1,1
9719,judgment,1,1
9720,judgments,1,1
9721,juices,1,1
9722,jumped,1,1
9723,jumper,1,1
9724,jun,1,1
9725,jury,1,1
9726,juvenile,1,1
9727,kangaria,1,1
9728,kangoraland,1,1
9729,kanguria,1,1
9730,kaohsiung,1,1
9731,karl,1,1
9732,kate,1,1
9733,kazakh,1,1
9734,kazakhstan,1,1
9735,kazan,1,1
9736,kelly,1,1
9737,kelp,1,1
9738,kelvin,1,1
9739,kev,1,1
9740,keystone,1,1
9741,kfc,1,1
9742,khj,1,1
9743,kicking,1,1
9744,kidney,1,1
9745,killifish,1,1
9746,killing,1,1
9747,king,1,1
9748,kingfishers,1,1
9749,kirsten,1,1
9750,kitchen,1,1
9751,kites,1,1
9752,kitty,1,1
9753,kjl,1,1
9754,klmj,1,1
9755,km1,1,1
9756,knew,1,1
9757,knife,1,1
9758,knock,1,1
9759,knocked,1,1
9760,knotted,1,1
9761,korean,1,1
9762,krebs,1,1
9763,kristina,1,1
9764,krypton,1,1
9765,kwh,1,1
9766,labeling,1,1
9767,labile,1,1
9768,labium,1,1
9769,laborers,1,1
9770,lacking,1,1
9771,lacks,1,1
9772,lactate,1,1
9773,lactose,1,1
9774,ladybirds,1,1
9775,ladybug,1,1
9776,lag,1,1
9777,lagged,1,1
9778,lags,1,1
9779,lakebed,1,1
9780,landfall,1,1
9781,lanterns,1,1
9782,larmor,1,1
9783,larvae,1,1
9784,lasagna,1,1
9785,lasers,1,1
9786,lasting,1,1
9787,laszlo,1,1
9788,latent,1,1
9789,lathe,1,1
9790,laughlin,1,1
9791,laura,1,1
9792,lauren,1,1
9793,lawrence,1,1
9794,laying,1,1
9795,lbm,1,1
9796,lbq,1,1
9797,lcl,1,1
9798,lea,1,1
9799,leaflet,1,1
9800,leaflets,1,1
9801,leafstalk,1,1
9802,leaked,1,1
9803,leans,1,1
9804,leap,1,1
9805,leased,1,1
9806,leftover,1,1
9807,legged,1,1
9808,lei,1,1
9809,lengthening,1,1
9810,lengthens,1,1
9811,lenses,1,1
9812,leonardo,1,1
9813,leonhard,1,1
9814,lessened,1,1
9815,leukocyte,1,1
9816,lever,1,1
9817,levitation,1,1
9818,lgd,1,1
9819,liaoning,1,1
9820,liar,1,1
9821,liars,1,1
9822,libreville,1,1
9823,lidless,1,1
9824,lids,1,1
9825,lifecycle,1,1
9826,lifetime,1,1
9827,liftoff,1,1
9828,ligate,1,1
9829,ligation,1,1
9830,likelihood,1,1
9831,lilies,1,1
9832,limbs,1,1
9833,limitations,1,1
9834,limits,1,1
9835,limpets,1,1
9836,lined,1,1
9837,linkage,1,1
9838,liquids,1,1
9839,lisas,1,1
9840,lists,1,1
9841,lit,1,1
9842,liupanshui,1,1
9843,liuzhou,1,1
9844,livelihood,1,1
9845,liver,1,1
9846,lkm,1,1
9847,lkn,1,1
9848,lm317,1,1
9849,lmpq,1,1
9850,lnm,1,1
9851,loading,1,1
9852,lobed,1,1
9853,locality,1,1
9854,localized,1,1
9855,locate,1,1
9856,loci,1,1
9857,lock,1,1
9858,locked,1,1
9859,locking,1,1
9860,locust,1,1
9861,logarithm,1,1
9862,logically,1,1
9863,longji,1,1
9864,loose,1,1
9865,los,1,1
9866,lose,1,1
9867,losing,1,1
9868,lots,1,1
9869,louguantai,1,1
9870,lowermost,1,1
9871,lowry,1,1
9872,lows,1,1
9873,lpf,1,1
9874,lqm,1,1
9875,lsb,1,1
9876,luca,1,1
9877,luck,1,1
9878,lumens,1,1
9879,lunch,1,1
9880,lycopene,1,1
9881,lzp,1,1
9882,m7130,1,1
9883,macs,1,1
9884,madagascar,1,1
9885,maddie,1,1
9886,maggot,1,1
9887,magician,1,1
9888,magnetism,1,1
9889,magnetization,1,1
9890,magnetohydrodynamic,1,1
9891,magneton,1,1
9892,magnetosphere,1,1
9893,mail,1,1
9894,maintenance,1,1
9895,majority,1,1
9896,malacca,1,1
9897,malaika,1,1
9898,malaria,1,1
9899,malignant,1,1
9900,mall,1,1
9901,mama,1,1
9902,mammal,1,1
9903,mammalian,1,1
9904,mammals,1,1
9905,mandibles,1,1
9906,mandibular,1,1
9907,mantis,1,1
9908,maob,1,1
9909,maple,1,1
9910,margie,1,1
9911,marginally,1,1
9912,markedly,1,1
9913,marketing,1,1
9914,markings,1,1
9915,marmot,1,1
9916,marriage,1,1
9917,marrying,1,1
9918,marta,1,1
9919,martial,1,1
9920,martinho,1,1
9921,math,1,1
9922,mathematically,1,1
9923,matias,1,1
9924,matthias,1,1
9925,maximal,1,1
9926,mbing,1,1
9927,mbn,1,1
9928,mbnd,1,1
9929,mdb,1,1
9930,mdf,1,1
9931,mding,1,1
9932,meadow,1,1
9933,mealworm,1,1
9934,meant,1,1
9935,meanwhile,1,1
9936,mechanically,1,1
9937,mechanics,1,1
9938,mediates,1,1
9939,medication,1,1
9940,melt,1,1
9941,melts,1,1
9942,membranes,1,1
9943,memories,1,1
9944,menus,1,1
9945,merges,1,1
9946,message,1,1
9947,met,1,1
9948,metabolically,1,1
9949,metamorphism,1,1
9950,meteor,1,1
9951,meteoroids,1,1
9952,metropolitan,1,1
9953,mfn,1,1
9954,mgq,1,1
9955,mhc,1,1
9956,mhj,1,1
9957,micro,1,1
9958,microclimate,1,1
9959,micrograph,1,1
9960,microorganism,1,1
9961,midday,1,1
9962,midlines,1,1
9963,midsummer,1,1
9964,midtread,1,1
9965,mild,1,1
9966,milkweed,1,1
9967,mill,1,1
9968,millennia,1,1
9969,millifarads,1,1
9970,millihenry,1,1
9971,millivolts,1,1
9972,minded,1,1
9973,miniature,1,1
9974,minimizing,1,1
9975,ministries,1,1
9976,ministry,1,1
9977,minora,1,1
9978,mirrored,1,1
9979,mirrors,1,1
9980,miss,1,1
9981,mist,1,1
9982,mistakenly,1,1
9983,mitotic,1,1
9984,mjia,1,1
9985,mjn,1,1
9986,mkn,1,1
9987,mnl,1,1
9988,mnqr,1,1
9989,mock,1,1
9990,modeling,1,1
9991,moderate,1,1
9992,modifying,1,1
9993,modulating,1,1
9994,mohe,1,1
9995,moisten,1,1
9996,molco2,1,1
9997,mold,1,1
9998,molt,1,1
9999,molting,1,1
10000,momenta,1,1
10001,momentarily,1,1
10002,moments,1,1
10003,monarch,1,1
10004,mond,1,1
10005,monday,1,1
10006,mongoose,1,1
10007,monkeys,1,1
10008,monocot,1,1
10009,monomolecular,1,1
10010,monovalent,1,1
10011,monoxide,1,1
10012,montane,1,1
10013,morakot,1,1
10014,moray,1,1
10015,mornings,1,1
10016,morphological,1,1
10017,mortar,1,1
10018,motherland,1,1
10019,motives,1,1
10020,motorcycles,1,1
10021,mox,1,1
10022,mpq,1,1
10023,mqn,1,1
10024,mqr,1,1
10025,mrn,1,1
10026,mrnp,1,1
10027,mrq,1,1
10028,msbs,1,1
10029,msq,1,1
10030,mtc,1,1
10031,mudflats,1,1
10032,mules,1,1
10033,multicellular,1,1
10034,multiples,1,1
10035,multiplexed,1,1
10036,multiplicity,1,1
10037,multiplied,1,1
10038,multiply,1,1
10039,municipal,1,1
10040,muscles,1,1
10041,muscular,1,1
10042,musical,1,1
10043,mussels,1,1
10044,mutagens,1,1
10045,mutualism,1,1
10046,mvar,1,1
10047,myi,1,1
10048,mysid,1,1
10049,mysteries,1,1
10050,nadph,1,1
10051,nahco,1,1
10052,naked,1,1
10053,nanhui,1,1
10054,nanoseconds,1,1
10055,nansha,1,1
10056,nap,1,1
10057,narrower,1,1
10058,nation,1,1
10059,nationals,1,1
10060,navigator,1,1
10061,navy,1,1
10062,ndg,1,1
10063,nearer,1,1
10064,neatly,1,1
10065,nectar,1,1
10066,needlelike,1,1
10067,needles,1,1
10068,negation,1,1
10069,neglects,1,1
10070,negligibly,1,1
10071,negotiate,1,1
10072,neighborhood,1,1
10073,nekton,1,1
10074,nematode,1,1
10075,nerves,1,1
10076,nervous,1,1
10077,neurospora,1,1
10078,neutrality,1,1
10079,neutralization,1,1
10080,niagara,1,1
10081,nice,1,1
10082,nico,1,1
10083,nif2,1,1
10084,nik,1,1
10085,nina,1,1
10086,nitrate,1,1
10087,nitrobacter,1,1
10088,nitrobenzene,1,1
10089,nml,1,1
10090,nobr,1,1
10091,noc,1,1
10092,nod,1,1
10093,nodal,1,1
10094,nof,1,1
10095,noisy,1,1
10096,nolloth,1,1
10097,nonadjacent,1,1
10098,noncongruent,1,1
10099,nonmagnetic,1,1
10100,nontransparent,1,1
10101,nontrivial,1,1
10102,normalization,1,1
10103,northerly,1,1
10104,northside,1,1
10105,notations,1,1
10106,noted,1,1
10107,notes,1,1
10108,novel,1,1
10109,nqrm,1,1
10110,nrt,1,1
10111,nsted,1,1
10112,ntc,1,1
10113,nth,1,1
10114,nucleic,1,1
10115,nucleolus,1,1
10116,numeric,1,1
10117,nymphs,1,1
10118,oabcde,1,1
10119,oabp,1,1
10120,oadc,1,1
10121,oapb,1,1
10122,oapq,1,1
10123,obac,1,1
10124,obch,1,1
10125,oben,1,1
10126,obesity,1,1
10127,obey,1,1
10128,objectives,1,1
10129,oblong,1,1
10130,obm,1,1
10131,observational,1,1
10132,occupying,1,1
10133,oce,1,1
10134,oceans,1,1
10135,och,1,1
10136,ocmn,1,1
10137,octahedrons,1,1
10138,octave,1,1
10139,odb,1,1
10140,odbc,1,1
10141,odec,1,1
10142,oebf,1,1
10143,oecd,1,1
10144,oed,1,1
10145,oem,1,1
10146,oen,1,1
10147,oersted,1,1
10148,ofb,1,1
10149,ofe,1,1
10150,ofeh,1,1
10151,offered,1,1
10152,offering,1,1
10153,offers,1,1
10154,officer,1,1
10155,oge,1,1
10156,ohmic,1,1
10157,okinawa,1,1
10158,omne,1,1
10159,opa,1,1
10160,opcr,1,1
10161,ope,1,1
10162,openings,1,1
10163,opinion,1,1
10164,opinions,1,1
10165,opn,1,1
10166,opportunities,1,1
10167,opportunity,1,1
10168,opposed,1,1
10169,opposing,1,1
10170,opq,1,1
10171,opqr,1,1
10172,optimize,1,1
10173,options,1,1
10174,optocoupler,1,1
10175,oqc,1,1
10176,oragnism,1,1
10177,orangutan,1,1
10178,orbiter,1,1
10179,orchard,1,1
10180,orienting,1,1
10181,originated,1,1
10182,orthocenter,1,1
10183,orthogonal,1,1
10184,oscillated,1,1
10185,ostrich,1,1
10186,otter,1,1
10187,ounce,1,1
10188,ounces,1,1
10189,outcome,1,1
10190,outdoors,1,1
10191,outgoing,1,1
10192,outlier,1,1
10193,outwardly,1,1
10194,outwards,1,1
10195,overcomes,1,1
10196,overcurrent,1,1
10197,overflowed,1,1
10198,overflowing,1,1
10199,overlappingly,1,1
10200,overloaded,1,1
10201,overnight,1,1
10202,overtook,1,1
10203,ovules,1,1
10204,owned,1,1
10205,oxidation,1,1
10206,oxygenated,1,1
10207,oxyz,1,1
10208,pac,1,1
10209,packet,1,1
10210,packing,1,1
10211,padded,1,1
10212,paddle,1,1
10213,paddy,1,1
10214,pages,1,1
10215,paired,1,1
10216,pairwise,1,1
10217,palace,1,1
10218,palate,1,1
10219,palindrome,1,1
10220,palm,1,1
10221,pancreatic,1,1
10222,panda,1,1
10223,pandemic,1,1
10224,panicle,1,1
10225,panning,1,1
10226,pans,1,1
10227,paq,1,1
10228,paqb,1,1
10229,paqc,1,1
10230,parabolas,1,1
10231,parachutes,1,1
10232,paradox,1,1
10233,parallelepipeds,1,1
10234,parallelpiped,1,1
10235,parallely,1,1
10236,parcel,1,1
10237,parental,1,1
10238,parks,1,1
10239,passband,1,1
10240,pasta,1,1
10241,pastoral,1,1
10242,patch,1,1
10243,pathogen,1,1
10244,pauli,1,1
10245,paver,1,1
10246,paw,1,1
10247,pays,1,1
10248,pbd,1,1
10249,pbe,1,1
10250,pbef,1,1
10251,pbo,1,1
10252,pbt,1,1
10253,pce,1,1
10254,pcq,1,1
10255,pdb,1,1
10256,pdc,1,1
10257,pdf,1,1
10258,pearson,1,1
10259,peas,1,1
10260,pec,1,1
10261,pedigrees,1,1
10262,pedipalp,1,1
10263,peg,1,1
10264,pelicans,1,1
10265,pelvis,1,1
10266,pendant,1,1
10267,pendants,1,1
10268,penetrant,1,1
10269,penny,1,1
10270,pentagram,1,1
10271,pentane,1,1
10272,pentominoes,1,1
10273,peptides,1,1
10274,percentages,1,1
10275,pericarp,1,1
10276,perilune,1,1
10277,peritubular,1,1
10278,periwinkle,1,1
10279,periwinkles,1,1
10280,permit,1,1
10281,permitted,1,1
10282,perot,1,1
10283,persisted,1,1
10284,persistent,1,1
10285,pertain,1,1
10286,pet28a,1,1
10287,petra,1,1
10288,petrel,1,1
10289,petri,1,1
10290,pets,1,1
10291,pfe,1,1
10292,pfm,1,1
10293,pharynx,1,1
10294,phasors,1,1
10295,phenotypically,1,1
10296,philosophy,1,1
10297,phosphatase,1,1
10298,phosphine,1,1
10299,phosphorous,1,1
10300,photocurrent,1,1
10301,photoelectron,1,1
10302,photomicrograph,1,1
10303,photophosphorylation,1,1
10304,photosensitive,1,1
10305,physicists,1,1
10306,picciotto,1,1
10307,picoseconds,1,1
10308,pieced,1,1
10309,piecewise,1,1
10310,piedmont,1,1
10311,pier,1,1
10312,pig,1,1
10313,pikas,1,1
10314,piled,1,1
10315,pinnately,1,1
10316,pipework,1,1
10317,piscivorous,1,1
10318,pistil,1,1
10319,pistils,1,1
10320,pith,1,1
10321,placement,1,1
10322,plaintain,1,1
10323,planarity,1,1
10324,plankticorous,1,1
10325,planktons,1,1
10326,plantain,1,1
10327,plastid,1,1
10328,plateaus,1,1
10329,platelet,1,1
10330,platforms,1,1
10331,playback,1,1
10332,played,1,1
10333,pleasing,1,1
10334,plentiful,1,1
10335,plk,1,1
10336,pma,1,1
10337,pmf,1,1
10338,pmosfet,1,1
10339,pnm,1,1
10340,pnp,1,1
10341,po4,1,1
10342,pob,1,1
10343,poc,1,1
10344,pod,1,1
10345,pof,1,1
10346,poh,1,1
10347,pointy,1,1
10348,poisonous,1,1
10349,polarizability,1,1
10350,polarize,1,1
10351,polled,1,1
10352,pollinates,1,1
10353,pollination,1,1
10354,polyhedra,1,1
10355,polylines,1,1
10356,polyominos,1,1
10357,polyp,1,1
10358,polypeptides,1,1
10359,ponds,1,1
10360,popularity,1,1
10361,populated,1,1
10362,pore,1,1
10363,pos,1,1
10364,pose,1,1
10365,posed,1,1
10366,poses,1,1
10367,postal,1,1
10368,potency,1,1
10369,pours,1,1
10370,poverty,1,1
10371,pqc,1,1
10372,pqcb,1,1
10373,pqj,1,1
10374,pqm,1,1
10375,pqrstu,1,1
10376,pqu,1,1
10377,prab,1,1
10378,practical,1,1
10379,practiced,1,1
10380,practices,1,1
10381,prairie,1,1
10382,praised,1,1
10383,praying,1,1
10384,prc,1,1
10385,precious,1,1
10386,prediction,1,1
10387,predictions,1,1
10388,predominant,1,1
10389,prefabricated,1,1
10390,prefactors,1,1
10391,prefecture,1,1
10392,preferential,1,1
10393,preimeter,1,1
10394,prepare,1,1
10395,pres1,1,1
10396,presenting,1,1
10397,preserve,1,1
10398,preserves,1,1
10399,press,1,1
10400,pressurize,1,1
10401,prevalence,1,1
10402,preventive,1,1
10403,preyed,1,1
10404,primarily,1,1
10405,primers,1,1
10406,primes,1,1
10407,principles,1,1
10408,priti,1,1
10409,pro,1,1
10410,probable,1,1
10411,proboscis,1,1
10412,procee,1,1
10413,proceeded,1,1
10414,proceeding,1,1
10415,professional,1,1
10416,professionals,1,1
10417,professor,1,1
10418,profitable,1,1
10419,profusely,1,1
10420,programmed,1,1
10421,progress,1,1
10422,projectiles,1,1
10423,prokaryotic,1,1
10424,prokelisia,1,1
10425,prolong,1,1
10426,prom,1,1
10427,promptly,1,1
10428,prompts,1,1
10429,promulgated,1,1
10430,propelling,1,1
10431,properly,1,1
10432,prophase,1,1
10433,propionic,1,1
10434,proposes,1,1
10435,propulsion,1,1
10436,prospects,1,1
10437,prosperous,1,1
10438,protease,1,1
10439,protect,1,1
10440,protecting,1,1
10441,protects,1,1
10442,proteomic,1,1
10443,proteomics,1,1
10444,protocooperation,1,1
10445,protoplast,1,1
10446,protoplasts,1,1
10447,protostar,1,1
10448,protruding,1,1
10449,protrusions,1,1
10450,prq,1,1
10451,prs,1,1
10452,prsv,1,1
10453,pseudo,1,1
10454,pst,1,1
10455,pulsating,1,1
10456,punkte,1,1
10457,pupils,1,1
10458,purchased,1,1
10459,purification,1,1
10460,pursuing,1,1
10461,pursuit,1,1
10462,putting,1,1
10463,pxv,1,1
10464,pyeongchang,1,1
10465,pyramids,1,1
10466,pythagoras,1,1
10467,qaidam,1,1
10468,qca,1,1
10469,qigong,1,1
10470,qinling,1,1
10471,qjk,1,1
10472,qlm,1,1
10473,qpc,1,1
10474,qpm,1,1
10475,qrt,1,1
10476,qst,1,1
10477,qtp,1,1
10478,quadrangle,1,1
10479,quadrates,1,1
10480,quadruplets,1,1
10481,qualification,1,1
10482,qualifiers,1,1
10483,qualitatively,1,1
10484,quarries,1,1
10485,quasielectrons,1,1
10486,quasihole,1,1
10487,quasisquare,1,1
10488,quasistatically,1,1
10489,quest,1,1
10490,quick,1,1
10491,quintisection,1,1
10492,quota,1,1
10493,raccoons,1,1
10494,racecar,1,1
10495,racemes,1,1
10496,rachis,1,1
10497,rack,1,1
10498,radiate,1,1
10499,radiating,1,1
10500,radiative,1,1
10501,radix,1,1
10502,rafting,1,1
10503,ragged,1,1
10504,rainforest,1,1
10505,rains,1,1
10506,rainstorms,1,1
10507,raisins,1,1
10508,ramps,1,1
10509,ran,1,1
10510,ranching,1,1
10511,ranged,1,1
10512,raphael,1,1
10513,rationality,1,1
10514,rats,1,1
10515,ravioli,1,1
10516,razor,1,1
10517,rbc,1,1
10518,rcp,1,1
10519,rcq,1,1
10520,reader,1,1
10521,readily,1,1
10522,reagents,1,1
10523,realizing,1,1
10524,rearranged,1,1
10525,rearranging,1,1
10526,reassemble,1,1
10527,reassembled,1,1
10528,rebates,1,1
10529,rebecca,1,1
10530,recall,1,1
10531,recapture,1,1
10532,recession,1,1
10533,rechts,1,1
10534,recipients,1,1
10535,recognizable,1,1
10536,recognizing,1,1
10537,recommends,1,1
10538,reconstructed,1,1
10539,recorder,1,1
10540,recover,1,1
10541,recovered,1,1
10542,recreation,1,1
10543,recreational,1,1
10544,rectification,1,1
10545,rectifiers,1,1
10546,recurring,1,1
10547,recursively,1,1
10548,redesigned,1,1
10549,redrawn,1,1
10550,redundant,1,1
10551,reef,1,1
10552,reefs,1,1
10553,referable,1,1
10554,referenced,1,1
10555,refineries,1,1
10556,refinery,1,1
10557,refueling,1,1
10558,refuge,1,1
10559,regard,1,1
10560,regards,1,1
10561,regraded,1,1
10562,regulating,1,1
10563,reinforce,1,1
10564,reinforced,1,1
10565,relatedness,1,1
10566,relationships,1,1
10567,reliable,1,1
10568,religious,1,1
10569,relocate,1,1
10570,relocating,1,1
10571,repeatedly,1,1
10572,repetition,1,1
10573,repetitions,1,1
10574,replaces,1,1
10575,replenish,1,1
10576,replicative,1,1
10577,reports,1,1
10578,repositioned,1,1
10579,representative,1,1
10580,republican,1,1
10581,requirement,1,1
10582,reserved,1,1
10583,resettlement,1,1
10584,reshape,1,1
10585,reshaped,1,1
10586,residence,1,1
10587,resisting,1,1
10588,resonant,1,1
10589,responded,1,1
10590,respondents,1,1
10591,responding,1,1
10592,responses,1,1
10593,responsivity,1,1
10594,restaurants,1,1
10595,restores,1,1
10596,restrict,1,1
10597,restricted,1,1
10598,restrictions,1,1
10599,restricts,1,1
10600,resume,1,1
10601,retains,1,1
10602,rethrow,1,1
10603,retirement,1,1
10604,retraction,1,1
10605,retreating,1,1
10606,retrieved,1,1
10607,retrovirus,1,1
10608,reubber,1,1
10609,revealed,1,1
10610,revealing,1,1
10611,review,1,1
10612,rhizome,1,1
10613,rhythms,1,1
10614,ribbed,1,1
10615,richer,1,1
10616,rid,1,1
10617,ridges,1,1
10618,riding,1,1
10619,rigidly,1,1
10620,rigorous,1,1
10621,rigorously,1,1
10622,ripe,1,1
10623,ripens,1,1
10624,ritzolierre,1,1
10625,riverbeds,1,1
10626,rnase,1,1
10627,roadbed,1,1
10628,roadmap,1,1
10629,roam,1,1
10630,robes,1,1
10631,robin,1,1
10632,rojas,1,1
10633,rollers,1,1
10634,rooftop,1,1
10635,rory,1,1
10636,ros,1,1
10637,rosemary,1,1
10638,rotations,1,1
10639,roughness,1,1
10640,rounding,1,1
10641,routh,1,1
10642,routines,1,1
10643,rps,1,1
10644,rqb,1,1
10645,rscf,1,1
10646,rts,1,1
10647,rtv,1,1
10648,rubbed,1,1
10649,rug,1,1
10650,runaway,1,1
10651,ruolin,1,1
10652,ruptured,1,1
10653,rushed,1,1
10654,rushes,1,1
10655,rust,1,1
10656,rut,1,1
10657,rxn,1,1
10658,ryb,1,1
10659,ryx,1,1
10660,rzt,1,1
10661,sab,1,1
10662,saccharin,1,1
10663,sacs,1,1
10664,safeguarding,1,1
10665,saibei,1,1
10666,saint,1,1
10667,salaam,1,1
10668,saliva,1,1
10669,saminadayar,1,1
10670,san,1,1
10671,sandpit,1,1
10672,sandstone,1,1
10673,sanmao,1,1
10674,sanmenxia,1,1
10675,sanqing,1,1
10676,sapling,1,1
10677,sascha,1,1
10678,satisfactory,1,1
10679,saved,1,1
10680,saves,1,1
10681,sawn,1,1
10682,sawyer,1,1
10683,sb1,1,1
10684,sbc,1,1
10685,scalene,1,1
10686,scaling,1,1
10687,scaly,1,1
10688,scavengers,1,1
10689,scenarios,1,1
10690,schedule,1,1
10691,scheduled,1,1
10692,schema,1,1
10693,schmidt,1,1
10694,scoring,1,1
10695,scorpion,1,1
10696,scotland,1,1
10697,scrape,1,1
10698,scratches,1,1
10699,screws,1,1
10700,sculls,1,1
10701,scyphozoa,1,1
10702,seafloor,1,1
10703,seamless,1,1
10704,seaside,1,1
10705,seating,1,1
10706,secretary,1,1
10707,secrete,1,1
10708,secures,1,1
10709,securing,1,1
10710,seedless,1,1
10711,seem,1,1
10712,seems,1,1
10713,selecting,1,1
10714,selective,1,1
10715,sell,1,1
10716,sells,1,1
10717,semen,1,1
10718,semiaxes,1,1
10719,send,1,1
10720,senior,1,1
10721,seoul,1,1
10722,sepals,1,1
10723,separating,1,1
10724,served,1,1
10725,servo,1,1
10726,settings,1,1
10727,settled,1,1
10728,severity,1,1
10729,shadings,1,1
10730,shake,1,1
10731,sheepskin,1,1
10732,sheng,1,1
10733,shenzhen,1,1
10734,shield,1,1
10735,shifts,1,1
10736,shimbun,1,1
10737,shocked,1,1
10738,shoes,1,1
10739,shoot,1,1
10740,shops,1,1
10741,shores,1,1
10742,shortages,1,1
10743,shortcomings,1,1
10744,shorten,1,1
10745,shortening,1,1
10746,shortens,1,1
10747,showcased,1,1
10748,shrevei,1,1
10749,shrews,1,1
10750,shrimps,1,1
10751,shrinkage,1,1
10752,shrinks,1,1
10753,shrouded,1,1
10754,shrub,1,1
10755,shrubs,1,1
10756,shu,1,1
10757,shutting,1,1
10758,shuttle,1,1
10759,sid,1,1
10760,siderophore,1,1
10761,sidewalk,1,1
10762,sideways,1,1
10763,signaling,1,1
10764,signposts,1,1
10765,signs,1,1
10766,similarities,1,1
10767,simulate,1,1
10768,simulated,1,1
10769,simulating,1,1
10770,sinc,1,1
10771,sinensis,1,1
10772,singapore,1,1
10773,singly,1,1
10774,sino,1,1
10775,sinusoidally,1,1
10776,sittwe,1,1
10777,skateboarder,1,1
10778,skated,1,1
10779,skidding,1,1
10780,skilled,1,1
10781,skunks,1,1
10782,skydiver,1,1
10783,skydiving,1,1
10784,sledding,1,1
10785,slender,1,1
10786,slice,1,1
10787,sliced,1,1
10788,slim,1,1
10789,slingshot,1,1
10790,slogans,1,1
10791,slots,1,1
10792,slowest,1,1
10793,slowing,1,1
10794,sludge,1,1
10795,sma,1,1
10796,smallmouth,1,1
10797,smartphone,1,1
10798,smartphones,1,1
10799,smell,1,1
10800,smith,1,1
10801,smoke,1,1
10802,smudge,1,1
10803,snapped,1,1
10804,snapshot,1,1
10805,sneaker,1,1
10806,snooker,1,1
10807,snowboarding,1,1
10808,snowfall,1,1
10809,snugly,1,1
10810,soaked,1,1
10811,sofas,1,1
10812,soften,1,1
10813,softer,1,1
10814,soils,1,1
10815,soldier,1,1
10816,soles,1,1
10817,solvable,1,1
10818,somatostatin,1,1
10819,soot,1,1
10820,sorts,1,1
10821,southernmost,1,1
10822,sow,1,1
10823,spacewalk,1,1
10824,spades,1,1
10825,spans,1,1
10826,spartina,1,1
10827,spatially,1,1
10828,spatula,1,1
10829,specifically,1,1
10830,specified,1,1
10831,specify,1,1
10832,spectacle,1,1
10833,spectrograph,1,1
10834,spectrophotometrically,1,1
10835,speculated,1,1
10836,speculation,1,1
10837,speedometer,1,1
10838,spell,1,1
10839,spider,1,1
10840,spiders,1,1
10841,spindle,1,1
10842,spirally,1,1
10843,spirit,1,1
10844,spoke,1,1
10845,sponsored,1,1
10846,sporophylls,1,1
10847,sporozoites,1,1
10848,spouses,1,1
10849,spq,1,1
10850,sprays,1,1
10851,spreading,1,1
10852,springboard,1,1
10853,sprint,1,1
10854,sprinting,1,1
10855,sprouting,1,1
10856,spt,1,1
10857,spurious,1,1
10858,spurred,1,1
10859,sq1,1,1
10860,sq2,1,1
10861,sqrt,1,1
10862,squats,1,1
10863,stacking,1,1
10864,stadium,1,1
10865,staff,1,1
10866,staggered,1,1
10867,stair,1,1
10868,stakes,1,1
10869,stalactites,1,1
10870,stalagmite,1,1
10871,stalls,1,1
10872,stamen,1,1
10873,stamens,1,1
10874,stan,1,1
10875,standoff,1,1
10876,starlike,1,1
10877,starvation,1,1
10878,statistically,1,1
10879,steadily,1,1
10880,steelheads,1,1
10881,steep,1,1
10882,steepest,1,1
10883,stefan,1,1
10884,stephen,1,1
10885,stepless,1,1
10886,stepping,1,1
10887,sterilizing,1,1
10888,sticker,1,1
10889,sticky,1,1
10890,stigma,1,1
10891,stimulate,1,1
10892,stimulates,1,1
10893,stipulate,1,1
10894,stipulated,1,1
10895,stoneflies,1,1
10896,stories,1,1
10897,storing,1,1
10898,stp,1,1
10899,straddles,1,1
10900,straighten,1,1
10901,strands,1,1
10902,straw,1,1
10903,strawberry,1,1
10904,strecke,1,1
10905,stress,1,1
10906,stretching,1,1
10907,strongly,1,1
10908,strung,1,1
10909,stuff,1,1
10910,stumbles,1,1
10911,sturdy,1,1
10912,suan,1,1
10913,subayang,1,1
10914,subdivided,1,1
10915,subei,1,1
10916,substation,1,1
10917,substrates,1,1
10918,subtends,1,1
10919,subunits,1,1
10920,suburbanization,1,1
10921,subways,1,1
10922,succeed,1,1
10923,success,1,1
10924,suck,1,1
10925,sue,1,1
10926,suffers,1,1
10927,suggestion,1,1
10928,suggests,1,1
10929,suitably,1,1
10930,sulfurous,1,1
10931,summarizing,1,1
10932,sunan,1,1
10933,sunfish,1,1
10934,sunrises,1,1
10935,sunsets,1,1
10936,sunspots,1,1
10937,supercapacitor,1,1
10938,supercapacitors,1,1
10939,supplemented,1,1
10940,supposing,1,1
10941,surf,1,1
10942,surge,1,1
10943,surprised,1,1
10944,surprisingly,1,1
10945,surveys,1,1
10946,survivorship,1,1
10947,susan,1,1
10948,susceptances,1,1
10949,susceptibility,1,1
10950,susceptible,1,1
10951,suspects,1,1
10952,sustain,1,1
10953,sustainably,1,1
10954,sutong,1,1
10955,suzanna,1,1
10956,suzhou,1,1
10957,svalbard,1,1
10958,swamps,1,1
10959,swapping,1,1
10960,sweating,1,1
10961,sweden,1,1
10962,sweetener,1,1
10963,swept,1,1
10964,symbiont,1,1
10965,symbiosis,1,1
10966,symbolizing,1,1
10967,synapses,1,1
10968,synced,1,1
10969,syngeneic,1,1
10970,synthesized,1,1
10971,synthesizing,1,1
10972,syria,1,1
10973,tacho,1,1
10974,tactic,1,1
10975,tadpoles,1,1
10976,tagging,1,1
10977,tailfin,1,1
10978,tailgate,1,1
10979,tails,1,1
10980,tailwind,1,1
10981,taiwanese,1,1
10982,takada,1,1
10983,taklamakan,1,1
10984,tamara,1,1
10985,tandem,1,1
10986,tangshan,1,1
10987,tanker,1,1
10988,taoist,1,1
10989,taped,1,1
10990,taping,1,1
10991,taranto,1,1
10992,tarzan,1,1
10993,tasks,1,1
10994,tasmania,1,1
10995,tastebuds,1,1
10996,taxis,1,1
10997,tbp,1,1
10998,tear,1,1
10999,tears,1,1
11000,technicians,1,1
11001,technique,1,1
11002,technologies,1,1
11003,ted,1,1
11004,tedio,1,1
11005,telecommunications,1,1
11006,telemetry,1,1
11007,tell,1,1
11008,telling,1,1
11009,tells,1,1
11010,tellurium,1,1
11011,temporal,1,1
11012,tend,1,1
11013,tended,1,1
11014,tendency,1,1
11015,tends,1,1
11016,tens,1,1
11017,tense,1,1
11018,terminates,1,1
11019,terrace,1,1
11020,terraced,1,1
11021,terrasse,1,1
11022,tess,1,1
11023,tessellation,1,1
11024,tethered,1,1
11025,tetrabromide,1,1
11026,tetrachloride,1,1
11027,tetrahedra,1,1
11028,tetraploid,1,1
11029,textbooks,1,1
11030,thalassemia,1,1
11031,thaw,1,1
11032,theoretical,1,1
11033,thermodynamics,1,1
11034,thermometer,1,1
11035,thicken,1,1
11036,thigh,1,1
11037,things,1,1
11038,thinking,1,1
11039,thinner,1,1
11040,thinning,1,1
11041,thirteen,1,1
11042,thn,1,1
11043,thomson,1,1
11044,though,1,1
11045,thought,1,1
11046,thp,1,1
11047,threadlike,1,1
11048,threat,1,1
11049,threatened,1,1
11050,threatens,1,1
11051,thresholds,1,1
11052,threw,1,1
11053,thrilling,1,1
11054,throat,1,1
11055,thruster,1,1
11056,thunder,1,1
11057,thunderclouds,1,1
11058,thursday,1,1
11059,thyme,1,1
11060,thymine,1,1
11061,thyristorized,1,1
11062,tian,1,1
11063,tianshan,1,1
11064,ticker,1,1
11065,ticket,1,1
11066,tidal,1,1
11067,tidally,1,1
11068,tie,1,1
11069,ties,1,1
11070,tiger,1,1
11071,tigers,1,1
11072,tilting,1,1
11073,tim,1,1
11074,tim23,1,1
11075,timed,1,1
11076,timely,1,1
11077,timetable,1,1
11078,tired,1,1
11079,toads,1,1
11080,tobacco,1,1
11081,toggle,1,1
11082,token,1,1
11083,tokens,1,1
11084,tongling,1,1
11085,tongue,1,1
11086,toni,1,1
11087,tonicity,1,1
11088,toninho,1,1
11089,tony,1,1
11090,tools,1,1
11091,toothed,1,1
11092,toothfish,1,1
11093,topless,1,1
11094,topology,1,1
11095,toppled,1,1
11096,topples,1,1
11097,tops,1,1
11098,toroid,1,1
11099,toroidal,1,1
11100,torr,1,1
11101,torymus,1,1
11102,totem,1,1
11103,tough,1,1
11104,tours,1,1
11105,toxic,1,1
11106,toxins,1,1
11107,tpa,1,1
11108,traceable,1,1
11109,trachea,1,1
11110,tracing,1,1
11111,tracking,1,1
11112,tract,1,1
11113,tractor,1,1
11114,traded,1,1
11115,trading,1,1
11116,trail,1,1
11117,trailer,1,1
11118,trailing,1,1
11119,transaction,1,1
11120,transcribed,1,1
11121,transcriptase,1,1
11122,transferring,1,1
11123,transformations,1,1
11124,transforming,1,1
11125,transients,1,1
11126,transitional,1,1
11127,translational,1,1
11128,translocation,1,1
11129,transmitivity,1,1
11130,transmits,1,1
11131,transnational,1,1
11132,transporter,1,1
11133,transversals,1,1
11134,traverse,1,1
11135,traverses,1,1
11136,trenches,1,1
11137,tri,1,1
11138,triac,1,1
11139,trick,1,1
11140,triominoes,1,1
11141,triples,1,1
11142,tripped,1,1
11143,trisected,1,1
11144,triton,1,1
11145,tropics,1,1
11146,troposphere,1,1
11147,tropospheric,1,1
11148,truther,1,1
11149,trying,1,1
11150,tsp,1,1
11151,tsr,1,1
11152,tubule,1,1
11153,tuesday,1,1
11154,tulips,1,1
11155,tumors,1,1
11156,tuna,1,1
11157,tune,1,1
11158,tunneled,1,1
11159,turbid,1,1
11160,turbines,1,1
11161,turbulence,1,1
11162,turkey,1,1
11163,turntables,1,1
11164,turtles,1,1
11165,tvs,1,1
11166,twins,1,1
11167,twist,1,1
11168,twists,1,1
11169,twrv,1,1
11170,uacgaacauugg,1,1
11171,ubc,1,1
11172,ujt,1,1
11173,ultra,1,1
11174,ultraviolet,1,1
11175,umbel,1,1
11176,unary,1,1
11177,unattainable,1,1
11178,unbalanced,1,1
11179,unbelievable,1,1
11180,uncertain,1,1
11181,uncertainty,1,1
11182,unclear,1,1
11183,uncontrolled,1,1
11184,uncovered,1,1
11185,und,1,1
11186,underdeveloped,1,1
11187,understood,1,1
11188,undertake,1,1
11189,undertaken,1,1
11190,undertakes,1,1
11191,undulation,1,1
11192,unexpected,1,1
11193,unhighlighted,1,1
11194,unicellular,1,1
11195,unidirectional,1,1
11196,unified,1,1
11197,unijunction,1,1
11198,uninflated,1,1
11199,uninterrupted,1,1
11200,unipolar,1,1
11201,unisexual,1,1
11202,unknowns,1,1
11203,unlinked,1,1
11204,unloaded,1,1
11205,unnecessary,1,1
11206,unplanted,1,1
11207,unpredictable,1,1
11208,unreliable,1,1
11209,unsat,1,1
11210,unseen,1,1
11211,unsoldered,1,1
11212,updraught,1,1
11213,upgrade,1,1
11214,uplift,1,1
11215,ups,1,1
11216,urgent,1,1
11217,uru,1,1
11218,usable,1,1
11219,usain,1,1
11220,usefulness,1,1
11221,ut1,1,1
11222,utde,1,1
11223,utilizable,1,1
11224,uwxy,1,1
11225,vab,1,1
11226,vabc,1,1
11227,vac,1,1
11228,vacation,1,1
11229,vacuoles,1,1
11230,valentin,1,1
11231,valeriu,1,1
11232,variations,1,1
11233,vbing,1,1
11234,vcd,1,1
11235,vd2,1,1
11236,vdc,1,1
11237,vding,1,1
11238,vegetarian,1,1
11239,vena,1,1
11240,vendor,1,1
11241,venn,1,1
11242,venture,1,1
11243,venue,1,1
11244,verified,1,1
11245,verify,1,1
11246,verse,1,1
11247,vertebrates,1,1
11248,vessels,1,1
11249,vibrates,1,1
11250,vibrio,1,1
11251,viedma,1,1
11252,vii,1,1
11253,villa,1,1
11254,vinci,1,1
11255,violating,1,1
11256,vision,1,1
11257,visiting,1,1
11258,visitors,1,1
11259,visually,1,1
11260,vjia,1,1
11261,volumetric,1,1
11262,volunteer,1,1
11263,voracious,1,1
11264,vorne,1,1
11265,voted,1,1
11266,voter,1,1
11267,voting,1,1
11268,vru,1,1
11269,vswr,1,1
11270,vt3,1,1
11271,vulnerable,1,1
11272,vulture,1,1
11273,vut,1,1
11274,vwx,1,1
11275,vwy,1,1
11276,vxy,1,1
11277,vyi,1,1
11278,wafer,1,1
11279,wagons,1,1
11280,waived,1,1
11281,wand,1,1
11282,waning,1,1
11283,warms,1,1
11284,warn,1,1
11285,warned,1,1
11286,wasps,1,1
11287,waterbirds,1,1
11288,waterfront,1,1
11289,waters,1,1
11290,waterside,1,1
11291,waterworks,1,1
11292,wattmeter,1,1
11293,wavefront,1,1
11294,waveguide,1,1
11295,waxing,1,1
11296,weakens,1,1
11297,weakness,1,1
11298,wearing,1,1
11299,weaving,1,1
11300,webs,1,1
11301,wedding,1,1
11302,wednesday,1,1
11303,weeds,1,1
11304,weekday,1,1
11305,welcome,1,1
11306,welcoming,1,1
11307,welded,1,1
11308,wenchang,1,1
11309,wendy,1,1
11310,werner,1,1
11311,wetness,1,1
11312,wha,1,1
11313,whereas,1,1
11314,whereby,1,1
11315,whilst,1,1
11316,whip,1,1
11317,whiplike,1,1
11318,whitefly,1,1
11319,whitish,1,1
11320,win,1,1
11321,windless,1,1
11322,windows,1,1
11323,windowsill,1,1
11324,winglike,1,1
11325,wins,1,1
11326,wintering,1,1
11327,wiped,1,1
11328,wipes,1,1
11329,wireframe,1,1
11330,wireless,1,1
11331,wise,1,1
11332,wishes,1,1
11333,withered,1,1
11334,wizard,1,1
11335,wobble,1,1
11336,wolf,1,1
11337,wolverines,1,1
11338,wonder,1,1
11339,wonderland,1,1
11340,workboat,1,1
11341,workshops,1,1
11342,worldwide,1,1
11343,worsen,1,1
11344,worship,1,1
11345,woven,1,1
11346,wrist,1,1
11347,wristwatch,1,1
11348,writing,1,1
11349,wrongly,1,1
11350,wtz,1,1
11351,wuv,1,1
11352,wuzhou,1,1
11353,wxzy,1,1
11354,wyx,1,1
11355,x0y,1,1
11356,xbc,1,1
11357,xho,1,1
11358,xiamen,1,1
11359,xiang,1,1
11360,xiangjiang,1,1
11361,xiangshan,1,1
11362,xiangtan,1,1
11363,xiaocong,1,1
11364,xiaoman,1,1
11365,xiaomi,1,1
11366,xiaoqiang,1,1
11367,xiaowen,1,1
11368,xiaoxin,1,1
11369,xiaoying,1,1
11370,xiaozan,1,1
11371,xiaozhang,1,1
11372,xlabel,1,1
11373,xmax,1,1
11374,xmin,1,1
11375,xpy,1,1
11376,xqy,1,1
11377,xry,1,1
11378,xsy,1,1
11379,xtick,1,1
11380,xty,1,1
11381,xuelong,1,1
11382,xuetong,1,1
11383,xyw,1,1
11384,yancheng,1,1
11385,yangshan,1,1
11386,yao,1,1
11387,yarlung,1,1
11388,yenisei,1,1
11389,yett,1,1
11390,yielded,1,1
11391,yielding,1,1
11392,yields,1,1
11393,yingze,1,1
11394,ylabel,1,1
11395,ymajorgrids,1,1
11396,ymax,1,1
11397,ymin,1,1
11398,york,1,1
11399,youth,1,1
11400,ytick,1,1
11401,yulong,1,1
11402,yunan,1,1
11403,yunxia,1,1
11404,yuxin,1,1
11405,ywz,1,1
11406,zangbo,1,1
11407,zeit,1,1
11408,zeroes,1,1
11409,zhaozhou,1,1
11410,zheng,1,1
11411,zhongming,1,1
11412,zhuang,1,1
11413,zilda,1,1
11414,zmin,1,1
11415,znco,1,1
11416,zonality,1,1
11417,zooplanktons,1,1
11418,zxw,1,1
11419,zxy,1,1
